Time,Open,High,Low,Close,Volume
2020-12-08 01:00:00,30.67,30.67,30.3607,30.4224,1.27495
2020-12-08 00:00:00,30.6308,30.7271,30.6183,30.67,639.99780349
2020-12-07 23:00:00,30.5084,30.6308,30.5084,30.6308,74.92011338
2020-12-07 22:00:00,30.688,30.688,30.4414,30.5084,85.448518
2020-12-07 21:00:00,30.7854,30.9145,30.5774,30.688,438.324947
2020-12-07 20:00:00,30.8722,30.8722,30.6647,30.7854,78.507255
2020-12-07 19:00:00,30.5121,30.9546,30.3873,30.8722,305.04793059
2020-12-07 18:00:00,31.0465,31.0465,30.4377,30.5121,496.096015
2020-12-07 17:00:00,30.3958,31.0465,30.3957,31.0465,1335.565356
2020-12-07 16:00:00,30.6398,30.6398,30.3138,30.3958,838.919632
2020-12-07 15:00:00,30.6673,30.8954,30.5623,30.6398,1254.464203
2020-12-07 14:00:00,30.8,30.9009,30.6181,30.6673,1862.04411734
2020-12-07 13:00:00,32.271,32.6667,30.5345,30.8,21440.723254
2020-12-07 12:00:00,29.9596,33.0,29.817,32.271,39575.865951
2020-12-07 11:00:00,29.8521,29.9596,29.8521,29.9596,10.078017
2020-12-07 10:00:00,29.8467,29.8693,29.817,29.8521,135.51726825
2020-12-07 09:00:00,29.707,29.8467,29.707,29.8467,1.935763
2020-12-07 08:00:00,29.5847,29.707,29.5847,29.707,1.608073
2020-12-07 07:00:00,29.5049,29.5847,29.4263,29.5847,99.77561195
2020-12-07 06:00:00,29.4416,29.5049,29.4416,29.5049,34.27186
2020-12-07 05:00:00,29.5289,29.5289,29.4416,29.4416,1.630314
2020-12-07 04:00:00,29.5032,29.5322,29.5032,29.5289,248.810335
2020-12-07 03:00:00,28.5005,29.5032,28.5001,29.5032,3462.681608
2020-12-07 02:00:00,29.3497,29.5441,28.5001,28.5005,7399.425155
2020-12-07 01:00:00,29.4425,29.5047,29.3497,29.3497,188.2983
2020-12-07 00:00:00,29.4425,29.4425,29.4425,29.4425,0.0
2020-12-06 23:00:00,29.646,29.6748,29.4425,29.4425,1207.190924
2020-12-06 22:00:00,29.6345,29.6803,29.2699,29.646,1858.56336134
2020-12-06 21:00:00,29.3265,29.6364,29.2601,29.6345,2806.104158
2020-12-06 20:00:00,29.3017,29.4515,29.2481,29.3265,600.53995585
2020-12-06 19:00:00,29.2866,29.3607,29.2101,29.3017,959.4265
2020-12-06 18:00:00,29.25,29.2993,29.1486,29.2866,2588.579795
2020-12-06 17:00:00,29.1,29.25,29.1,29.25,772.382873
2020-12-06 16:00:00,29.0687,29.1,28.994,29.1,1288.034061
2020-12-06 15:00:00,29.0,29.1,28.6308,29.0687,5518.524
2020-12-06 14:00:00,29.0,29.2322,28.356,29.0,19367.13007
2020-12-06 13:00:00,29.2044,29.2044,28.8001,29.0,18010.94665721
2020-12-06 12:00:00,29.361,29.3796,28.8142,29.2044,17604.583591
2020-12-06 11:00:00,29.5413,29.6066,29.1048,29.361,29736.186971
2020-12-06 10:00:00,29.53,29.5761,29.3845,29.5413,7155.147213
2020-12-06 09:00:00,29.514,29.6285,29.514,29.53,457.257943
2020-12-06 08:00:00,29.586,29.586,29.45,29.514,1617.42466291
2020-12-06 07:00:00,29.648,29.648,29.586,29.586,180.0
2020-12-06 06:00:00,29.5253,29.648,29.5253,29.648,400.0
2020-12-06 05:00:00,29.6731,29.6731,29.5253,29.5253,685.30164
2020-12-06 04:00:00,29.7864,29.7864,29.485,29.6731,1077.766389
2020-12-06 03:00:00,29.875,29.8888,29.7506,29.7864,54.583529
2020-12-06 02:00:00,29.875,29.875,29.875,29.875,0.0
2020-12-06 01:00:00,29.8981,29.8981,29.875,29.875,1.281367
2020-12-06 00:00:00,29.9529,29.9529,29.8981,29.8981,0.133454
2020-12-05 23:00:00,29.8174,29.9529,29.8174,29.9529,34.264721
2020-12-05 22:00:00,29.9095,29.9095,29.799,29.8174,1500.0
2020-12-05 21:00:00,29.9479,29.9479,29.8655,29.9095,7.285224
2020-12-05 20:00:00,30.0619,30.0619,29.9315,29.9479,49.095276
2020-12-05 19:00:00,29.7772,30.1161,29.7772,30.0619,1571.793489
2020-12-05 18:00:00,29.6849,29.7772,29.6849,29.7772,164.58877
2020-12-05 17:00:00,29.832,29.832,29.6849,29.6849,25.35748344
2020-12-05 16:00:00,29.7934,29.8974,29.7934,29.832,11.501674
2020-12-05 15:00:00,29.9292,29.9292,29.7805,29.7934,212.542566
2020-12-05 14:00:00,29.9702,29.9839,29.8007,29.9292,1246.00156244
2020-12-05 13:00:00,30.0866,30.0866,29.8346,29.9702,563.904045
2020-12-05 12:00:00,30.1431,30.1432,30.0662,30.0866,36.79044
2020-12-05 11:00:00,29.8684,30.1431,29.8684,30.1431,80.580234
2020-12-05 10:00:00,29.814,29.8684,29.814,29.8684,236.358158
2020-12-05 09:00:00,29.78,29.814,29.78,29.814,40.17
2020-12-05 08:00:00,29.9306,29.9306,29.7763,29.78,352.990735
2020-12-05 07:00:00,29.5568,29.9306,29.5568,29.9306,340.219132
2020-12-05 06:00:00,29.7003,29.7003,29.5381,29.5568,1.471463
2020-12-05 05:00:00,29.7003,29.7003,29.7003,29.7003,0.0
2020-12-05 04:00:00,29.7003,29.7003,29.7003,29.7003,0.0
2020-12-05 03:00:00,29.7003,29.7003,29.7003,29.7003,0.0
2020-12-05 02:00:00,29.6038,29.7003,29.6038,29.7003,136.08341883
2020-12-05 01:00:00,29.4775,29.6038,29.4711,29.6038,37.13497
2020-12-05 00:00:00,29.4667,29.4775,29.4667,29.4775,4.962379
2020-12-04 23:00:00,29.4,29.4667,29.3937,29.4667,111.91362556
2020-12-04 22:00:00,29.3465,29.4,29.3191,29.4,160.716179
2020-12-04 21:00:00,29.2837,29.3465,29.2615,29.3465,549.713405
2020-12-04 20:00:00,29.2348,29.2837,29.0146,29.2837,2257.677989
2020-12-04 19:00:00,29.0752,29.2348,29.071,29.2348,444.247255
2020-12-04 18:00:00,29.018,29.2378,29.018,29.0752,1127.240626
2020-12-04 17:00:00,29.037,29.0885,28.9711,29.018,3141.455453
2020-12-04 16:00:00,29.3242,29.3582,29.037,29.037,499.72402546
2020-12-04 15:00:00,29.5341,29.5341,29.2727,29.3242,938.220835
2020-12-04 14:00:00,29.6441,29.6441,29.5204,29.5341,918.232533
2020-12-04 13:00:00,29.61,29.6441,29.6004,29.6441,36.067952
2020-12-04 12:00:00,29.6128,29.6928,29.61,29.61,968.39099
2020-12-04 11:00:00,29.8707,29.8707,29.5,29.6128,908.320473
2020-12-04 10:00:00,30.0633,30.0685,29.8327,29.8707,336.338448
2020-12-04 09:00:00,30.0595,30.0856,30.0595,30.0633,7.346037
2020-12-04 08:00:00,30.2403,30.2403,29.9478,30.0595,717.098247
2020-12-04 07:00:00,30.2403,30.2403,30.2403,30.2403,0.0
2020-12-04 06:00:00,30.4959,30.4959,30.2403,30.2403,0.148904
2020-12-04 05:00:00,30.4959,30.4959,30.4959,30.4959,0.0
2020-12-04 04:00:00,30.4725,30.4959,30.457,30.4959,87.479886
2020-12-04 03:00:00,30.3433,30.4725,30.3433,30.4725,1236.458505
2020-12-04 02:00:00,30.405,30.405,30.3433,30.3433,164.700322
2020-12-04 01:00:00,30.4202,30.4202,30.3687,30.405,196.715788
2020-12-04 00:00:00,30.3791,30.427,30.3741,30.4202,40.799839
2020-12-03 23:00:00,30.3325,30.3791,30.2771,30.3791,86.487017
2020-12-03 22:00:00,30.312,30.3786,30.312,30.3325,344.68555438
2020-12-03 21:00:00,30.4482,30.4679,30.312,30.312,330.79053198
2020-12-03 20:00:00,30.5466,30.5466,30.3705,30.4482,1102.49114307
2020-12-03 19:00:00,30.381,30.5466,30.381,30.5466,281.666269
2020-12-03 18:00:00,30.3169,30.5011,30.3169,30.381,195.99679301
2020-12-03 17:00:00,30.3935,30.5039,30.3143,30.3169,33.50307774
2020-12-03 16:00:00,30.4058,30.4864,30.3774,30.3935,1161.71616317
2020-12-03 15:00:00,30.5087,30.5087,30.3774,30.4058,1741.406428
2020-12-03 14:00:00,30.618,30.618,30.492,30.5087,243.368501
2020-12-03 13:00:00,30.654,30.6981,30.5407,30.618,517.94724
2020-12-03 12:00:00,30.61,30.6683,30.5692,30.654,240.134899
2020-12-03 11:00:00,30.7351,30.7937,30.52,30.61,250.624039
2020-12-03 10:00:00,30.6415,30.7535,30.6415,30.7351,841.456053
2020-12-03 09:00:00,30.596,30.6552,30.5553,30.6415,9.102597
2020-12-03 08:00:00,30.5428,30.6861,30.5428,30.596,76.426237
2020-12-03 07:00:00,30.5404,30.7741,30.4628,30.5428,347.955997
2020-12-03 06:00:00,30.5564,30.6,30.5404,30.5404,18.047528
2020-12-03 05:00:00,30.6265,30.6265,30.5187,30.5564,437.10368
2020-12-03 04:00:00,30.657,30.6571,30.6265,30.6265,11.769287
2020-12-03 03:00:00,30.7567,30.7567,30.6407,30.657,9.907046
2020-12-03 02:00:00,30.5631,30.7567,30.5631,30.7567,128.26282693
2020-12-03 01:00:00,30.6073,30.6589,30.5532,30.5631,452.266085
2020-12-03 00:00:00,30.7333,30.827,30.5826,30.6073,565.783566
2020-12-02 23:00:00,30.8695,30.8695,30.6416,30.7333,729.95079
2020-12-02 22:00:00,30.6392,30.8695,30.6392,30.8695,584.683436
2020-12-02 21:00:00,30.5504,30.6553,30.5504,30.6392,594.267593
2020-12-02 20:00:00,30.7031,30.8082,30.5457,30.5504,1144.903875
2020-12-02 19:00:00,30.6059,30.8122,30.5861,30.7031,594.542615
2020-12-02 18:00:00,30.5538,30.726,30.5538,30.6059,341.989013
2020-12-02 17:00:00,30.4183,30.765,30.4183,30.5538,720.097699
2020-12-02 16:00:00,30.398,30.4252,30.3287,30.4183,1403.990151
2020-12-02 15:00:00,30.3757,30.429,30.3577,30.398,2311.696765
2020-12-02 14:00:00,30.3972,30.443,30.3244,30.3757,781.480574
2020-12-02 13:00:00,30.3571,30.5734,30.3571,30.3972,1170.331341
2020-12-02 12:00:00,30.3,30.4568,30.293,30.3571,1713.123659
2020-12-02 11:00:00,30.4199,30.4434,30.3,30.3,706.165451
2020-12-02 10:00:00,30.4,30.5009,30.3,30.4199,5367.813736
2020-12-02 09:00:00,30.5049,30.5845,30.3734,30.4,894.891417
2020-12-02 08:00:00,30.4044,30.64,30.3428,30.5049,3560.573344
2020-12-02 07:00:00,30.5811,30.5811,30.295,30.4044,1784.99523
2020-12-02 06:00:00,30.4683,30.6277,30.4683,30.5811,532.761663
2020-12-02 05:00:00,30.5901,30.5901,30.4683,30.4683,90.187382
2020-12-02 04:00:00,30.7867,30.7867,30.5901,30.5901,163.688072
2020-12-02 03:00:00,30.8912,30.8912,30.7867,30.7867,9.265557
2020-12-02 02:00:00,31.0631,31.0631,30.8912,30.8912,24.229445
2020-12-02 01:00:00,30.91,31.1834,30.91,31.0631,160.885846
2020-12-02 00:00:00,30.9455,30.9455,30.91,30.91,93.517707
2020-12-01 23:00:00,31.0579,31.2991,30.6999,30.9455,137.277083
2020-12-01 22:00:00,30.1938,31.0579,30.1938,31.0579,675.203799
2020-12-01 21:00:00,30.4396,30.4396,30.1938,30.1938,96.03912824
2020-12-01 20:00:00,30.383,30.5303,30.383,30.4396,263.58994757
2020-12-01 19:00:00,30.2791,30.4063,30.1351,30.383,495.400979
2020-12-01 18:00:00,30.2791,30.5826,30.2791,30.2791,316.756038
2020-12-01 17:00:00,30.3066,30.3223,30.2791,30.2791,183.184633
2020-12-01 16:00:00,30.244,30.3066,30.244,30.3066,4.090861
2020-12-01 15:00:00,30.2567,30.3248,30.1,30.244,122.117164
2020-12-01 14:00:00,30.2841,30.2841,30.2567,30.2567,165.190949
2020-12-01 13:00:00,30.4661,30.4942,30.1153,30.2841,519.010575
2020-12-01 12:00:00,30.2809,30.5367,29.986,30.4661,2128.026461
2020-12-01 11:00:00,30.5525,30.6989,30.1639,30.2809,522.546724
2020-12-01 10:00:00,30.4656,30.6425,30.4656,30.5525,518.898178
2020-12-01 09:00:00,30.5747,30.5747,30.3278,30.4656,1523.791098
2020-12-01 08:00:00,30.0613,30.5747,29.8979,30.5747,226.477373
2020-12-01 07:00:00,30.6721,30.6721,29.9789,30.0613,4928.596024
2020-12-01 06:00:00,31.0945,31.1685,30.4401,30.6721,3109.626388
2020-12-01 05:00:00,31.1769,31.25,30.95,31.0945,77.082149
2020-12-01 04:00:00,31.26,31.26,31.1769,31.1769,5.750331
2020-12-01 03:00:00,31.5447,31.9001,31.26,31.26,991.553426
2020-12-01 02:00:00,30.657,31.5447,30.6062,31.5447,1965.928249
2020-12-01 01:00:00,30.5,30.6901,30.5,30.657,914.988457
2020-12-01 00:00:00,30.5,30.5,30.4019,30.5,2197.044838
2020-11-30 23:00:00,30.4532,30.5,30.425,30.5,827.048197
2020-11-30 22:00:00,30.6443,30.7839,30.4532,30.4532,98.340048
2020-11-30 21:00:00,30.5529,30.6586,30.5529,30.6443,755.42274387
2020-11-30 20:00:00,30.349,30.59,30.349,30.5529,633.033424
2020-11-30 19:00:00,30.4042,30.5485,30.349,30.349,223.095491
2020-11-30 18:00:00,30.5105,30.5255,30.4042,30.4042,22.441694
2020-11-30 17:00:00,30.2728,30.513,30.2728,30.5105,1085.705582
2020-11-30 16:00:00,30.3142,30.3142,30.2728,30.2728,163.340735
2020-11-30 15:00:00,30.2345,30.3607,30.1139,30.3142,1691.632452
2020-11-30 14:00:00,30.3176,30.3423,30.1811,30.2345,281.514534
2020-11-30 13:00:00,30.2786,30.3176,30.2786,30.3176,16.028757
2020-11-30 12:00:00,30.5315,30.5315,30.2,30.2786,822.021603
2020-11-30 11:00:00,30.3585,30.7286,30.3196,30.5315,5170.321721
2020-11-30 10:00:00,30.679,30.864,30.3585,30.3585,205.693239
2020-11-30 09:00:00,30.5071,30.8222,30.4684,30.679,707.987712
2020-11-30 08:00:00,30.5311,30.5498,30.432,30.5071,176.075098
2020-11-30 07:00:00,30.6218,30.6218,30.5311,30.5311,27.820822
2020-11-30 06:00:00,30.3654,30.6218,30.3654,30.6218,158.582187
2020-11-30 05:00:00,30.2006,30.4124,30.2006,30.3654,345.592839
2020-11-30 04:00:00,30.3,30.3,30.2006,30.2006,792.6
2020-11-30 03:00:00,30.4521,30.4521,30.3,30.3,6.175304
2020-11-30 02:00:00,30.3108,30.4521,30.3108,30.4521,2.940417
2020-11-30 01:00:00,30.2965,30.4351,30.2965,30.3108,308.204455
2020-11-30 00:00:00,30.5788,30.596,30.2965,30.2965,17.428749
2020-11-29 23:00:00,30.4576,30.7764,30.4576,30.5788,203.834342
2020-11-29 22:00:00,30.4689,30.4716,30.2844,30.4576,39.921556
2020-11-29 21:00:00,30.5105,30.5105,30.3006,30.4689,929.619961
2020-11-29 20:00:00,30.2147,30.5105,30.145,30.5105,218.369217
2020-11-29 19:00:00,29.9749,30.2147,29.9749,30.2147,196.40400235
2020-11-29 18:00:00,29.9795,30.0795,29.9703,29.9749,154.106753
2020-11-29 17:00:00,30.0646,30.0646,29.9202,29.9795,431.657299
2020-11-29 16:00:00,30.1915,30.2002,30.0,30.0646,463.15794
2020-11-29 15:00:00,30.0841,30.2043,30.0018,30.1915,43.013387
2020-11-29 14:00:00,30.1224,30.1601,30.0306,30.0841,385.513927
2020-11-29 13:00:00,30.1357,30.1411,30.0911,30.1224,284.097949
2020-11-29 12:00:00,30.1816,30.2344,30.0261,30.1357,189.738492
2020-11-29 11:00:00,29.8634,30.1816,29.8,30.1816,1673.281614
2020-11-29 10:00:00,29.8703,29.9572,29.8634,29.8634,152.769983
2020-11-29 09:00:00,30.1264,30.1264,29.8703,29.8703,304.577973
2020-11-29 08:00:00,30.1264,30.1264,30.1264,30.1264,0.0
2020-11-29 07:00:00,30.0889,30.1264,30.0889,30.1264,162.680705
2020-11-29 06:00:00,30.1,30.1,30.0889,30.0889,0.8
2020-11-29 05:00:00,29.938,30.1002,29.938,30.1,38.526031
2020-11-29 04:00:00,29.968,29.968,29.938,29.938,0.8
2020-11-29 03:00:00,29.9309,30.0329,29.9253,29.968,133.922581
2020-11-29 02:00:00,30.0875,30.0875,29.9309,29.9309,1.795
2020-11-29 01:00:00,30.0875,30.0875,30.0875,30.0875,0.0
2020-11-29 00:00:00,30.0875,30.0875,30.0875,30.0875,0.0
2020-11-28 23:00:00,30.1389,30.1389,30.0875,30.0875,16.289106
2020-11-28 22:00:00,29.9915,30.1661,29.9915,30.1389,34.52583997
2020-11-28 21:00:00,29.9304,30.0778,29.9304,29.9915,298.605935
2020-11-28 20:00:00,29.9447,29.9447,29.9171,29.9304,16.997266
2020-11-28 19:00:00,29.9616,29.9616,29.9447,29.9447,156.96036
2020-11-28 18:00:00,29.9332,29.9616,29.9298,29.9616,34.222067
2020-11-28 17:00:00,29.9224,29.9332,29.9224,29.9332,95.537389
2020-11-28 16:00:00,30.0604,30.0604,29.9224,29.9224,17.316204
2020-11-28 15:00:00,30.0824,30.1387,30.0604,30.0604,220.02510872
2020-11-28 14:00:00,30.1455,30.1945,29.9866,30.0824,29.609466
2020-11-28 13:00:00,30.0172,30.1455,30.0172,30.1455,0.106771
2020-11-28 12:00:00,30.1806,30.1806,29.974,30.0172,244.156871
2020-11-28 11:00:00,30.2731,30.3631,30.1783,30.1806,648.224444
2020-11-28 10:00:00,30.172,30.2731,30.1368,30.2731,817.931866
2020-11-28 09:00:00,30.114,30.172,30.0,30.172,81.297591
2020-11-28 08:00:00,29.8765,30.2937,29.8765,30.114,217.317012
2020-11-28 07:00:00,29.905,29.905,29.8765,29.8765,0.105289
2020-11-28 06:00:00,29.8327,29.905,29.8327,29.905,16.354548
2020-11-28 05:00:00,29.7787,29.8327,29.7787,29.8327,37.057782
2020-11-28 04:00:00,29.7787,29.7787,29.7787,29.7787,0.0
2020-11-28 03:00:00,29.7787,29.7787,29.7787,29.7787,0.0
2020-11-28 02:00:00,29.7787,29.7787,29.7787,29.7787,0.0
2020-11-28 01:00:00,29.814,29.814,29.7787,29.7787,6.582886
2020-11-28 00:00:00,29.8082,29.8346,29.7936,29.814,1.636343
2020-11-27 23:00:00,29.9356,29.9356,29.8082,29.8082,62.504
2020-11-27 22:00:00,30.1,30.1,29.9348,29.9356,55.179662
2020-11-27 21:00:00,29.9459,30.1,29.9459,30.1,773.457581
2020-11-27 20:00:00,29.8701,29.9479,29.8701,29.9459,16.237155
2020-11-27 19:00:00,29.8875,29.9951,29.8574,29.8701,501.172698
2020-11-27 18:00:00,29.8042,29.9248,29.8042,29.8875,697.128456
2020-11-27 17:00:00,29.8227,30.0309,29.7429,29.8042,487.542363
2020-11-27 16:00:00,29.8144,29.8514,29.6603,29.8227,609.468329
2020-11-27 15:00:00,29.7746,29.8513,29.673,29.8144,977.649851
2020-11-27 14:00:00,29.5968,29.7746,29.5655,29.7746,859.871012
2020-11-27 13:00:00,29.7841,29.8135,29.5968,29.5968,519.579752
2020-11-27 12:00:00,30.0753,30.0753,29.6869,29.7841,2449.809925
2020-11-27 11:00:00,30.121,30.2389,29.9132,30.0753,1821.694347
2020-11-27 10:00:00,29.57,30.206,29.5542,30.121,731.330938
2020-11-27 09:00:00,29.613,29.6166,29.45,29.57,1475.074976
2020-11-27 08:00:00,29.65,29.7533,29.5737,29.613,124.215085
2020-11-27 07:00:00,29.65,29.65,29.65,29.65,0.0
2020-11-27 06:00:00,29.65,29.65,29.65,29.65,0.0
2020-11-27 05:00:00,29.465,29.65,29.465,29.65,168.634064
2020-11-27 04:00:00,29.4383,29.5708,29.3967,29.465,249.636
2020-11-27 03:00:00,30.2051,30.2051,29.4383,29.4383,153.732205
2020-11-27 02:00:00,30.2051,30.2051,30.2051,30.2051,0.0
2020-11-27 01:00:00,30.2352,30.2352,30.1727,30.2051,28.369642
2020-11-27 00:00:00,30.2598,30.2598,30.0413,30.2352,43.362746
2020-11-26 23:00:00,30.0211,30.2598,30.0211,30.2598,16.196388
2020-11-26 22:00:00,30.0839,30.3296,30.0211,30.0211,123.612808
2020-11-26 21:00:00,30.3089,30.3089,30.0839,30.0839,295.713774
2020-11-26 20:00:00,30.0128,30.3089,29.9578,30.3089,462.669852
2020-11-26 19:00:00,29.8413,30.0566,29.8064,30.0128,237.125128
2020-11-26 18:00:00,29.9427,29.9427,29.5552,29.8413,101.14052
2020-11-26 17:00:00,29.9689,29.9689,29.9427,29.9427,356.957974
2020-11-26 16:00:00,29.7291,30.0117,29.7291,29.9689,541.277175
2020-11-26 15:00:00,29.5898,29.7291,29.5898,29.7291,65.941936
2020-11-26 14:00:00,29.367,29.5898,29.1458,29.5898,349.742994
2020-11-26 13:00:00,29.5652,29.7721,29.367,29.367,143.930847
2020-11-26 12:00:00,29.2506,29.5652,29.0,29.5652,574.138821
2020-11-26 11:00:00,29.2455,29.6872,29.2455,29.2506,118.99255
2020-11-26 10:00:00,29.2242,29.3838,29.2093,29.2455,224.058744
2020-11-26 09:00:00,29.2879,29.4729,29.2242,29.2242,1073.112743
2020-11-26 08:00:00,30.1645,30.3061,29.2879,29.2879,312.265332
2020-11-26 07:00:00,29.9872,30.3898,29.9872,30.1645,206.486448
2020-11-26 06:00:00,30.8438,30.8438,29.9872,29.9872,112.79684
2020-11-26 05:00:00,29.9634,30.8438,29.9634,30.8438,812.069156
2020-11-26 04:00:00,29.4144,30.0348,29.4144,29.9634,639.981341
2020-11-26 03:00:00,29.1189,29.4769,28.7852,29.4144,1821.481619
2020-11-26 02:00:00,29.7759,29.7759,29.1189,29.1189,2005.050926
2020-11-26 01:00:00,29.55,29.7816,29.55,29.7759,467.93079
2020-11-26 00:00:00,29.6045,29.6916,29.5045,29.55,109.753872
2020-11-25 23:00:00,29.7843,30.0307,29.2745,29.6045,1293.723769
2020-11-25 22:00:00,30.7258,30.7258,29.04,29.7843,11087.658615
2020-11-25 21:00:00,31.0112,31.0336,30.4539,30.7258,1223.544414
2020-11-25 20:00:00,31.7388,31.7388,30.9522,31.0112,847.142259
2020-11-25 19:00:00,30.9768,31.8647,30.6827,31.7388,1407.871246
2020-11-25 18:00:00,30.8449,31.3408,29.9953,30.9768,3420.071489
2020-11-25 17:00:00,31.303,31.529,30.3123,30.8449,2111.81335001
2020-11-25 16:00:00,31.9834,32.1102,31.2989,31.303,1521.644828
2020-11-25 15:00:00,32.3741,32.6293,31.116,31.9834,1061.737982
2020-11-25 14:00:00,33.4748,33.7255,32.2815,32.3741,1796.970222
2020-11-25 13:00:00,33.7631,34.235,33.4748,33.4748,2792.65163452
2020-11-25 12:00:00,33.6861,33.9588,33.4391,33.7631,1969.211127
2020-11-25 11:00:00,34.252,34.7624,33.5251,33.6861,2500.503978
2020-11-25 10:00:00,34.0141,34.4652,33.988,34.252,4335.06225277
2020-11-25 09:00:00,33.0754,34.2452,33.0754,34.0141,5871.96892955
2020-11-25 08:00:00,34.4119,35.1815,33.0512,33.0754,9472.137855
2020-11-25 07:00:00,32.8318,35.2449,32.8318,34.4119,7242.176689
2020-11-25 06:00:00,30.752,33.0,30.6095,32.8318,6151.10562456
2020-11-25 05:00:00,30.5095,30.752,30.4359,30.752,268.382067
2020-11-25 04:00:00,30.753,30.753,30.5095,30.5095,64.216266
2020-11-25 03:00:00,30.6676,30.753,30.6676,30.753,7.0
2020-11-25 02:00:00,30.4219,30.8207,30.3226,30.6676,2433.568914
2020-11-25 01:00:00,30.3888,30.747,30.3888,30.4219,5233.828903
2020-11-25 00:00:00,30.0001,30.4831,30.0001,30.3888,249.353985
2020-11-24 23:00:00,29.8169,30.4177,29.8169,30.0001,592.47729884
2020-11-24 22:00:00,30.0884,30.1065,29.8169,29.8169,422.216727
2020-11-24 21:00:00,29.9431,30.4784,29.9187,30.0884,3441.932633
2020-11-24 20:00:00,30.0,30.1276,29.787,29.9431,547.03601919
2020-11-24 19:00:00,29.7494,30.0,29.7494,30.0,301.21119
2020-11-24 18:00:00,29.632,29.8371,29.632,29.7494,315.736185
2020-11-24 17:00:00,29.812,29.8352,29.545,29.632,771.774225
2020-11-24 16:00:00,29.65,29.812,29.4453,29.812,424.356306
2020-11-24 15:00:00,29.6804,29.8538,29.4661,29.65,1660.370373
2020-11-24 14:00:00,30.0,30.0,29.6804,29.6804,1303.395605
2020-11-24 13:00:00,29.846,30.1,29.8263,30.0,721.41126429
2020-11-24 12:00:00,29.8689,30.3425,29.7079,29.846,4016.785711
2020-11-24 11:00:00,29.6269,30.0088,29.6171,29.8689,649.18195172
2020-11-24 10:00:00,29.4501,29.6766,29.4442,29.6269,828.440133
2020-11-24 09:00:00,29.79,29.9352,29.4501,29.4501,561.365767
2020-11-24 08:00:00,29.6888,29.79,29.4745,29.79,661.819946
2020-11-24 07:00:00,29.7456,29.7456,29.5387,29.6888,167.224909
2020-11-24 06:00:00,29.7611,29.7611,29.7316,29.7456,20.582079
2020-11-24 05:00:00,29.8536,29.9274,29.1827,29.7611,778.580067
2020-11-24 04:00:00,30.7787,30.7787,29.8251,29.8536,909.764006
2020-11-24 03:00:00,29.89,30.7787,29.89,30.7787,6013.49552772
2020-11-24 02:00:00,29.3798,30.094,29.3798,29.89,2716.132488
2020-11-24 01:00:00,30.4274,30.4274,29.1638,29.3798,3917.727617
2020-11-24 00:00:00,29.9571,30.8048,29.8683,30.4274,8764.981826
2020-11-23 23:00:00,29.7501,29.9571,29.7206,29.9571,602.164872
2020-11-23 22:00:00,29.566,29.8235,29.2645,29.7501,1318.21422521
2020-11-23 21:00:00,29.9927,30.0008,29.566,29.566,1580.753399
2020-11-23 20:00:00,29.4642,30.092,29.3813,29.9927,4851.920759
2020-11-23 19:00:00,29.184,29.4642,29.184,29.4642,1582.664101
2020-11-23 18:00:00,29.1882,29.2551,29.0558,29.184,1773.761999
2020-11-23 17:00:00,29.2,29.2702,29.1218,29.1882,638.15157
2020-11-23 16:00:00,29.1171,29.2,29.1171,29.2,847.060425
2020-11-23 15:00:00,29.0655,29.1171,28.9,29.1171,7193.532809
2020-11-23 14:00:00,29.15,29.15,29.0655,29.0655,380.82086
2020-11-23 13:00:00,29.124,29.1944,29.0655,29.15,1002.904668
2020-11-23 12:00:00,29.0163,29.1452,29.0068,29.124,479.418596
2020-11-23 11:00:00,29.2108,29.2108,29.0124,29.0163,893.158878
2020-11-23 10:00:00,29.3613,29.3613,29.2108,29.2108,61.68764203
2020-11-23 09:00:00,29.3413,29.4951,29.1844,29.3613,1351.104719
2020-11-23 08:00:00,29.3207,29.51,29.1108,29.3413,653.977404
2020-11-23 07:00:00,29.4,29.4,29.1048,29.3207,194.732261
2020-11-23 06:00:00,29.4,29.4,29.4,29.4,0.0
2020-11-23 05:00:00,29.2202,29.4,29.2202,29.4,491.101647
2020-11-23 04:00:00,28.995,29.2308,28.9772,29.2202,377.782592
2020-11-23 03:00:00,29.1343,29.1343,28.8263,28.995,17.366696
2020-11-23 02:00:00,29.15,29.15,29.1343,29.1343,17.143125
2020-11-23 01:00:00,29.2281,29.2281,29.15,29.15,5.0
2020-11-23 00:00:00,29.0696,29.2281,28.9979,29.2281,26.854792
2020-11-22 23:00:00,29.1318,29.1318,29.0696,29.0696,1.054371
2020-11-22 22:00:00,29.0877,29.1318,29.0382,29.1318,10.314597
2020-11-22 21:00:00,28.8526,29.0877,28.8526,29.0877,2.021206
2020-11-22 20:00:00,28.9695,28.9695,28.8526,28.8526,52.56
2020-11-22 19:00:00,29.1,29.1,28.9613,28.9695,1.6894
2020-11-22 18:00:00,29.1831,29.1851,28.9798,29.1,226.117199
2020-11-22 17:00:00,29.2112,29.3142,29.1831,29.1831,156.398659
2020-11-22 16:00:00,29.2472,29.2472,29.0836,29.2112,201.399769
2020-11-22 15:00:00,29.2981,29.3352,28.9141,29.2472,493.98662692
2020-11-22 14:00:00,29.1853,29.3,29.181,29.2981,376.47757
2020-11-22 13:00:00,29.0878,29.3728,29.0878,29.1853,259.907224
2020-11-22 12:00:00,29.0487,29.345,29.0487,29.0878,323.751763
2020-11-22 11:00:00,29.092,29.1345,28.9789,29.0487,725.743703
2020-11-22 10:00:00,29.03,29.092,28.9532,29.092,863.587274
2020-11-22 09:00:00,29.1661,29.1661,29.03,29.03,87.534
2020-11-22 08:00:00,28.9614,29.1904,28.9614,29.1661,2433.783186
2020-11-22 07:00:00,28.7089,29.0,28.7089,28.9614,664.248452
2020-11-22 06:00:00,29.5562,29.5562,28.7089,28.7089,1828.208751
2020-11-22 05:00:00,29.5562,29.5562,29.5562,29.5562,0.0
2020-11-22 04:00:00,28.9863,29.5562,28.9863,29.5562,604.32467998
2020-11-22 03:00:00,29.186,29.3939,28.9863,28.9863,1335.117287
2020-11-22 02:00:00,29.5043,29.5043,29.186,29.186,723.147
2020-11-22 01:00:00,29.6374,29.6374,29.3578,29.5043,331.162231
2020-11-22 00:00:00,29.666,29.666,29.5893,29.6374,2.111852
2020-11-21 23:00:00,29.6792,29.6792,29.635,29.666,33.53548596
2020-11-21 22:00:00,29.4589,29.6983,29.3874,29.6792,585.574706
2020-11-21 21:00:00,29.1281,29.6926,29.1281,29.4589,2674.932702
2020-11-21 20:00:00,29.6974,29.7457,29.1281,29.1281,385.026698
2020-11-21 19:00:00,29.8284,30.2532,29.6974,29.6974,146.97690684
2020-11-21 18:00:00,29.5736,29.9102,29.5736,29.8284,262.73706252
2020-11-21 17:00:00,29.8886,29.8886,29.56,29.5736,353.104442
2020-11-21 16:00:00,29.9185,29.9185,29.7881,29.8886,53.38457082
2020-11-21 15:00:00,30.1862,30.1862,29.9185,29.9185,172.559919
2020-11-21 14:00:00,29.8805,30.2417,29.8805,30.1862,646.607758
2020-11-21 13:00:00,30.0904,30.0904,29.7276,29.8805,9502.877901
2020-11-21 12:00:00,30.1788,30.3176,29.8386,30.0904,1725.273037
2020-11-21 11:00:00,30.8176,30.8176,30.1788,30.1788,2662.58329143
2020-11-21 10:00:00,29.4105,31.0697,29.3839,30.8176,11149.66241297
2020-11-21 09:00:00,29.337,29.4275,29.3,29.4105,3313.907364
2020-11-21 08:00:00,29.2064,29.3414,29.2064,29.337,14.342921
2020-11-21 07:00:00,29.3995,29.3995,29.2064,29.2064,16.777702
2020-11-21 06:00:00,29.3995,29.3995,29.3995,29.3995,0.0
2020-11-21 05:00:00,29.4277,29.4277,29.3995,29.3995,10.0
2020-11-21 04:00:00,29.3329,29.4277,29.3329,29.4277,199.997683
2020-11-21 03:00:00,28.9204,29.4,28.9204,29.3329,25.42745864
2020-11-21 02:00:00,28.9511,29.1602,28.9204,28.9204,1504.098338
2020-11-21 01:00:00,28.8213,29.032,28.8213,28.9511,630.026
2020-11-21 00:00:00,28.923,28.9435,28.8213,28.8213,495.836623
2020-11-20 23:00:00,29.0,29.0086,28.8387,28.923,1876.127464
2020-11-20 22:00:00,29.1357,29.1553,28.9727,29.0,1107.27541164
2020-11-20 21:00:00,29.1154,29.1957,29.0599,29.1357,1970.586471
2020-11-20 20:00:00,29.1256,29.1824,28.9802,29.1154,4106.426838
2020-11-20 19:00:00,29.0824,29.1256,29.0677,29.1256,4255.458259
2020-11-20 18:00:00,29.0042,29.0976,28.9737,29.0824,3348.831601
2020-11-20 17:00:00,28.9318,29.0042,28.8542,29.0042,1680.910704
2020-11-20 16:00:00,29.0856,29.0856,28.7685,28.9318,2391.727934
2020-11-20 15:00:00,29.1007,29.1761,29.0856,29.0856,827.63022366
2020-11-20 14:00:00,29.02,29.1167,29.02,29.1007,604.726465
2020-11-20 13:00:00,29.32,29.32,28.9887,29.02,1092.922019
2020-11-20 12:00:00,29.33,29.4067,29.3095,29.32,512.037956
2020-11-20 11:00:00,29.4405,29.4451,29.2644,29.33,797.01019
2020-11-20 10:00:00,29.4509,29.4509,29.3723,29.4405,1117.725378
2020-11-20 09:00:00,29.68,29.7968,29.4232,29.4509,1497.358849
2020-11-20 08:00:00,29.6616,29.6925,29.5828,29.68,1162.146023
2020-11-20 07:00:00,29.71,29.7381,29.6616,29.6616,6.529426
2020-11-20 06:00:00,29.5279,29.71,29.5279,29.71,69.117152
2020-11-20 05:00:00,29.3089,29.9212,29.3089,29.5279,3072.327382
2020-11-20 04:00:00,29.3547,29.3547,29.18,29.3089,1415.851743
2020-11-20 03:00:00,28.917,29.3547,28.917,29.3547,187.813289
2020-11-20 02:00:00,28.859,28.972,28.7298,28.917,8007.841869
2020-11-20 01:00:00,28.9247,28.9955,28.8501,28.859,6976.731555
2020-11-20 00:00:00,28.8657,28.9641,28.6701,28.9247,3036.59368554
2020-11-19 23:00:00,28.9655,29.007,28.8595,28.8657,2238.650126
2020-11-19 22:00:00,29.1316,29.1316,28.9655,28.9655,469.0
2020-11-19 21:00:00,29.1827,29.2115,29.0875,29.1316,64.468689
2020-11-19 20:00:00,28.78,29.1827,28.78,29.1827,205.708653
2020-11-19 19:00:00,28.78,28.78,28.78,28.78,0.0
2020-11-19 18:00:00,28.8175,28.8175,28.78,28.78,125.0
2020-11-19 17:00:00,28.849,28.849,28.7777,28.8175,139.815986
2020-11-19 16:00:00,29.0249,29.0249,28.849,28.849,260.03839393
2020-11-19 15:00:00,28.9248,29.0249,28.916,29.0249,19.86201
2020-11-19 14:00:00,29.0361,29.0361,28.9248,28.9248,210.399904
2020-11-19 13:00:00,29.0909,29.1815,29.0361,29.0361,267.764392
2020-11-19 12:00:00,29.0943,29.2494,29.0735,29.0909,668.750758
2020-11-19 11:00:00,29.2,29.3927,29.0646,29.0943,261.150796
2020-11-19 10:00:00,29.1373,29.2,29.0536,29.2,254.606498
2020-11-19 09:00:00,29.0076,29.1435,29.0076,29.1373,25.207649
2020-11-19 08:00:00,29.13,29.13,29.0076,29.0076,52.114969
2020-11-19 07:00:00,29.13,29.13,29.13,29.13,0.0
2020-11-19 06:00:00,29.0,29.13,28.9863,29.13,127.49
2020-11-19 05:00:00,28.6926,29.0,28.6926,29.0,5.239766
2020-11-19 04:00:00,28.6926,28.6926,28.6926,28.6926,0.0
2020-11-19 03:00:00,28.8111,28.8111,28.6926,28.6926,393.033353
2020-11-19 02:00:00,28.5062,28.8111,28.5062,28.8111,0.144303
2020-11-19 01:00:00,28.5062,28.5062,28.5062,28.5062,0.0
2020-11-19 00:00:00,28.7051,28.7051,28.4038,28.5062,307.308055
2020-11-18 23:00:00,28.8444,28.8444,28.671,28.7051,14.02692953
2020-11-18 22:00:00,28.8351,28.8654,28.7395,28.8444,387.644079
2020-11-18 21:00:00,28.9227,28.9227,28.8351,28.8351,108.393877
2020-11-18 20:00:00,28.8545,28.9227,28.8088,28.9227,234.9742
2020-11-18 19:00:00,28.8995,28.9147,28.8545,28.8545,2259.371
2020-11-18 18:00:00,28.6068,29.051,28.6068,28.8995,624.756036
2020-11-18 17:00:00,28.4661,28.6397,28.4661,28.6068,259.203428
2020-11-18 16:00:00,28.4153,28.55,28.4147,28.4661,1475.866128
2020-11-18 15:00:00,28.496,28.55,28.3568,28.4153,483.532108
2020-11-18 14:00:00,28.4215,28.58,28.4215,28.496,602.741578
2020-11-18 13:00:00,28.4799,28.5567,28.4215,28.4215,187.86072115
2020-11-18 12:00:00,28.4813,28.5844,28.4579,28.4799,550.947211
2020-11-18 11:00:00,28.5996,28.6361,28.3445,28.4813,434.638922
2020-11-18 10:00:00,28.75,28.7648,28.4621,28.5996,1156.58052
2020-11-18 09:00:00,29.2642,29.2642,28.75,28.75,551.324341
2020-11-18 08:00:00,28.8062,29.6914,28.8062,29.2642,358.525502
2020-11-18 07:00:00,28.8024,28.8724,28.7596,28.8062,62.929828
2020-11-18 06:00:00,28.9803,28.9803,28.8024,28.8024,151.726416
2020-11-18 05:00:00,28.7969,28.9803,28.7292,28.9803,1242.270291
2020-11-18 04:00:00,28.8954,28.9201,28.7259,28.7969,1008.095345
2020-11-18 03:00:00,29.0356,29.0356,28.8722,28.8954,1332.386996
2020-11-18 02:00:00,28.5409,29.0356,28.5409,29.0356,656.6727385
2020-11-18 01:00:00,28.1603,28.5726,28.1603,28.5409,131.94012
2020-11-18 00:00:00,28.6924,28.8568,27.4757,28.1603,3834.44409
2020-11-17 23:00:00,28.8154,28.9537,28.6924,28.6924,670.16587
2020-11-17 22:00:00,28.9992,29.1035,28.8154,28.8154,612.752653
2020-11-17 21:00:00,29.2865,29.3119,28.9992,28.9992,788.777604
2020-11-17 20:00:00,29.59,29.59,29.21,29.2865,2374.29492404
2020-11-17 19:00:00,29.0,29.628,29.0,29.59,389.863875
2020-11-17 18:00:00,29.2708,29.2708,29.0,29.0,403.0
2020-11-17 17:00:00,28.8029,29.2708,28.7138,29.2708,579.14966
2020-11-17 16:00:00,29.2737,29.2803,28.74,28.8029,431.031287
2020-11-17 15:00:00,29.53,29.53,29.1186,29.2737,123.654655
2020-11-17 14:00:00,29.5076,29.53,29.4443,29.53,384.429555
2020-11-17 13:00:00,29.35,29.5266,29.3479,29.5076,64.3860908
2020-11-17 12:00:00,29.5266,29.5266,29.1868,29.35,1425.048364
2020-11-17 11:00:00,29.9298,29.9298,29.5266,29.5266,2110.552949
2020-11-17 10:00:00,29.225,30.0117,29.225,29.9298,3325.861351
2020-11-17 09:00:00,29.0741,29.225,28.9296,29.225,2055.080696
2020-11-17 08:00:00,28.7423,29.1673,28.7423,29.0741,1066.9844
2020-11-17 07:00:00,29.0592,29.0592,28.7423,28.7423,6.0
2020-11-17 06:00:00,29.0592,29.0592,29.0592,29.0592,0.0
2020-11-17 05:00:00,28.861,29.0592,28.861,29.0592,2251.126335
2020-11-17 04:00:00,28.66,28.861,28.66,28.861,475.020209
2020-11-17 03:00:00,28.3657,28.66,28.3657,28.66,125.12029
2020-11-17 02:00:00,29.0332,29.0332,28.3657,28.3657,903.040262
2020-11-17 01:00:00,29.0008,29.0332,28.7258,29.0332,289.924286
2020-11-17 00:00:00,29.0841,29.2111,28.8117,29.0008,261.184743
2020-11-16 23:00:00,27.557,29.0841,27.557,29.0841,948.19260395
2020-11-16 22:00:00,27.4756,27.576,27.4756,27.557,115.144797
2020-11-16 21:00:00,27.5256,27.55,27.4314,27.4756,9.104574
2020-11-16 20:00:00,27.55,27.6,27.4939,27.5256,541.702087
2020-11-16 19:00:00,27.5231,27.58,27.4461,27.55,4258.595567
2020-11-16 18:00:00,27.4812,27.6484,27.411,27.5231,1400.577226
2020-11-16 17:00:00,27.3669,27.4812,27.3618,27.4812,112.438047
2020-11-16 16:00:00,27.52,27.7049,27.2487,27.3669,332.328969
2020-11-16 15:00:00,27.5743,27.65,27.4592,27.52,1357.422855
2020-11-16 14:00:00,27.7408,27.7762,27.5743,27.5743,1667.423055
2020-11-16 13:00:00,27.8223,27.8296,27.7408,27.7408,1328.707536
2020-11-16 12:00:00,27.6989,27.85,27.6989,27.8223,539.315576
2020-11-16 11:00:00,27.905,27.905,27.6415,27.6989,118.426617
2020-11-16 10:00:00,27.6709,27.9376,27.6709,27.905,185.813402
2020-11-16 09:00:00,27.5587,27.8155,27.5587,27.6709,164.027121
2020-11-16 08:00:00,27.5898,27.6007,27.5191,27.5587,286.944629
2020-11-16 07:00:00,27.5149,27.7524,27.5149,27.5898,391.040265
2020-11-16 06:00:00,27.6203,27.6203,27.5149,27.5149,10.107213
2020-11-16 05:00:00,27.7437,27.7437,27.6039,27.6203,328.335094
2020-11-16 04:00:00,27.7484,27.7484,27.6382,27.7437,356.389278
2020-11-16 03:00:00,27.8002,27.8002,27.7484,27.7484,7.0
2020-11-16 02:00:00,27.6809,27.8845,27.6809,27.8002,385.015933
2020-11-16 01:00:00,27.7337,27.7337,27.6809,27.6809,7.083301
2020-11-16 00:00:00,27.6156,27.7337,27.6156,27.7337,3.480504
2020-11-15 23:00:00,27.5512,27.6156,27.4475,27.6156,23.629321
2020-11-15 22:00:00,27.53,27.5512,27.4498,27.5512,123.309444
2020-11-15 21:00:00,27.7236,27.7652,27.53,27.53,802.747464
2020-11-15 20:00:00,27.3856,27.7884,27.3856,27.7236,881.471
2020-11-15 19:00:00,27.7704,27.7704,27.3,27.3856,491.183694
2020-11-15 18:00:00,27.7514,27.8433,27.7285,27.7704,948.961512
2020-11-15 17:00:00,28.01,28.01,27.5,27.7514,3209.193994
2020-11-15 16:00:00,28.4273,28.4273,28.01,28.01,783.432156
2020-11-15 15:00:00,28.2975,28.4273,28.2096,28.4273,643.201307
2020-11-15 14:00:00,28.4,28.5,28.2975,28.2975,211.037821
2020-11-15 13:00:00,28.5551,28.5551,28.2878,28.4,234.394533
2020-11-15 12:00:00,28.517,28.5814,28.3079,28.5551,1817.026725
2020-11-15 11:00:00,28.6725,28.7621,28.517,28.517,1267.650678
2020-11-15 10:00:00,28.7693,28.7696,28.6357,28.6725,646.322834
2020-11-15 09:00:00,28.6256,28.808,28.6256,28.7693,352.351247
2020-11-15 08:00:00,28.6464,28.6992,28.6256,28.6256,9.370175
2020-11-15 07:00:00,28.5437,28.6464,28.4887,28.6464,2.333393
2020-11-15 06:00:00,28.5687,28.5687,28.5437,28.5437,57.3
2020-11-15 05:00:00,28.7229,28.7229,28.5687,28.5687,16.674744
2020-11-15 04:00:00,28.8389,28.8389,28.6286,28.7229,1490.13889
2020-11-15 03:00:00,28.7139,28.8751,28.7139,28.8389,206.75885
2020-11-15 02:00:00,28.8627,28.8627,28.6793,28.7139,571.941217
2020-11-15 01:00:00,28.7361,28.8627,28.7361,28.8627,229.20001829
2020-11-15 00:00:00,28.6028,28.7502,28.6028,28.7361,209.90878653
2020-11-14 23:00:00,28.5144,28.6072,28.5144,28.6028,1428.872602
2020-11-14 22:00:00,28.5194,28.5278,28.2882,28.5144,614.548459
2020-11-14 21:00:00,28.5676,28.7307,28.5194,28.5194,631.614772
2020-11-14 20:00:00,29.1864,29.1864,28.5676,28.5676,1722.097586
2020-11-14 19:00:00,29.2818,29.2818,29.0218,29.1864,149.147493
2020-11-14 18:00:00,29.072,29.2818,29.072,29.2818,36.227805
2020-11-14 17:00:00,29.027,29.072,29.027,29.072,69.478615
2020-11-14 16:00:00,29.1406,29.1571,28.9888,29.027,65.643025
2020-11-14 15:00:00,28.9459,29.1406,28.9459,29.1406,418.415069
2020-11-14 14:00:00,28.9236,29.008,28.9236,28.9459,13.062006
2020-11-14 13:00:00,28.9884,29.1323,28.8073,28.9236,780.2874905
2020-11-14 12:00:00,28.8939,28.9884,28.8939,28.9884,46.2
2020-11-14 11:00:00,28.9968,29.11,28.8939,28.8939,183.091559
2020-11-14 10:00:00,28.969,28.9968,28.8789,28.9968,62.506117
2020-11-14 09:00:00,28.7435,29.0385,28.7435,28.969,79.621756
2020-11-14 08:00:00,28.847,28.847,28.7363,28.7435,50.832554
2020-11-14 07:00:00,28.797,28.847,28.6691,28.847,225.042913
2020-11-14 06:00:00,28.6928,28.905,28.6928,28.797,405.511487
2020-11-14 05:00:00,28.6536,28.6928,28.35,28.6928,2479.517923
2020-11-14 04:00:00,28.9354,28.9354,28.6536,28.6536,131.195
2020-11-14 03:00:00,29.0769,29.0769,28.5962,28.9354,1002.525699
2020-11-14 02:00:00,29.1525,29.1525,29.0769,29.0769,26.32108931
2020-11-14 01:00:00,29.1382,29.19,29.1382,29.1525,140.0
2020-11-14 00:00:00,29.2075,29.2075,28.9429,29.1382,449.374626
2020-11-13 23:00:00,29.1756,29.2426,29.155,29.2075,213.258837
2020-11-13 22:00:00,29.4771,29.5,29.1756,29.1756,1455.741608
2020-11-13 21:00:00,29.3218,29.4771,29.3218,29.4771,0.979257
2020-11-13 20:00:00,29.4229,29.4232,29.3218,29.3218,225.947589
2020-11-13 19:00:00,29.2603,29.4229,29.014,29.4229,367.076912
2020-11-13 18:00:00,29.3201,29.3445,29.2603,29.2603,17.330983
2020-11-13 17:00:00,29.3781,29.3985,29.2855,29.3201,762.025423
2020-11-13 16:00:00,29.3727,29.4773,29.3267,29.3781,281.550977
2020-11-13 15:00:00,29.3367,29.4299,29.3367,29.3727,784.89857119
2020-11-13 14:00:00,29.3636,29.4326,29.3367,29.3367,50.193574
2020-11-13 13:00:00,29.5173,29.5173,29.2849,29.3636,11.886562
2020-11-13 12:00:00,29.4685,29.5873,29.4685,29.5173,249.83464
2020-11-13 11:00:00,29.5241,29.5509,29.2888,29.4685,89.19391
2020-11-13 10:00:00,29.9024,29.9024,29.2851,29.5241,646.716823
2020-11-13 09:00:00,29.7964,29.9024,29.7964,29.9024,109.484975
2020-11-13 08:00:00,29.6738,29.7964,29.6529,29.7964,25.609891
2020-11-13 07:00:00,29.3922,29.6738,29.3922,29.6738,30.034919
2020-11-13 06:00:00,29.4544,29.5064,29.3922,29.3922,104.455587
2020-11-13 05:00:00,29.5282,29.5282,29.4544,29.4544,3.277176
2020-11-13 04:00:00,29.5648,29.5648,29.5282,29.5282,1.615323
2020-11-13 03:00:00,29.2694,29.5648,29.2694,29.5648,377.886805
2020-11-13 02:00:00,29.4042,29.4042,29.2694,29.2694,382.794931
2020-11-13 01:00:00,29.3202,29.4042,29.2684,29.4042,370.584357
2020-11-13 00:00:00,29.5646,29.5757,29.2179,29.3202,590.920553
2020-11-12 23:00:00,29.8301,29.8301,29.5646,29.5646,20.514209
2020-11-12 22:00:00,29.9779,30.0093,29.6862,29.8301,320.68864028
2020-11-12 21:00:00,29.7215,29.9779,29.594,29.9779,60.933922
2020-11-12 20:00:00,29.4,29.9448,29.4,29.7215,39.485667
2020-11-12 19:00:00,29.563,29.563,29.4,29.4,125.074919
2020-11-12 18:00:00,29.1395,29.6582,28.8515,29.563,2632.27767
2020-11-12 17:00:00,29.1216,29.1395,29.1216,29.1395,171.530629
2020-11-12 16:00:00,29.036,29.1844,29.036,29.1216,342.882372
2020-11-12 15:00:00,28.9878,29.0638,28.9457,29.036,513.438518
2020-11-12 14:00:00,29.255,29.255,28.9878,28.9878,402.471918
2020-11-12 13:00:00,28.8006,29.255,28.8006,29.255,2538.41921671
2020-11-12 12:00:00,29.9653,30.0124,28.8,28.8006,2304.329018
2020-11-12 11:00:00,29.9499,30.0369,29.8161,29.9653,6341.117729
2020-11-12 10:00:00,30.0659,30.0659,29.9478,29.9499,965.24334039
2020-11-12 09:00:00,30.0594,30.0659,30.0434,30.0659,37.794154
2020-11-12 08:00:00,30.1242,30.1654,30.0594,30.0594,50.519823
2020-11-12 07:00:00,30.0081,30.1242,30.0081,30.1242,138.720627
2020-11-12 06:00:00,30.1233,30.1233,30.0081,30.0081,156.052013
2020-11-12 05:00:00,30.1029,30.1233,30.1029,30.1233,0.297615
2020-11-12 04:00:00,29.9404,30.1029,29.9404,30.1029,165.95607
2020-11-12 03:00:00,30.0787,30.0803,29.9404,29.9404,712.651479
2020-11-12 02:00:00,30.0744,30.0787,30.0074,30.0787,332.667849
2020-11-12 01:00:00,30.2654,30.2654,30.056,30.0744,1233.13952
2020-11-12 00:00:00,30.2654,30.2654,30.2654,30.2654,0.0
2020-11-11 23:00:00,30.2707,30.3425,30.2654,30.2654,604.419185
2020-11-11 22:00:00,30.2227,30.2707,30.2227,30.2707,170.054315
2020-11-11 21:00:00,30.079,30.2227,30.079,30.2227,0.49156
2020-11-11 20:00:00,30.0126,30.1414,30.0126,30.079,62.512439
2020-11-11 19:00:00,30.1505,30.1505,29.6309,30.0126,1109.51157744
2020-11-11 18:00:00,30.2134,30.2134,30.08,30.1505,218.57572479
2020-11-11 17:00:00,30.2702,30.2702,30.1076,30.2134,303.25598978
2020-11-11 16:00:00,30.0052,30.3256,30.0052,30.2702,33.81067045
2020-11-11 15:00:00,30.0296,30.1191,29.879,30.0052,1064.219037
2020-11-11 14:00:00,30.35,30.3574,29.9758,30.0296,2414.989565
2020-11-11 13:00:00,30.5338,30.5338,30.35,30.35,1614.138186
2020-11-11 12:00:00,30.57,30.5919,30.5338,30.5338,180.350461
2020-11-11 11:00:00,30.6019,30.6109,30.4464,30.57,1415.326619
2020-11-11 10:00:00,30.5879,30.6019,30.507,30.6019,63.265157
2020-11-11 09:00:00,30.5432,30.6277,30.4776,30.5879,28.10684874
2020-11-11 08:00:00,30.6878,30.6978,30.5432,30.5432,105.114295
2020-11-11 07:00:00,30.6878,30.6878,30.6878,30.6878,0.0
2020-11-11 06:00:00,30.6464,30.6878,30.6464,30.6878,3.148734
2020-11-11 05:00:00,30.666,30.7223,30.5127,30.6464,391.654467
2020-11-11 04:00:00,30.4273,30.7691,30.4273,30.666,20.946484
2020-11-11 03:00:00,30.8353,30.8353,30.4273,30.4273,682.975471
2020-11-11 02:00:00,30.6936,30.8353,30.6936,30.8353,166.761211
2020-11-11 01:00:00,30.5767,30.6936,30.5767,30.6936,9.941841
2020-11-11 00:00:00,30.7438,30.87,30.2568,30.5767,2899.28412
2020-11-10 23:00:00,30.8423,31.0,30.7438,30.7438,49.90618645
2020-11-10 22:00:00,30.891,30.891,30.8118,30.8423,194.14387305
2020-11-10 21:00:00,30.7623,30.9534,30.7013,30.891,344.04124345
2020-11-10 20:00:00,30.6875,31.0,30.6683,30.7623,132.26249003
2020-11-10 19:00:00,30.312,30.7401,30.312,30.6875,205.70733373
2020-11-10 18:00:00,30.65,30.65,30.312,30.312,263.893503
2020-11-10 17:00:00,30.4767,30.65,30.3959,30.65,825.77637674
2020-11-10 16:00:00,30.6862,30.6862,30.3948,30.4767,33.560369
2020-11-10 15:00:00,30.5487,30.8134,30.5487,30.6862,763.101179
2020-11-10 14:00:00,30.4497,30.5487,30.2602,30.5487,682.891809
2020-11-10 13:00:00,30.5537,30.5537,30.1337,30.4497,5837.117223
2020-11-10 12:00:00,30.4419,30.5866,30.4419,30.5537,106.325093
2020-11-10 11:00:00,30.4949,30.6114,30.4314,30.4419,9214.296139
2020-11-10 10:00:00,30.6944,30.6944,30.4659,30.4949,841.074142
2020-11-10 09:00:00,30.7602,30.805,30.6549,30.6944,885.774602
2020-11-10 08:00:00,30.6343,30.7602,30.5555,30.7602,175.241225
2020-11-10 07:00:00,30.7022,30.8842,30.5809,30.6343,856.142537
2020-11-10 06:00:00,30.7234,30.7511,30.7022,30.7022,487.483305
2020-11-10 05:00:00,30.9816,31.0454,30.7234,30.7234,199.457265
2020-11-10 04:00:00,30.9629,30.9842,30.7592,30.9816,1636.240947
2020-11-10 03:00:00,30.7273,30.9629,30.7273,30.9629,205.64490069
2020-11-10 02:00:00,30.5419,30.7273,30.5011,30.7273,465.092209
2020-11-10 01:00:00,30.8527,30.8527,30.38,30.5419,944.48938
2020-11-10 00:00:00,30.88,30.88,30.7,30.8527,207.458227
2020-11-09 23:00:00,30.9937,31.1904,30.88,30.88,593.39379839
2020-11-09 22:00:00,31.106,31.1868,30.9405,30.9937,334.79370192
2020-11-09 21:00:00,30.95,31.344,30.95,31.106,609.77234397
2020-11-09 20:00:00,31.0146,31.1095,30.8592,30.95,414.84625117
2020-11-09 19:00:00,31.1834,31.1834,30.9553,31.0146,129.10941027
2020-11-09 18:00:00,31.4931,31.4931,31.1834,31.1834,1890.35524712
2020-11-09 17:00:00,31.739,31.7474,31.3866,31.4931,782.66935434
2020-11-09 16:00:00,31.894,32.0643,31.5739,31.739,935.48601554
2020-11-09 15:00:00,32.0338,32.1142,31.8555,31.894,262.146523
2020-11-09 14:00:00,32.249,32.2587,32.023,32.0338,2309.149062
2020-11-09 13:00:00,31.5596,32.3485,31.5503,32.249,4773.740879
2020-11-09 12:00:00,30.9668,31.5596,30.9668,31.5596,1546.97045
2020-11-09 11:00:00,31.25,31.25,30.7364,30.9668,1067.951468
2020-11-09 10:00:00,31.25,31.25,31.25,31.25,0.0
2020-11-09 09:00:00,30.9052,31.25,30.9052,31.25,214.991558
2020-11-09 08:00:00,31.0794,31.0794,30.6551,30.9052,3698.559702
2020-11-09 07:00:00,31.287,31.287,31.0794,31.0794,582.663516
2020-11-09 06:00:00,31.4573,31.5129,31.287,31.287,563.904387
2020-11-09 05:00:00,31.0393,31.5,31.0393,31.4573,4475.578
2020-11-09 04:00:00,30.5787,31.1421,30.5787,31.0393,179.233
2020-11-09 03:00:00,30.5,30.5787,30.5,30.5787,11.219124
2020-11-09 02:00:00,30.5,30.5,30.5,30.5,0.0
2020-11-09 01:00:00,30.6474,30.6474,30.5,30.5,251.75
2020-11-09 00:00:00,30.6054,30.6474,30.4725,30.6474,3.254543
2020-11-08 23:00:00,30.6015,30.6054,30.408,30.6054,60.999133
2020-11-08 22:00:00,30.6015,30.6015,30.6015,30.6015,0.0
2020-11-08 21:00:00,30.7343,30.7343,30.6015,30.6015,363.210466
2020-11-08 20:00:00,30.7689,30.8295,30.7343,30.7343,61.62624822
2020-11-08 19:00:00,30.7239,30.7689,30.5155,30.7689,224.117965
2020-11-08 18:00:00,30.7051,30.8552,30.6556,30.7239,364.964591
2020-11-08 17:00:00,30.408,30.7051,30.408,30.7051,150.382778
2020-11-08 16:00:00,30.6232,30.703,30.408,30.408,292.466694
2020-11-08 15:00:00,30.5682,30.6232,30.5682,30.6232,0.65778
2020-11-08 14:00:00,30.7473,30.7473,30.5682,30.5682,109.384189
2020-11-08 13:00:00,30.85,30.9109,30.6739,30.7473,718.722421
2020-11-08 12:00:00,30.7851,30.852,30.671,30.85,394.607619
2020-11-08 11:00:00,30.7027,30.7851,30.7027,30.7851,19.353482
2020-11-08 10:00:00,30.7027,30.7027,30.7027,30.7027,0.0
2020-11-08 09:00:00,30.5754,30.7027,30.5754,30.7027,4.976708
2020-11-08 08:00:00,30.3759,30.5754,30.3748,30.5754,167.356756
2020-11-08 07:00:00,30.3759,30.3759,30.3759,30.3759,0.0
2020-11-08 06:00:00,30.3501,30.5252,30.3501,30.3759,65.10022
2020-11-08 05:00:00,30.3501,30.3501,30.3501,30.3501,0.0
2020-11-08 04:00:00,30.3501,30.3501,30.3501,30.3501,0.0
2020-11-08 03:00:00,30.4535,30.6599,30.298,30.3501,549.90116194
2020-11-08 02:00:00,30.4535,30.4535,30.4535,30.4535,0.0
2020-11-08 01:00:00,30.4535,30.4535,30.4535,30.4535,0.0
2020-11-08 00:00:00,30.5063,30.5063,30.4535,30.4535,32.186709
2020-11-07 23:00:00,30.5654,30.5654,30.5063,30.5063,6.425866
2020-11-07 22:00:00,30.5793,30.6309,30.5195,30.5654,909.693797
2020-11-07 21:00:00,29.9357,30.653,29.9357,30.5793,1534.435216
2020-11-07 20:00:00,30.0012,30.0044,29.9003,29.9357,275.544284
2020-11-07 19:00:00,29.8946,30.0012,29.8946,30.0012,6.64314898
2020-11-07 18:00:00,30.1026,30.2759,29.8946,29.8946,230.949265
2020-11-07 17:00:00,29.8573,30.1191,29.8573,30.1026,742.91213
2020-11-07 16:00:00,30.456,30.456,29.8,29.8573,490.857765
2020-11-07 15:00:00,29.7095,30.6625,29.7095,30.456,3182.39504275
2020-11-07 14:00:00,29.569,29.9491,29.0002,29.7095,783.34301044
2020-11-07 13:00:00,29.9921,29.9921,29.569,29.569,458.10945282
2020-11-07 12:00:00,30.785,30.785,29.9921,29.9921,1080.337913
2020-11-07 11:00:00,30.1359,30.87,29.8712,30.785,1970.086742
2020-11-07 10:00:00,29.7387,30.2,29.6229,30.1359,2829.691707
2020-11-07 09:00:00,30.8148,30.8148,29.7387,29.7387,2200.831299
2020-11-07 08:00:00,31.7127,31.7127,30.0,30.8148,3751.887249
2020-11-07 07:00:00,32.1461,32.3305,31.4336,31.7127,3564.065986
2020-11-07 06:00:00,32.5515,32.5515,32.0554,32.1461,311.253457
2020-11-07 05:00:00,32.3405,32.5639,32.3339,32.5515,241.041903
2020-11-07 04:00:00,32.6852,32.6852,32.3239,32.3405,464.094573
2020-11-07 03:00:00,32.4758,32.6852,32.4758,32.6852,32.0
2020-11-07 02:00:00,32.5869,32.5869,32.3316,32.4758,394.22784278
2020-11-07 01:00:00,32.67,32.6917,32.5435,32.5869,627.723179
2020-11-07 00:00:00,32.6311,32.7978,32.6311,32.67,21.82487783
2020-11-06 23:00:00,32.4446,33.1946,32.4446,32.6311,2589.95655312
2020-11-06 22:00:00,32.4457,32.9887,32.1522,32.4446,1980.11245844
2020-11-06 21:00:00,33.3837,33.3837,32.4457,32.4457,1203.21425173
2020-11-06 20:00:00,32.118,33.3837,32.0809,33.3837,5611.42991669
2020-11-06 19:00:00,31.7674,32.29,31.7674,32.118,1056.232652
2020-11-06 18:00:00,32.3502,32.3502,31.6128,31.7674,46.60272162
2020-11-06 17:00:00,32.0375,32.3502,31.9272,32.3502,873.09305994
2020-11-06 16:00:00,31.6219,32.049,31.6219,32.0375,1102.579193
2020-11-06 15:00:00,31.7403,31.7403,31.15,31.6219,3580.782363
2020-11-06 14:00:00,31.613,32.2165,31.613,31.7403,405.026687
2020-11-06 13:00:00,31.8174,32.2045,31.613,31.613,655.975266
2020-11-06 12:00:00,32.0175,32.462,31.8174,31.8174,1339.609086
2020-11-06 11:00:00,32.1,32.4001,31.8902,32.0175,1155.363401
2020-11-06 10:00:00,32.1523,32.1958,31.7756,32.1,1025.32515349
2020-11-06 09:00:00,32.0507,33.3,31.8909,32.1523,4809.611692
2020-11-06 08:00:00,30.8927,32.1951,30.8927,32.0507,1773.114699
2020-11-06 07:00:00,31.5671,31.5671,30.8927,30.8927,551.139994
2020-11-06 06:00:00,30.6422,32.0,30.6422,31.5671,2362.922192
2020-11-06 05:00:00,29.89,30.6422,29.89,30.6422,39.316788
2020-11-06 04:00:00,30.0001,30.0128,29.8498,29.89,667.369121
2020-11-06 03:00:00,30.079,30.2465,30.0001,30.0001,777.140036
2020-11-06 02:00:00,29.808,30.079,29.808,30.079,360.0
2020-11-06 01:00:00,29.7573,29.8506,29.7431,29.808,763.148
2020-11-06 00:00:00,29.6238,29.7901,29.59,29.7573,2155.68140971
2020-11-05 23:00:00,29.5225,29.7395,29.5225,29.6238,782.079749
2020-11-05 22:00:00,30.0,30.0,29.5225,29.5225,315.41003
2020-11-05 21:00:00,29.558,30.5878,29.558,30.0,299.45364
2020-11-05 20:00:00,29.2989,29.6495,29.2989,29.558,163.092155
2020-11-05 19:00:00,29.4829,29.567,29.2738,29.2989,328.65725121
2020-11-05 18:00:00,29.5686,29.7248,29.4721,29.4829,167.54180306
2020-11-05 17:00:00,29.0829,29.7,28.9993,29.5686,1040.13552915
2020-11-05 16:00:00,29.4295,29.4295,28.9491,29.0829,731.03423631
2020-11-05 15:00:00,29.4055,29.4295,28.0,29.4295,4263.575193
2020-11-05 14:00:00,29.4252,29.5832,29.3946,29.4055,266.764442
2020-11-05 13:00:00,29.339,29.4691,29.295,29.4252,1122.881942
2020-11-05 12:00:00,29.5016,29.6129,29.339,29.339,39.17250943
2020-11-05 11:00:00,29.8359,30.0818,29.5009,29.5016,1613.688205
2020-11-05 10:00:00,29.9278,30.2406,29.6636,29.8359,892.78226189
2020-11-05 09:00:00,28.8196,29.9278,28.8196,29.9278,1883.40541608
2020-11-05 08:00:00,28.58,28.9236,28.4994,28.8196,689.2569988
2020-11-05 07:00:00,28.7174,28.7174,28.4415,28.58,1219.144246
2020-11-05 06:00:00,28.56,28.7174,28.56,28.7174,1.888707
2020-11-05 05:00:00,28.542,28.6451,28.402,28.56,572.058483
2020-11-05 04:00:00,28.9236,28.9236,28.5042,28.542,566.193261
2020-11-05 03:00:00,28.9236,28.9236,28.9236,28.9236,0.0
2020-11-05 02:00:00,28.8353,28.9236,28.8353,28.9236,408.43569
2020-11-05 01:00:00,29.1253,29.1253,28.8353,28.8353,34.3429679
2020-11-05 00:00:00,28.937,29.1253,28.937,29.1253,360.25881
2020-11-04 23:00:00,29.1814,29.1814,28.937,28.937,668.339651
2020-11-04 22:00:00,29.2332,29.269,29.0604,29.1814,182.03804833
2020-11-04 21:00:00,29.0073,29.3116,29.0073,29.2332,205.85820757
2020-11-04 20:00:00,28.9715,29.0073,28.8596,29.0073,178.75270422
2020-11-04 19:00:00,28.8991,29.0273,28.8991,28.9715,1070.73913376
2020-11-04 18:00:00,28.6139,28.8991,28.6139,28.8991,716.032673
2020-11-04 17:00:00,28.6703,28.7218,28.5448,28.6139,1859.119426
2020-11-04 16:00:00,28.7322,28.882,28.6703,28.6703,852.213546
2020-11-04 15:00:00,28.8449,28.8858,28.6721,28.7322,632.269309
2020-11-04 14:00:00,28.8002,28.8709,28.6784,28.8449,1590.27807
2020-11-04 13:00:00,28.7111,29.0489,28.7,28.8002,4344.190209
2020-11-04 12:00:00,28.5278,29.019,28.5278,28.7111,321.390551
2020-11-04 11:00:00,28.5,28.7083,28.5,28.5278,823.728373
2020-11-04 10:00:00,28.3792,28.5,28.3186,28.5,1406.121566
2020-11-04 09:00:00,28.8329,28.8329,28.3792,28.3792,548.984433
2020-11-04 08:00:00,28.6215,28.9362,28.3765,28.8329,643.01427
2020-11-04 07:00:00,28.7111,28.768,28.6215,28.6215,524.924236
2020-11-04 06:00:00,28.9103,28.9103,28.6987,28.7111,971.833151
2020-11-04 05:00:00,28.8171,28.9433,28.8171,28.9103,974.110786
2020-11-04 04:00:00,28.6932,28.8916,28.6932,28.8171,159.287
2020-11-04 03:00:00,28.5387,28.6989,28.5387,28.6932,557.988372
2020-11-04 02:00:00,28.824,28.843,28.5387,28.5387,216.146
2020-11-04 01:00:00,29.1946,29.2226,28.824,28.824,388.704155
2020-11-04 00:00:00,28.6715,29.2868,28.6715,29.1946,1729.712784
2020-11-03 23:00:00,28.78,28.8816,28.6715,28.6715,1191.35785
2020-11-03 22:00:00,28.5228,28.8747,28.5228,28.78,685.91529
2020-11-03 21:00:00,28.506,28.5446,28.3909,28.5228,750.87622
2020-11-03 20:00:00,28.6174,28.6174,28.363,28.506,918.114552
2020-11-03 19:00:00,28.8008,28.8008,28.5597,28.6174,814.37888893
2020-11-03 18:00:00,28.5151,28.8367,28.4999,28.8008,1067.641079
2020-11-03 17:00:00,28.435,28.5151,28.3352,28.5151,434.30645
2020-11-03 16:00:00,28.4322,28.4354,28.4322,28.435,328.23306
2020-11-03 15:00:00,28.4084,28.4322,28.3911,28.4322,935.105449
2020-11-03 14:00:00,28.5299,28.6016,28.4084,28.4084,795.640149
2020-11-03 13:00:00,28.4582,28.6016,28.4582,28.5299,63.61578
2020-11-03 12:00:00,28.7932,28.7932,28.3187,28.4582,550.257614
2020-11-03 11:00:00,28.5333,28.7932,28.3308,28.7932,1328.501051
2020-11-03 10:00:00,28.5298,28.7147,28.5298,28.5333,504.279401
2020-11-03 09:00:00,28.8942,28.9144,28.4922,28.5298,1068.772166
2020-11-03 08:00:00,28.5888,28.901,28.4839,28.8942,104.498453
2020-11-03 07:00:00,28.7227,28.7517,28.5888,28.5888,113.958191
2020-11-03 06:00:00,28.575,28.8133,28.575,28.7227,106.434356
2020-11-03 05:00:00,28.575,28.575,28.575,28.575,0.0
2020-11-03 04:00:00,28.7864,28.7864,28.575,28.575,174.913075
2020-11-03 03:00:00,28.6718,28.8343,28.6718,28.7864,471.459028
2020-11-03 02:00:00,28.6718,28.6718,28.6718,28.6718,0.0
2020-11-03 01:00:00,28.6629,28.6718,28.5101,28.6718,174.454497
2020-11-03 00:00:00,28.38,28.6629,28.38,28.6629,286.578508
2020-11-02 23:00:00,28.2137,28.38,27.921,28.38,1976.839485
2020-11-02 22:00:00,28.4877,28.4877,28.1386,28.2137,2007.718701
2020-11-02 21:00:00,29.4726,29.5057,28.4175,28.4877,1195.688603
2020-11-02 20:00:00,29.6081,29.6081,29.4726,29.4726,388.021675
2020-11-02 19:00:00,29.624,29.624,29.55,29.6081,465.157938
2020-11-02 18:00:00,29.5222,30.0,29.5092,29.624,3732.974726
2020-11-02 17:00:00,29.6171,29.6171,29.4346,29.5222,455.402511
2020-11-02 16:00:00,29.7393,29.836,29.6032,29.6171,118.099871
2020-11-02 15:00:00,29.6429,29.8783,29.6429,29.7393,1680.121247
2020-11-02 14:00:00,29.6216,29.6686,29.607,29.6429,314.456042
2020-11-02 13:00:00,29.7529,29.8502,29.5739,29.6216,663.936651
2020-11-02 12:00:00,29.6278,29.8623,29.5614,29.7529,1947.732752
2020-11-02 11:00:00,29.9401,29.9401,29.5879,29.6278,1131.481873
2020-11-02 10:00:00,29.85,30.1781,29.813,29.9401,1031.991175
2020-11-02 09:00:00,29.7862,29.85,29.6555,29.85,2394.494688
2020-11-02 08:00:00,29.7403,29.8033,29.6238,29.7862,293.620402
2020-11-02 07:00:00,29.7198,30.0,29.513,29.7403,779.54863
2020-11-02 06:00:00,29.8862,29.8862,29.5314,29.7198,507.424135
2020-11-02 05:00:00,29.989,29.989,29.8151,29.8862,235.665251
2020-11-02 04:00:00,30.0,30.0,29.989,29.989,0.122282
2020-11-02 03:00:00,30.8342,30.8784,30.0,30.0,1583.48546
2020-11-02 02:00:00,30.9209,30.9209,30.8342,30.8342,86.389463
2020-11-02 01:00:00,30.7887,31.0,30.7887,30.9209,95.529757
2020-11-02 00:00:00,30.8049,30.8049,30.6742,30.7887,199.108834
2020-11-01 23:00:00,31.0882,31.0882,30.8049,30.8049,5754.03001938
2020-11-01 22:00:00,31.1321,31.1483,31.0431,31.0882,1149.134953
2020-11-01 21:00:00,31.6,31.6,31.0711,31.1321,759.122322
2020-11-01 20:00:00,31.8888,31.8888,31.4529,31.6,1157.695707
2020-11-01 19:00:00,31.2698,31.8981,31.2698,31.8888,1114.41568162
2020-11-01 18:00:00,31.1471,31.2698,31.131,31.2698,313.48808
2020-11-01 17:00:00,31.2209,31.2275,31.0191,31.1471,631.944332
2020-11-01 16:00:00,31.209,31.2209,30.9593,31.2209,764.480421
2020-11-01 15:00:00,30.9911,31.209,30.8677,31.209,1498.821449
2020-11-01 14:00:00,31.0972,31.1647,30.8841,30.9911,1670.458077
2020-11-01 13:00:00,31.218,31.237,31.0972,31.0972,749.63538881
2020-11-01 12:00:00,30.9439,31.2383,30.9439,31.218,851.658526
2020-11-01 11:00:00,31.1811,31.1811,30.8752,30.9439,509.280713
2020-11-01 10:00:00,31.1384,31.2492,31.0329,31.1811,548.876059
2020-11-01 09:00:00,30.9135,31.2696,30.9135,31.1384,365.315545
2020-11-01 08:00:00,30.8211,30.996,30.8211,30.9135,24.716054
2020-11-01 07:00:00,30.8794,30.8794,30.8211,30.8211,3.13185
2020-11-01 06:00:00,31.0065,31.0065,30.8794,30.8794,15.442931
2020-11-01 05:00:00,30.7766,31.0338,30.7766,31.0065,30.023421
2020-11-01 04:00:00,30.8729,30.8729,30.7766,30.7766,332.647249
2020-11-01 03:00:00,31.0828,31.0828,30.8729,30.8729,2.62337
2020-11-01 02:00:00,31.3499,31.3499,31.0828,31.0828,2.05953
2020-11-01 01:00:00,31.2574,31.3499,31.2574,31.3499,194.8
2020-11-01 01:00:00,31.1841,31.411,31.1623,31.2574,21.805839
2020-11-01 00:00:00,30.9164,31.1841,30.9164,31.1841,184.302915
2020-10-31 23:00:00,30.7323,30.9164,30.7323,30.9164,126.644128
2020-10-31 22:00:00,30.9184,31.261,30.7323,30.7323,599.101234
2020-10-31 21:00:00,31.3251,31.42,30.9184,30.9184,173.429279
2020-10-31 20:00:00,31.236,31.6,31.236,31.3251,214.924641
2020-10-31 19:00:00,31.7263,31.7263,30.9459,31.236,215.647085
2020-10-31 18:00:00,31.5229,31.7263,31.3735,31.7263,132.275596
2020-10-31 17:00:00,31.1088,31.6414,31.1088,31.5229,266.547589
2020-10-31 16:00:00,30.9,31.353,30.9,31.1088,681.066596
2020-10-31 15:00:00,30.7362,30.9,30.6961,30.9,43.508951
2020-10-31 14:00:00,30.7313,30.9166,30.5666,30.7362,884.963225
2020-10-31 13:00:00,31.0486,31.0486,30.7313,30.7313,419.118351
2020-10-31 12:00:00,31.5507,31.839,31.0174,31.0486,301.444532
2020-10-31 11:00:00,31.0038,31.5507,30.6617,31.5507,1360.75500078
2020-10-31 10:00:00,31.4427,31.4427,30.6895,31.0038,725.271383
2020-10-31 09:00:00,31.5209,32.0263,31.4427,31.4427,208.488048
2020-10-31 08:00:00,30.2978,32.4564,30.2602,31.5209,6532.742577
2020-10-31 07:00:00,29.6133,30.5443,29.6133,30.2978,392.255277
2020-10-31 06:00:00,29.6909,29.9639,29.5228,29.6133,871.986542
2020-10-31 05:00:00,29.0355,29.7542,29.0355,29.6909,893.486988
2020-10-31 04:00:00,28.6415,29.1215,28.6415,29.0355,299.941411
2020-10-31 03:00:00,28.7253,28.7253,28.6287,28.6415,369.208131
2020-10-31 02:00:00,28.5,28.7857,28.5,28.7253,1219.821103
2020-10-31 01:00:00,29.1151,29.1151,28.5,28.5,749.790554
2020-10-31 00:00:00,29.3166,29.3166,29.0975,29.1151,577.979715
2020-10-30 23:00:00,29.4,29.4,29.0067,29.3166,703.979891
2020-10-30 22:00:00,29.8261,29.943,29.4,29.4,677.37917876
2020-10-30 21:00:00,29.3042,29.8653,29.3042,29.8261,1715.056598
2020-10-30 20:00:00,29.3524,29.3524,29.0041,29.3042,373.650597
2020-10-30 19:00:00,29.1051,29.3524,29.0867,29.3524,71.114024
2020-10-30 18:00:00,29.18,29.1914,29.0077,29.1051,454.507133
2020-10-30 17:00:00,29.2873,29.6666,29.1761,29.18,1612.747462
2020-10-30 16:00:00,29.1516,29.4306,29.1003,29.2873,1205.611271
2020-10-30 15:00:00,29.2281,29.3238,28.8722,29.1516,1143.791457
2020-10-30 14:00:00,29.0469,29.2281,28.64,29.2281,11591.963179
2020-10-30 13:00:00,29.6705,29.6884,29.0,29.0469,2621.150656
2020-10-30 12:00:00,30.2971,30.2971,29.5714,29.6705,602.83733338
2020-10-30 11:00:00,29.9539,30.2971,29.9539,30.2971,727.745633
2020-10-30 10:00:00,30.3171,30.3171,29.866,29.9539,5197.092606
2020-10-30 09:00:00,30.0132,30.3171,29.854,30.3171,1737.765223
2020-10-30 08:00:00,30.1971,30.3129,30.0132,30.0132,23.320979
2020-10-30 07:00:00,29.4708,30.1971,29.2312,30.1971,698.35016516
2020-10-30 06:00:00,30.319,30.319,29.4708,29.4708,32.9
2020-10-30 05:00:00,30.319,30.319,30.319,30.319,0.0
2020-10-30 04:00:00,30.0261,30.6312,30.0261,30.319,481.973924
2020-10-30 03:00:00,30.4696,30.4696,30.0261,30.0261,347.335339
2020-10-30 02:00:00,30.2377,30.4696,30.2377,30.4696,630.609179
2020-10-30 01:00:00,30.4753,30.4753,30.0381,30.2377,279.537186
2020-10-30 00:00:00,29.7206,30.4753,29.7206,30.4753,38.856956
2020-10-29 23:00:00,30.346,30.5909,29.7206,29.7206,2136.822467
2020-10-29 22:00:00,30.9587,30.9587,30.34,30.346,3184.145528
2020-10-29 21:00:00,32.0953,32.0953,30.6978,30.9587,2700.234348
2020-10-29 20:00:00,32.5388,32.5388,32.0,32.0953,431.428319
2020-10-29 19:00:00,32.4923,32.6208,32.4143,32.5388,466.565485
2020-10-29 18:00:00,32.6676,32.7562,32.4923,32.4923,201.777034
2020-10-29 17:00:00,33.0529,33.0529,32.6591,32.6676,52.84743636
2020-10-29 16:00:00,32.55,33.0648,32.4613,33.0529,2504.12084147
2020-10-29 15:00:00,32.7849,32.8205,32.51,32.55,1301.507009
2020-10-29 14:00:00,32.5693,32.8678,32.5693,32.7849,792.24737
2020-10-29 13:00:00,32.644,32.8957,32.5693,32.5693,881.044199
2020-10-29 12:00:00,32.8427,32.8427,32.4836,32.644,100.527044
2020-10-29 11:00:00,33.6197,33.6197,32.5929,32.8427,1519.811267
2020-10-29 10:00:00,32.9948,33.8182,32.9948,33.6197,639.412471
2020-10-29 09:00:00,32.1643,33.5009,32.1643,32.9948,2017.66262672
2020-10-29 08:00:00,32.787,32.787,31.9186,32.1643,3727.137473
2020-10-29 07:00:00,32.4686,33.0,31.896,32.787,4427.301635
2020-10-29 06:00:00,33.0911,33.0911,32.38,32.4686,1907.017412
2020-10-29 05:00:00,33.1044,33.3153,32.9899,33.0911,2165.83709977
2020-10-29 04:00:00,33.3372,33.4595,33.1044,33.1044,369.277131
2020-10-29 03:00:00,33.6629,33.6629,33.3085,33.3372,118.350013
2020-10-29 02:00:00,33.2066,33.6629,33.2066,33.6629,0.380308
2020-10-29 01:00:00,33.3444,33.4763,33.2066,33.2066,143.771061
2020-10-29 00:00:00,33.9704,33.9704,33.3444,33.3444,321.523473
2020-10-28 23:00:00,33.511,33.9704,33.4901,33.9704,491.820064
2020-10-28 22:00:00,34.1769,34.1769,33.511,33.511,1750.361402
2020-10-28 21:00:00,33.7482,34.1769,33.7482,34.1769,660.367049
2020-10-28 20:00:00,33.61,33.9765,33.4952,33.7482,596.83834081
2020-10-28 19:00:00,33.6127,33.6629,33.4096,33.61,338.242757
2020-10-28 18:00:00,33.6156,34.1109,33.6127,33.6127,774.383928
2020-10-28 17:00:00,33.4889,33.8675,32.9986,33.6156,1696.617343
2020-10-28 16:00:00,33.3181,33.73,33.3181,33.4889,623.739298
2020-10-28 15:00:00,34.1425,34.1425,33.2338,33.3181,2792.708072
2020-10-28 14:00:00,34.1641,34.6299,34.1038,34.1425,2144.508939
2020-10-28 13:00:00,34.2136,34.3649,33.9726,34.1641,1396.119138
2020-10-28 12:00:00,34.7102,34.7102,34.115,34.2136,467.481435
2020-10-28 11:00:00,33.6773,35.1809,33.6773,34.7102,3017.91841
2020-10-28 10:00:00,33.3483,33.8264,33.3483,33.6773,1047.006635
2020-10-28 09:00:00,33.9433,33.9433,33.2307,33.3483,1668.124919
2020-10-28 08:00:00,32.9405,34.1588,32.7806,33.9433,2953.28644
2020-10-28 07:00:00,33.8413,33.8413,32.7288,32.9405,950.681483
2020-10-28 06:00:00,33.8517,33.8517,33.5398,33.8413,121.610233
2020-10-28 05:00:00,34.2117,34.3425,33.7725,33.8517,541.132653
2020-10-28 04:00:00,33.8445,34.2292,33.8092,34.2117,561.17033
2020-10-28 03:00:00,34.4647,34.4647,33.65,33.8445,848.367797
2020-10-28 02:00:00,34.3881,34.6941,34.3616,34.4647,2468.464477
2020-10-28 01:00:00,34.208,34.5934,34.0323,34.3881,484.600137
2020-10-28 00:00:00,34.5754,34.713,34.17,34.208,424.97141354
2020-10-27 23:00:00,34.8563,34.9494,34.3593,34.5754,1538.952718
2020-10-27 22:00:00,35.317,35.317,34.5118,34.8563,2578.806803
2020-10-27 21:00:00,35.5428,35.8021,35.1671,35.317,2735.92952014
2020-10-27 20:00:00,35.1158,36.3348,35.0603,35.5428,1451.444539
2020-10-27 19:00:00,35.6612,35.742,34.8022,35.1158,784.738785
2020-10-27 18:00:00,34.2049,36.0,33.906,35.6612,4478.467703
2020-10-27 17:00:00,34.4867,34.6627,33.9963,34.2049,921.922076
2020-10-27 16:00:00,34.8072,35.1381,34.4867,34.4867,1346.62271581
2020-10-27 15:00:00,34.4681,34.8072,34.2122,34.8072,971.253736
2020-10-27 14:00:00,34.8062,35.039,34.3651,34.4681,588.52605694
2020-10-27 13:00:00,35.061,35.0806,34.6322,34.8062,1028.629851
2020-10-27 12:00:00,34.4253,35.2973,33.9588,35.061,2147.275191
2020-10-27 11:00:00,34.4,34.4968,34.2175,34.4253,423.202687
2020-10-27 10:00:00,34.8362,35.0763,34.104,34.4,1438.021645
2020-10-27 09:00:00,34.9116,35.0373,34.5818,34.8362,366.000661
2020-10-27 08:00:00,34.3001,35.9812,33.9534,34.9116,6635.943396
2020-10-27 07:00:00,34.0698,34.3001,33.4948,34.3001,1835.152277
2020-10-27 06:00:00,34.3091,34.5886,34.0698,34.0698,964.24981
2020-10-27 05:00:00,33.903,34.6545,33.6989,34.3091,1387.54636
2020-10-27 04:00:00,35.7491,35.7491,33.7307,33.903,1357.186066
2020-10-27 03:00:00,35.422,35.8274,35.422,35.7491,2600.661076
2020-10-27 02:00:00,35.7595,36.0878,35.4128,35.422,210.07480531
2020-10-27 01:00:00,35.8235,35.8696,35.4932,35.7595,2465.73954965
2020-10-27 00:00:00,36.1724,36.4724,35.394,35.8235,2609.68814545
2020-10-26 23:00:00,36.4394,38.0469,35.8389,36.1724,2973.3471654
2020-10-26 22:00:00,33.6574,36.5483,33.3549,36.4394,8172.08936721
2020-10-26 21:00:00,33.3068,33.6574,32.9879,33.6574,1606.58213141
2020-10-26 20:00:00,33.76,33.8729,33.1597,33.3068,10562.1583262
2020-10-26 19:00:00,32.6994,34.0861,32.4397,33.76,1705.28539123
2020-10-26 18:00:00,34.1695,34.2191,32.1269,32.6994,1446.698149
2020-10-26 17:00:00,34.8009,34.8009,33.7398,34.1695,584.129852
2020-10-26 16:00:00,35.1658,35.1658,34.4736,34.8009,492.43069472
2020-10-26 15:00:00,34.5779,35.1658,34.55,35.1658,1696.66253137
2020-10-26 14:00:00,34.5852,35.6362,34.544,34.5779,1910.74424024
2020-10-26 13:00:00,33.9798,34.6707,33.535,34.5852,2296.397816
2020-10-26 12:00:00,35.1907,36.4788,33.5623,33.9798,8328.486807
2020-10-26 11:00:00,38.1675,38.183,34.4708,35.1907,14644.067138
2020-10-26 10:00:00,38.6805,38.7789,37.9816,38.1675,590.03352587
2020-10-26 09:00:00,38.3045,38.6963,37.73,38.6805,1595.15370616
2020-10-26 08:00:00,39.0146,39.346,38.1199,38.3045,910.243899
2020-10-26 07:00:00,39.3753,39.7697,38.8503,39.0146,1188.38665002
2020-10-26 06:00:00,39.7753,39.7753,39.0691,39.3753,1469.939841
2020-10-26 05:00:00,38.2733,39.7753,38.2733,39.7753,1777.738336
2020-10-26 04:00:00,38.0919,38.5097,37.636,38.2733,2074.203908
2020-10-26 03:00:00,38.6427,38.6427,37.9688,38.0919,1080.782298
2020-10-26 02:00:00,38.4714,38.7018,38.0606,38.6427,572.44078166
2020-10-26 01:00:00,38.3006,38.82,37.5126,38.4714,2372.846612
2020-10-26 00:00:00,38.1339,39.3566,38.0629,38.3006,1682.29661718
2020-10-25 23:00:00,39.6133,39.8245,38.0458,38.1339,6985.679221
2020-10-25 22:00:00,40.5834,40.6564,38.733,39.6133,2034.939909
2020-10-25 21:00:00,38.0794,40.7049,38.0794,40.5834,5998.55688574
2020-10-25 20:00:00,38.6262,38.999,37.4483,38.0794,5358.668336
2020-10-25 19:00:00,36.4571,39.5154,36.4571,38.6262,8431.082936
2020-10-25 18:00:00,35.6,36.7468,35.6,36.4571,2822.544799
2020-10-25 17:00:00,34.1905,35.6068,34.1905,35.6,3440.87990944
2020-10-25 16:00:00,34.4697,34.8094,34.1014,34.1905,157.139564
2020-10-25 15:00:00,34.7483,34.8075,34.0451,34.4697,1432.92589232
2020-10-25 14:00:00,35.3366,35.7934,34.7263,34.7483,1980.02933252
2020-10-25 13:00:00,35.1034,35.5198,33.9896,35.3366,1602.019526
2020-10-25 12:00:00,32.0951,35.7354,31.5896,35.1034,4413.64745381
2020-10-25 11:00:00,32.2781,33.6941,31.8436,32.0951,1086.680883
2020-10-25 10:00:00,31.9345,32.357,31.1532,32.2781,519.14683333
2020-10-25 09:00:00,31.4206,32.7935,31.4206,31.9345,197.575428
2020-10-25 08:00:00,29.9022,31.75,29.6945,31.4206,589.326415
2020-10-25 07:00:00,30.284,30.8402,29.7349,29.9022,350.877182
2020-10-25 06:00:00,32.3781,32.3781,29.7372,30.284,6667.633601
2020-10-25 05:00:00,32.1682,32.6765,32.0828,32.3781,1665.90106247
2020-10-25 04:00:00,33.3825,33.3825,31.9837,32.1682,316.533252
2020-10-25 03:00:00,33.9287,34.0197,33.094,33.3825,183.63870278
2020-10-25 02:00:00,32.2958,33.9378,31.872,33.9287,540.95316716
2020-10-25 01:00:00,32.8186,33.9792,31.5,32.2958,2497.26607192
2020-10-25 00:00:00,28.5893,38.0005,28.3533,32.8186,24504.58425107
2020-10-24 23:00:00,27.6663,28.98,27.6663,28.5893,4758.86881456
2020-10-24 22:00:00,28.2806,28.547,27.5882,27.6663,11099.86850014
2020-10-24 21:00:00,25.7274,29.0804,25.7211,28.2806,19441.61611944
2020-10-24 20:00:00,25.8406,25.8406,25.334,25.7274,3044.491338
2020-10-24 19:00:00,25.9994,26.1238,25.5392,25.8406,2213.34829865
2020-10-24 18:00:00,26.1087,26.4918,25.8786,25.9994,4045.845835
2020-10-24 17:00:00,25.988,26.2305,25.549,26.1087,7573.063078
2020-10-24 16:00:00,28.1333,28.4187,25.1942,25.988,1312.54903325
2020-10-24 15:00:00,25.8535,28.3433,25.8528,28.1333,259.28753901
2020-10-24 14:00:00,25.853,28.3433,25.7405,25.8535,1409.01726299
2020-10-24 13:00:00,23.556,27.9603,23.556,25.853,1411.5599995
2020-10-24 12:00:00,23.556,23.556,23.556,23.556,0.0
2020-10-24 11:00:00,23.556,23.556,23.556,23.556,0.0
2020-10-24 10:00:00,23.556,23.556,23.556,23.556,0.0
2020-10-24 09:00:00,23.0957,24.0158,23.0957,23.556,4699.79109
2020-10-24 08:00:00,23.0653,23.5484,22.9523,23.0957,5275.356534
2020-10-24 07:00:00,23.0174,23.1365,22.5174,23.0653,4774.742336
2020-10-24 06:00:00,22.6354,23.1835,22.6354,23.0174,3221.702132
2020-10-24 05:00:00,22.5795,22.7498,22.3189,22.6354,3946.389659
2020-10-24 04:00:00,23.8206,23.8206,22.4209,22.5795,6255.659465
2020-10-24 03:00:00,23.3791,24.0299,23.3791,23.8206,974.331328
2020-10-24 02:00:00,23.4068,23.4738,23.2957,23.3791,309.19908373
2020-10-24 01:00:00,23.4609,23.4609,23.2169,23.4068,228.12013
2020-10-24 00:00:00,23.1337,23.6343,23.1145,23.4609,2331.302341
2020-10-23 23:00:00,24.0668,24.0668,22.9461,23.1337,5553.43045677
2020-10-23 22:00:00,23.9174,24.4174,23.9174,24.0668,4046.76413211
2020-10-23 21:00:00,24.1153,24.1465,23.7856,23.9174,6072.02028072
2020-10-23 20:00:00,23.8117,24.4685,23.5439,24.1153,9345.154335
2020-10-23 19:00:00,22.5137,25.5645,22.5137,23.8117,33868.90920045
2020-10-23 18:00:00,22.1362,22.7814,21.9149,22.5137,6313.156783
2020-10-23 17:00:00,20.9835,22.3009,20.9456,22.1362,8068.347832
2020-10-23 16:00:00,21.1724,21.1724,20.9051,20.9835,3280.421056
2020-10-23 15:00:00,21.1506,21.3694,21.09,21.1724,3364.133301
2020-10-23 14:00:00,21.1952,21.3756,20.9984,21.1506,2745.08103615
2020-10-23 13:00:00,20.9093,21.3276,20.6922,21.1952,4254.74398719
2020-10-23 12:00:00,22.3436,22.3555,20.8582,20.9093,13699.286398
2020-10-23 11:00:00,22.3028,22.4232,22.1249,22.3436,4038.92227489
2020-10-23 10:00:00,23.0995,23.0995,22.3028,22.3028,6734.184539
2020-10-23 09:00:00,23.202,23.3443,23.0564,23.0995,1645.152285
2020-10-23 08:00:00,23.259,23.5017,23.1603,23.202,2205.924327
2020-10-23 07:00:00,23.5827,23.5827,23.1393,23.259,2385.052881
2020-10-23 06:00:00,23.822,23.8521,23.43,23.5827,2396.205597
2020-10-23 05:00:00,23.9756,24.403,23.822,23.822,2147.830731
2020-10-23 04:00:00,24.0617,24.0674,23.7649,23.9756,2270.18912258
2020-10-23 03:00:00,23.8984,24.1153,23.7968,24.0617,827.72296224
2020-10-23 02:00:00,23.9306,24.0315,23.5726,23.8984,918.881976
2020-10-23 01:00:00,24.2164,24.2164,23.9306,23.9306,618.603177
2020-10-23 00:00:00,24.1159,24.4004,23.9937,24.2164,497.020326
2020-10-22 23:00:00,24.1304,24.2911,23.9391,24.1159,699.951583
2020-10-22 22:00:00,23.8586,24.45,23.8586,24.1304,2583.67461
2020-10-22 21:00:00,23.7051,23.8811,23.45,23.8586,2066.9464
2020-10-22 20:00:00,23.6565,23.7066,23.1814,23.7051,1350.54179
2020-10-22 19:00:00,23.3677,23.8179,23.2971,23.6565,2882.901618
2020-10-22 18:00:00,22.891,23.5171,22.8123,23.3677,3750.944551
2020-10-22 17:00:00,23.4743,23.4743,22.7612,22.891,2226.88932517
2020-10-22 16:00:00,23.3018,23.5467,23.0789,23.4743,1037.469524
2020-10-22 15:00:00,24.0252,24.108,23.0806,23.3018,1677.248302
2020-10-22 14:00:00,24.2443,24.5176,23.9952,24.0252,707.352854
2020-10-22 13:00:00,24.3871,24.3871,23.9969,24.2443,916.899828
2020-10-22 12:00:00,25.6352,25.6352,23.9356,24.3871,13070.760767
2020-10-22 11:00:00,25.7881,25.8738,25.5878,25.6352,651.065493
2020-10-22 10:00:00,26.0729,26.0729,25.6598,25.7881,880.808311
2020-10-22 09:00:00,26.0702,26.1026,25.8119,26.0729,37.768491
2020-10-22 08:00:00,26.2911,26.4428,25.7472,26.0702,894.886053
2020-10-22 07:00:00,26.2375,26.8814,26.2375,26.2911,4597.609553
2020-10-22 06:00:00,25.8812,26.2947,25.8812,26.2375,546.077872
2020-10-22 05:00:00,25.8181,26.0508,25.8181,25.8812,236.770293
2020-10-22 04:00:00,25.7785,25.8413,25.4578,25.8181,194.616971
2020-10-22 03:00:00,25.4735,25.7785,25.4735,25.7785,1.519468
2020-10-22 02:00:00,25.7822,25.7822,25.4735,25.4735,220.578728
2020-10-22 01:00:00,25.6636,26.1754,25.6636,25.7822,885.015612
2020-10-22 00:00:00,25.9855,26.1517,25.6365,25.6636,580.811866
2020-10-21 23:00:00,26.1947,26.3115,25.9855,25.9855,474.74147
2020-10-21 22:00:00,26.2027,26.3063,25.6649,26.1947,1285.99463403
2020-10-21 21:00:00,25.7254,26.4277,25.6047,26.2027,821.34011753
2020-10-21 20:00:00,26.7054,26.7054,25.3659,25.7254,4476.306285
2020-10-21 19:00:00,27.3776,27.558,26.7054,26.7054,698.290718
2020-10-21 18:00:00,27.8504,27.9,27.3776,27.3776,1661.115175
2020-10-21 17:00:00,28.1,28.1,27.8132,27.8504,2403.032009
2020-10-21 16:00:00,27.9491,28.3065,27.8012,28.1,1140.03407335
2020-10-21 15:00:00,28.0781,28.1197,27.4936,27.9491,2760.692634
2020-10-21 14:00:00,28.6606,28.6606,27.994,28.0781,5967.23554
2020-10-21 13:00:00,28.7045,28.8783,28.3902,28.6606,1414.84216878
2020-10-21 12:00:00,29.0156,29.28,28.5038,28.7045,1611.96426817
2020-10-21 11:00:00,28.2275,29.0758,28.1283,29.0156,837.860742
2020-10-21 10:00:00,28.7452,28.9211,28.2275,28.2275,2489.5701016
2020-10-21 09:00:00,30.2789,30.2789,28.5778,28.7452,1065.230912
2020-10-21 08:00:00,30.3511,30.3511,30.0238,30.2789,3080.336625
2020-10-21 07:00:00,30.3184,30.4763,30.1788,30.3511,115.622553
2020-10-21 06:00:00,30.2044,30.3184,30.1637,30.3184,323.002165
2020-10-21 05:00:00,29.9001,30.3851,29.77,30.2044,841.046733
2020-10-21 04:00:00,30.7446,30.7446,29.9001,29.9001,446.658084
2020-10-21 03:00:00,30.6077,30.7446,30.5,30.7446,19.363228
2020-10-21 02:00:00,31.0,31.0,30.6077,30.6077,96.774932
2020-10-21 01:00:00,31.5967,31.8357,31.0,31.0,380.807192
2020-10-21 00:00:00,31.0687,31.8601,30.9424,31.5967,770.134229
2020-10-20 23:00:00,30.9437,31.2983,30.9164,31.0687,674.702927
2020-10-20 22:00:00,30.7959,31.0892,30.7783,30.9437,161.55814173
2020-10-20 21:00:00,31.0263,31.0263,30.6468,30.7959,491.381498
2020-10-20 20:00:00,31.2167,31.2167,30.7164,31.0263,1247.614388
2020-10-20 19:00:00,30.8439,31.3186,30.781,31.2167,836.232084
2020-10-20 18:00:00,30.4949,30.8439,30.4949,30.8439,179.46512905
2020-10-20 17:00:00,30.3616,30.6205,30.3489,30.4949,273.848066
2020-10-20 16:00:00,30.3137,30.3796,30.1868,30.3616,137.38972469
2020-10-20 15:00:00,30.8841,30.9735,30.1697,30.3137,1340.378116
2020-10-20 14:00:00,30.7418,30.9194,30.6485,30.8841,433.766698
2020-10-20 13:00:00,31.319,31.4272,30.5,30.7418,2592.430027
2020-10-20 12:00:00,32.3076,32.3076,31.2608,31.319,4301.729084
2020-10-20 11:00:00,31.6004,32.5596,31.6004,32.3076,534.048199
2020-10-20 10:00:00,31.5238,31.7773,31.5092,31.6004,474.565226
2020-10-20 09:00:00,31.3803,31.9495,31.3441,31.5238,306.196851
2020-10-20 08:00:00,31.4069,31.6444,31.1352,31.3803,1768.852379
2020-10-20 07:00:00,32.139,32.139,31.3546,31.4069,281.347859
2020-10-20 06:00:00,31.927,32.3571,31.927,32.139,3412.983171
2020-10-20 05:00:00,31.8952,32.0567,31.4744,31.927,823.844599
2020-10-20 04:00:00,32.3707,32.3919,31.7904,31.8952,980.791126
2020-10-20 03:00:00,32.7909,32.7909,32.3707,32.3707,355.111641
2020-10-20 02:00:00,32.4944,32.7909,32.1926,32.7909,1304.576304
2020-10-20 01:00:00,32.1215,32.6323,32.1215,32.4944,362.88044794
2020-10-20 00:00:00,33.0096,33.0096,32.1215,32.1215,890.410516
2020-10-19 23:00:00,33.0007,33.683,32.9554,33.0096,1241.362756
2020-10-19 22:00:00,33.0054,33.1902,32.8511,33.0007,577.021289
2020-10-19 21:00:00,33.8803,33.8803,32.619,33.0054,1449.727151
2020-10-19 20:00:00,33.8483,33.948,33.5241,33.8803,2151.535399
2020-10-19 19:00:00,34.0871,34.2835,33.6353,33.8483,4652.849576
2020-10-19 18:00:00,34.1394,35.0439,34.0871,34.0871,1501.646561
2020-10-19 17:00:00,33.3605,34.6157,33.3605,34.1394,1840.363419
2020-10-19 16:00:00,33.4431,33.5752,33.0734,33.3605,1434.069117
2020-10-19 15:00:00,32.7394,33.6479,32.6001,33.4431,2666.90482686
2020-10-19 14:00:00,32.1566,32.7394,32.0523,32.7394,908.608651
2020-10-19 13:00:00,32.6138,32.7994,32.1566,32.1566,799.15005415
2020-10-19 12:00:00,32.2593,33.678,32.0547,32.6138,1745.96418608
2020-10-19 11:00:00,32.3024,33.0749,32.1154,32.2593,1314.761633
2020-10-19 10:00:00,31.7634,32.3024,31.1641,32.3024,11870.782007
2020-10-19 09:00:00,31.8913,32.5,31.422,31.7634,3236.425451
2020-10-19 08:00:00,31.8488,32.7848,31.2251,31.8913,5619.083562
2020-10-19 07:00:00,31.1835,31.8488,31.1835,31.8488,1546.138252
2020-10-19 06:00:00,30.951,31.7189,30.172,31.1835,2843.189632
2020-10-19 05:00:00,30.9893,31.2969,30.7904,30.951,374.066462
2020-10-19 04:00:00,31.6137,31.6137,30.6585,30.9893,2264.53888484
2020-10-19 03:00:00,33.2926,33.2926,31.5,31.6137,5116.35325
2020-10-19 02:00:00,31.4906,34.0886,31.4906,33.2926,5315.242729
2020-10-19 01:00:00,31.076,31.6872,30.7719,31.4906,2950.95723
2020-10-19 00:00:00,31.0035,31.5456,30.3675,31.076,4830.072263
2020-10-18 23:00:00,30.4387,31.0035,29.9845,31.0035,3219.624103
2020-10-18 22:00:00,31.3722,31.7717,30.1407,30.4387,3818.33984
2020-10-18 21:00:00,30.5582,32.0604,30.2639,31.3722,2847.08754122
2020-10-18 20:00:00,32.4074,32.7028,30.0,30.5582,11467.80149
2020-10-18 19:00:00,32.0726,32.8228,31.948,32.4074,1273.249409
2020-10-18 18:00:00,33.1887,33.4556,32.0169,32.0726,2396.351798
2020-10-18 17:00:00,33.7499,33.9372,32.8384,33.1887,1956.657297
2020-10-18 16:00:00,34.3446,34.4433,33.6838,33.7499,1277.420958
2020-10-18 15:00:00,34.0,34.3612,33.5157,34.3446,3345.03372
2020-10-18 14:00:00,35.2668,35.6199,34.0,34.0,1748.151258
2020-10-18 13:00:00,35.5104,35.5579,34.9967,35.2668,1358.467261
2020-10-18 12:00:00,34.9087,36.3586,34.251,35.5104,3356.421622
2020-10-18 11:00:00,35.3027,35.7638,34.517,34.9087,2379.489841
2020-10-18 10:00:00,35.4222,37.046,35.3027,35.3027,1299.03206
2020-10-18 09:00:00,35.0,35.6358,34.9015,35.4222,1697.993927
2020-10-18 08:00:00,35.3164,35.5289,34.6006,35.0,846.096263
2020-10-18 07:00:00,35.7048,36.5614,35.22,35.3164,1296.91198
2020-10-18 06:00:00,36.4509,36.7109,35.5846,35.7048,1271.972464
2020-10-18 05:00:00,37.9675,37.9675,36.071,36.4509,753.526857
2020-10-18 04:00:00,39.6305,39.6305,37.889,37.9675,805.454653
2020-10-18 03:00:00,40.2426,40.2486,39.4858,39.6305,716.767864
2020-10-18 02:00:00,39.9609,40.9455,39.9609,40.2426,583.723831
2020-10-18 01:00:00,39.936,40.3097,39.6965,39.9609,1008.40273655
2020-10-18 00:00:00,40.0821,40.45,39.5791,39.936,1208.20425917
2020-10-17 23:00:00,40.2262,40.3263,39.2215,40.0821,1332.445192
2020-10-17 22:00:00,41.3754,41.3848,40.2262,40.2262,622.044551
2020-10-17 21:00:00,41.524,41.9541,41.2668,41.3754,309.125367
2020-10-17 20:00:00,42.2743,42.2743,41.397,41.524,1055.25203
2020-10-17 19:00:00,42.6721,42.7658,41.6951,42.2743,1412.17842914
2020-10-17 18:00:00,41.5776,42.9255,41.5776,42.6721,3183.43200647
2020-10-17 17:00:00,41.5855,41.9786,41.5029,41.5776,774.05513504
2020-10-17 16:00:00,41.2415,41.84,40.6384,41.5855,1832.116518
2020-10-17 15:00:00,41.224,41.909,41.0193,41.2415,824.73428956
2020-10-17 14:00:00,42.9175,43.3458,40.8521,41.224,1852.341675
2020-10-17 13:00:00,42.1621,42.9696,41.9568,42.9175,2528.12872192
2020-10-17 12:00:00,45.8885,45.8885,41.6596,42.1621,894.25423053
2020-10-17 11:00:00,45.0704,46.2852,44.7088,45.8885,607.156504
2020-10-17 10:00:00,43.5955,45.3799,43.5269,45.0704,730.16902623
2020-10-17 09:00:00,44.0379,44.2304,43.3291,43.5955,1228.069378
2020-10-17 08:00:00,44.9455,45.1711,43.5,44.0379,1958.350237
2020-10-17 07:00:00,45.2362,45.6817,44.3656,44.9455,2076.756797
2020-10-17 06:00:00,44.6269,45.5069,43.612,45.2362,1297.692747
2020-10-17 05:00:00,46.0692,46.0692,43.5836,44.6269,1738.322482
2020-10-17 04:00:00,45.2865,46.6152,44.4649,46.0692,1904.699553
2020-10-17 03:00:00,43.4606,45.5669,43.0147,45.2865,1245.043664
2020-10-17 02:00:00,45.9531,45.9531,43.4606,43.4606,312.176264
2020-10-17 01:00:00,47.2052,47.2052,45.3921,45.9531,3013.158324
2020-10-17 00:00:00,50.2521,50.2521,46.7627,47.2052,1815.49921478
2020-10-16 23:00:00,48.0713,50.7142,47.6206,50.2521,1116.39663471
2020-10-16 22:00:00,48.2612,48.5308,46.2957,48.0713,1120.67325965
2020-10-16 21:00:00,44.1653,48.2612,43.5748,48.2612,1841.94537519
2020-10-16 20:00:00,44.8294,44.8294,42.5607,44.1653,2304.32750507
2020-10-16 19:00:00,42.767,45.4115,42.0956,44.8294,1122.60837993
2020-10-16 18:00:00,45.0,45.3334,41.5933,42.767,10526.47405629
2020-10-16 17:00:00,44.0527,46.9765,42.965,45.0,2129.71675548
2020-10-16 16:00:00,39.9493,44.5,39.0,44.0527,4357.44516162
2020-10-16 15:00:00,46.125,46.125,39.7393,39.9493,2255.81655569
2020-10-16 14:00:00,45.4863,47.8727,45.182,46.125,1599.415179
2020-10-16 13:00:00,47.0063,47.0063,44.6058,45.4863,2758.85042619
2020-10-16 12:00:00,52.1778,52.1778,44.6742,47.0063,2885.2224065
2020-10-16 11:00:00,52.4242,53.3741,49.8256,52.1778,3085.14776532
2020-10-16 10:00:00,54.5576,55.5794,51.0756,52.4242,1006.797581
2020-10-16 09:00:00,55.0317,56.765,54.4095,54.5576,1440.22757017
2020-10-16 08:00:00,54.8116,55.7567,53.0278,55.0317,2507.64997809
2020-10-16 07:00:00,55.6908,56.2466,51.366,54.8116,10843.430795
2020-10-16 06:00:00,59.8267,60.43,55.6908,55.6908,2043.4161484
2020-10-16 05:00:00,61.004,62.2773,59.6632,59.8267,956.75494343
2020-10-16 04:00:00,63.0312,63.0312,61.004,61.004,406.082759
2020-10-16 03:00:00,64.1942,65.2819,62.8667,63.0312,377.866042
2020-10-16 02:00:00,64.0108,67.6592,62.0248,64.1942,1909.91359815
2020-10-16 01:00:00,61.3618,66.0053,61.173,64.0108,2462.96004244
2020-10-16 00:00:00,70.0572,70.0572,61.3618,61.3618,1798.33000526
2020-10-15 23:00:00,68.9399,71.1552,65.2961,70.0572,2282.89944495
2020-10-15 22:00:00,72.0432,72.5366,66.0,68.9399,3096.06804173
2020-10-15 21:00:00,71.749,73.5633,65.8012,72.0432,7118.68901925
2020-10-15 20:00:00,61.2092,76.449,61.2092,71.749,11971.14904106
2020-10-15 19:00:00,64.0802,65.3334,59.955,61.2092,5312.71180688
2020-10-15 18:00:00,54.9083,64.0802,53.2827,64.0802,6639.79771309
2020-10-15 17:00:00,71.3646,78.7302,52.7501,54.9083,17083.61136947
2020-10-15 16:00:00,58.8971,73.0024,58.8971,71.3646,8647.5850904
2020-10-15 15:00:00,55.425,59.3796,52.7753,58.8971,3339.13988426
2020-10-15 14:00:00,66.6544,72.3992,55.425,55.425,2150.92772087
2020-10-15 13:00:00,101.188,116.0068,65.0,66.6544,19788.66134316
2020-10-15 12:00:00,33.228,119.2644,31.8984,101.188,16129.41509083
2020-10-15 11:00:00,0.0,120.0,0.0,33.228,24908.58286847
