Epoch Time,Open,High,Low,Close,Volume,Date (UTC),Time (UTC)
1607490000000,69.83,69.92,69.83,69.92,0.683221,2020-12-09,05:00:00
1607486400000,69.88,69.88,69.66,69.83,92.334991,2020-12-09,04:00:00
1607482800000,69.97,69.97,69.54,69.88,147.63817727,2020-12-09,03:00:00
1607479200000,69.78,69.97,69.51,69.97,40.772316,2020-12-09,02:00:00
1607475600000,69.1,69.78,69.1,69.78,30.539231,2020-12-09,01:00:00
1607472000000,69.32,69.92,68.78,69.1,191.313404,2020-12-09,00:00:00
1607468400000,69.0,69.81,68.75,69.32,344.764966,2020-12-08,23:00:00
1607464800000,70.35,70.89,69.0,69.0,134.63341409,2020-12-08,22:00:00
1607461200000,70.25,70.68,69.86,70.35,243.95004158,2020-12-08,21:00:00
1607457600000,71.48,71.56,70.25,70.25,169.529045,2020-12-08,20:00:00
1607454000000,72.06,72.12,71.48,71.48,278.94825,2020-12-08,19:00:00
1607450400000,71.95,72.52,71.95,72.06,11.434378,2020-12-08,18:00:00
1607446800000,71.71,71.98,71.43,71.95,36.603002,2020-12-08,17:00:00
1607443200000,71.73,72.21,71.06,71.71,317.2543031,2020-12-08,16:00:00
1607439600000,72.58,72.6,71.7,71.73,111.065303,2020-12-08,15:00:00
1607436000000,72.19,72.7,72.08,72.58,401.408428,2020-12-08,14:00:00
1607432400000,71.52,72.48,71.52,72.19,88.784757,2020-12-08,13:00:00
1607428800000,71.65,71.79,70.8,71.52,52.30716,2020-12-08,12:00:00
1607425200000,72.0,72.0,71.65,71.65,195.128543,2020-12-08,11:00:00
1607421600000,71.9,72.5,71.9,72.0,38.100773,2020-12-08,10:00:00
1607418000000,73.16,73.73,71.65,71.9,331.778199,2020-12-08,09:00:00
1607414400000,74.24,74.24,73.16,73.16,101.099951,2020-12-08,08:00:00
1607410800000,74.7,74.7,74.24,74.24,165.905081,2020-12-08,07:00:00
1607407200000,74.86,74.87,74.7,74.7,1.645795,2020-12-08,06:00:00
1607403600000,74.56,75.03,74.41,74.86,102.032613,2020-12-08,05:00:00
1607400000000,74.1,74.59,74.1,74.56,0.08479984,2020-12-08,04:00:00
1607396400000,75.04,75.04,73.9,74.1,678.448778,2020-12-08,03:00:00
1607392800000,75.04,75.04,74.86,75.04,1.01681414,2020-12-08,02:00:00
1607389200000,75.62,75.62,74.72,75.04,21.984009,2020-12-08,01:00:00
1607385600000,75.3,75.62,75.03,75.62,2.573782,2020-12-08,00:00:00
1607382000000,74.75,75.3,74.75,75.3,502.161889,2020-12-07,23:00:00
1607378400000,74.46,74.75,74.43,74.75,89.718102,2020-12-07,22:00:00
1607374800000,74.36,74.5,74.14,74.46,37.471661,2020-12-07,21:00:00
1607371200000,74.05,74.62,74.0,74.36,82.72706,2020-12-07,20:00:00
1607367600000,74.0,74.58,73.72,74.05,199.331398,2020-12-07,19:00:00
1607364000000,76.05,76.05,74.0,74.0,169.568809,2020-12-07,18:00:00
1607360400000,76.41,76.41,76.0,76.05,12.547016,2020-12-07,17:00:00
1607356800000,75.0,76.68,75.0,76.41,107.668639,2020-12-07,16:00:00
1607353200000,74.74,75.34,74.44,75.0,102.57216978,2020-12-07,15:00:00
1607349600000,73.95,74.74,73.95,74.74,10.605556,2020-12-07,14:00:00
1607346000000,74.86,75.01,73.95,73.95,408.094603,2020-12-07,13:00:00
1607342400000,73.94,74.98,73.94,74.86,43.71364364,2020-12-07,12:00:00
1607338800000,74.34,74.34,73.94,73.94,0.069024,2020-12-07,11:00:00
1607335200000,74.36,74.36,74.32,74.34,6.5,2020-12-07,10:00:00
1607331600000,75.16,75.16,74.11,74.36,2.184494,2020-12-07,09:00:00
1607328000000,75.16,75.16,75.16,75.16,0.0,2020-12-07,08:00:00
1607324400000,75.06,75.33,75.06,75.16,44.244732,2020-12-07,07:00:00
1607320800000,74.9,75.06,74.81,75.06,1.053163,2020-12-07,06:00:00
1607317200000,74.95,75.13,74.79,74.9,9.71881393,2020-12-07,05:00:00
1607313600000,74.75,74.95,74.41,74.95,7.23195511,2020-12-07,04:00:00
1607310000000,74.2,74.77,74.2,74.75,2.672319,2020-12-07,03:00:00
1607306400000,74.53,74.69,74.04,74.2,82.33821492,2020-12-07,02:00:00
1607302800000,76.59,76.59,74.51,74.53,23.10935,2020-12-07,01:00:00
1607299200000,74.74,76.59,74.01,76.59,568.335815,2020-12-07,00:00:00
1607295600000,72.97,74.74,72.97,74.74,101.583866,2020-12-06,23:00:00
1607292000000,72.99,73.3,72.97,72.97,30.261091,2020-12-06,22:00:00
1607288400000,73.46,73.46,72.99,72.99,0.027019,2020-12-06,21:00:00
1607284800000,72.5,73.6,72.35,73.46,258.53436018,2020-12-06,20:00:00
1607281200000,71.49,72.5,71.49,72.5,152.109432,2020-12-06,19:00:00
1607277600000,71.45,71.49,71.45,71.49,11.84670149,2020-12-06,18:00:00
1607274000000,71.49,71.49,70.97,71.45,60.874794,2020-12-06,17:00:00
1607270400000,71.06,71.49,71.0,71.49,53.361547,2020-12-06,16:00:00
1607266800000,71.27,71.63,71.06,71.06,12.126012,2020-12-06,15:00:00
1607263200000,70.76,71.27,70.76,71.27,4.489452,2020-12-06,14:00:00
1607259600000,70.76,70.76,70.76,70.76,0.0,2020-12-06,13:00:00
1607256000000,70.76,70.76,70.76,70.76,3e-06,2020-12-06,12:00:00
1607252400000,71.0,72.49,70.76,70.76,4.33159,2020-12-06,11:00:00
1607248800000,71.6,71.6,71.0,71.0,25.0,2020-12-06,10:00:00
1607245200000,71.68,72.33,71.55,71.6,3.33004849,2020-12-06,09:00:00
1607241600000,72.77,72.93,71.68,71.68,6.44404,2020-12-06,08:00:00
1607238000000,71.86,72.77,71.86,72.77,2.695501,2020-12-06,07:00:00
1607234400000,72.47,72.54,71.86,71.86,3.121937,2020-12-06,06:00:00
1607230800000,72.61,72.61,72.2,72.47,81.807163,2020-12-06,05:00:00
1607227200000,72.32,72.63,72.29,72.61,257.53304,2020-12-06,04:00:00
1607223600000,72.53,72.53,72.2,72.32,302.85,2020-12-06,03:00:00
1607220000000,72.73,72.73,72.22,72.53,73.5308194,2020-12-06,02:00:00
1607216400000,72.49,72.92,72.45,72.73,56.52274399,2020-12-06,01:00:00
1607212800000,71.75,72.5,71.75,72.49,108.671372,2020-12-06,00:00:00
1607209200000,71.2,71.77,71.2,71.75,213.00502179,2020-12-05,23:00:00
1607205600000,71.68,71.72,71.13,71.2,15.367112,2020-12-05,22:00:00
1607202000000,71.39,72.48,71.39,71.68,34.532259,2020-12-05,21:00:00
1607198400000,72.33,72.33,71.39,71.39,2.861894,2020-12-05,20:00:00
1607194800000,72.32,72.42,71.92,72.33,22.962093,2020-12-05,19:00:00
1607191200000,72.24,72.38,72.19,72.32,302.210718,2020-12-05,18:00:00
1607187600000,72.17,72.27,72.17,72.24,6.768597,2020-12-05,17:00:00
1607184000000,72.26,72.26,71.57,72.17,52.398966,2020-12-05,16:00:00
1607180400000,71.77,72.26,71.77,72.26,6.75538685,2020-12-05,15:00:00
1607176800000,71.6,71.79,71.6,71.77,9.290119,2020-12-05,14:00:00
1607173200000,72.17,72.17,71.11,71.6,41.90143,2020-12-05,13:00:00
1607169600000,72.03,72.29,71.94,72.17,5.697184,2020-12-05,12:00:00
1607166000000,72.33,72.33,71.79,72.03,6.259618,2020-12-05,11:00:00
1607162400000,72.33,72.34,72.33,72.33,2.718748,2020-12-05,10:00:00
1607158800000,72.4,72.6,72.2,72.33,300.386708,2020-12-05,09:00:00
1607155200000,71.0,72.4,71.0,72.4,49.902683,2020-12-05,08:00:00
1607151600000,71.66,71.68,71.0,71.0,50.46072006,2020-12-05,07:00:00
1607148000000,71.74,71.74,71.32,71.66,39.469172,2020-12-05,06:00:00
1607144400000,71.79,71.8,70.39,71.74,222.945442,2020-12-05,05:00:00
1607140800000,71.13,71.8,71.13,71.79,55.495835,2020-12-05,04:00:00
1607137200000,70.8,71.13,70.56,71.13,43.180239,2020-12-05,03:00:00
1607133600000,70.79,70.8,69.63,70.8,27.5898969,2020-12-05,02:00:00
1607130000000,70.71,70.79,70.0,70.79,7.546947,2020-12-05,01:00:00
1607126400000,69.5,70.71,69.03,70.71,69.73572,2020-12-05,00:00:00
1607122800000,68.39,70.66,68.39,69.5,384.25663491,2020-12-04,23:00:00
1607119200000,71.67,71.67,68.39,68.39,426.971859,2020-12-04,22:00:00
1607115600000,73.0,73.39,71.67,71.67,252.606965,2020-12-04,21:00:00
1607112000000,73.12,73.6,73.0,73.0,39.95721905,2020-12-04,20:00:00
1607108400000,73.06,73.6,73.06,73.12,123.36377727,2020-12-04,19:00:00
1607104800000,72.73,73.23,72.73,73.06,32.13244377,2020-12-04,18:00:00
1607101200000,72.31,73.22,72.31,72.73,33.541247,2020-12-04,17:00:00
1607097600000,73.5,73.5,72.22,72.31,1016.327197,2020-12-04,16:00:00
1607094000000,74.53,74.53,72.93,73.5,101.528083,2020-12-04,15:00:00
1607090400000,73.58,74.53,72.46,74.53,1452.52340858,2020-12-04,14:00:00
1607086800000,72.72,73.68,72.72,73.58,7.839877,2020-12-04,13:00:00
1607083200000,73.55,73.55,72.61,72.72,49.851067,2020-12-04,12:00:00
1607079600000,74.61,74.61,73.55,73.55,418.929692,2020-12-04,11:00:00
1607076000000,76.47,76.47,74.01,74.61,15.49996572,2020-12-04,10:00:00
1607072400000,75.81,76.47,75.81,76.47,4.757555,2020-12-04,09:00:00
1607068800000,75.54,76.03,75.4,75.81,101.88428628,2020-12-04,08:00:00
1607065200000,75.39,75.54,75.39,75.54,0.243809,2020-12-04,07:00:00
1607061600000,75.38,75.39,75.38,75.39,3.6313871,2020-12-04,06:00:00
1607058000000,75.08,75.38,74.61,75.38,15.118999,2020-12-04,05:00:00
1607054400000,74.07,75.09,74.06,75.08,490.164285,2020-12-04,04:00:00
1607050800000,75.86,75.9,74.04,74.07,695.999371,2020-12-04,03:00:00
1607047200000,75.9,75.9,75.86,75.86,6.460519,2020-12-04,02:00:00
1607043600000,76.1,76.1,75.9,75.9,1278.089207,2020-12-04,01:00:00
1607040000000,75.69,76.1,75.5,76.1,83.56837,2020-12-04,00:00:00
1607036400000,75.9,76.32,75.69,75.69,133.364575,2020-12-03,23:00:00
1607032800000,75.91,76.3,75.66,75.9,1783.49955199,2020-12-03,22:00:00
1607029200000,75.47,75.91,75.16,75.91,346.387231,2020-12-03,21:00:00
1607025600000,75.74,75.92,75.47,75.47,68.38514,2020-12-03,20:00:00
1607022000000,75.82,75.96,75.72,75.74,62.129477,2020-12-03,19:00:00
1607018400000,75.92,76.23,75.82,75.82,67.63890653,2020-12-03,18:00:00
1607014800000,76.24,76.24,75.51,75.92,44.724367,2020-12-03,17:00:00
1607011200000,76.52,76.97,76.24,76.24,97.923497,2020-12-03,16:00:00
1607007600000,76.21,76.52,75.8,76.52,227.997909,2020-12-03,15:00:00
1607004000000,75.75,76.21,75.27,76.21,417.641156,2020-12-03,14:00:00
1607000400000,75.7,75.83,75.61,75.75,31.446228,2020-12-03,13:00:00
1606996800000,76.05,76.05,75.67,75.7,3.291065,2020-12-03,12:00:00
1606993200000,75.94,76.41,75.94,76.05,113.705252,2020-12-03,11:00:00
1606989600000,75.83,76.01,75.83,75.94,0.633153,2020-12-03,10:00:00
1606986000000,76.5,76.59,75.83,75.83,18.044052,2020-12-03,09:00:00
1606982400000,75.72,76.55,75.62,76.5,241.963754,2020-12-03,08:00:00
1606978800000,74.95,75.72,74.7,75.72,16.621571,2020-12-03,07:00:00
1606975200000,75.54,75.54,74.58,74.95,173.194717,2020-12-03,06:00:00
1606971600000,75.78,76.24,75.54,75.54,3.771345,2020-12-03,05:00:00
1606968000000,76.3,76.46,75.78,75.78,16.747753,2020-12-03,04:00:00
1606964400000,75.77,76.54,75.77,76.3,124.965978,2020-12-03,03:00:00
1606960800000,76.24,76.24,75.77,75.77,0.002316,2020-12-03,02:00:00
1606957200000,76.78,76.78,76.22,76.24,88.0040651,2020-12-03,01:00:00
1606953600000,76.5,77.21,76.23,76.78,3.026873,2020-12-03,00:00:00
1606950000000,76.09,77.0,76.0,76.5,172.21791,2020-12-02,23:00:00
1606946400000,76.16,76.87,76.09,76.09,277.55379874,2020-12-02,22:00:00
1606942800000,76.24,76.42,75.79,76.16,42.531227,2020-12-02,21:00:00
1606939200000,75.97,76.4,75.54,76.24,539.315565,2020-12-02,20:00:00
1606935600000,75.92,76.0,75.63,75.97,158.986345,2020-12-02,19:00:00
1606932000000,74.95,75.92,74.95,75.92,124.400545,2020-12-02,18:00:00
1606928400000,74.01,75.16,74.01,74.95,33.65587228,2020-12-02,17:00:00
1606924800000,74.89,75.0,73.97,74.01,260.900355,2020-12-02,16:00:00
1606921200000,75.25,75.53,74.8,74.89,310.019057,2020-12-02,15:00:00
1606917600000,75.98,76.03,75.01,75.25,578.134299,2020-12-02,14:00:00
1606914000000,75.7,75.98,75.54,75.98,46.496055,2020-12-02,13:00:00
1606910400000,76.52,76.52,75.57,75.7,6.531585,2020-12-02,12:00:00
1606906800000,75.66,76.52,75.66,76.52,7.955543,2020-12-02,11:00:00
1606903200000,76.02,76.02,75.5,75.66,90.224675,2020-12-02,10:00:00
1606899600000,76.17,76.2,75.93,76.02,39.734095,2020-12-02,09:00:00
1606896000000,76.13,76.17,76.01,76.17,2.072709,2020-12-02,08:00:00
1606892400000,75.43,76.44,75.43,76.13,35.22508256,2020-12-02,07:00:00
1606888800000,73.97,75.43,73.97,75.43,74.406617,2020-12-02,06:00:00
1606885200000,74.4,74.41,73.97,73.97,23.384186,2020-12-02,05:00:00
1606881600000,74.31,74.78,73.62,74.4,332.710639,2020-12-02,04:00:00
1606878000000,74.9,75.35,74.31,74.31,110.721323,2020-12-02,03:00:00
1606874400000,76.32,76.32,74.38,74.9,73.268831,2020-12-02,02:00:00
1606870800000,75.88,76.32,75.48,76.32,57.971902,2020-12-02,01:00:00
1606867200000,74.9,76.18,74.25,75.88,134.498077,2020-12-02,00:00:00
1606863600000,77.75,77.75,74.9,74.9,229.653025,2020-12-01,23:00:00
1606860000000,78.19,79.14,77.75,77.75,5.327939,2020-12-01,22:00:00
1606856400000,78.18,78.9,78.01,78.19,41.60572,2020-12-01,21:00:00
1606852800000,77.57,79.02,77.57,78.18,1460.162852,2020-12-01,20:00:00
1606849200000,75.5,78.13,75.5,77.57,295.032788,2020-12-01,19:00:00
1606845600000,76.89,76.89,75.49,75.5,189.548479,2020-12-01,18:00:00
1606842000000,76.88,77.46,76.07,76.89,691.725681,2020-12-01,17:00:00
1606838400000,78.07,78.76,76.06,76.88,103.235749,2020-12-01,16:00:00
1606834800000,78.53,79.96,78.07,78.07,107.704401,2020-12-01,15:00:00
1606831200000,75.14,78.86,74.78,78.53,1054.57304035,2020-12-01,14:00:00
1606827600000,74.8,76.51,72.51,75.14,72.48571588,2020-12-01,13:00:00
1606824000000,79.69,79.69,71.84,74.8,1807.06211292,2020-12-01,12:00:00
1606820400000,81.09,82.24,78.55,79.69,759.825316,2020-12-01,11:00:00
1606816800000,79.89,81.17,79.89,81.09,23.795283,2020-12-01,10:00:00
1606813200000,79.78,80.18,79.77,79.89,23.415704,2020-12-01,09:00:00
1606809600000,80.1,80.44,79.26,79.78,12.549119,2020-12-01,08:00:00
1606806000000,78.99,80.11,78.99,80.1,34.401799,2020-12-01,07:00:00
1606802400000,80.08,80.15,78.82,78.99,129.234421,2020-12-01,06:00:00
1606798800000,79.89,80.08,79.19,80.08,28.51792713,2020-12-01,05:00:00
1606795200000,79.7,80.21,79.17,79.89,274.708918,2020-12-01,04:00:00
1606791600000,80.85,81.24,79.7,79.7,166.73192263,2020-12-01,03:00:00
1606788000000,80.5,81.22,80.14,80.85,45.731167,2020-12-01,02:00:00
1606784400000,78.82,81.24,78.82,80.5,662.897318,2020-12-01,01:00:00
1606780800000,78.67,80.0,78.43,78.82,263.410495,2020-12-01,00:00:00
1606777200000,79.0,79.9,78.67,78.67,762.3506058,2020-11-30,23:00:00
1606773600000,77.4,79.0,77.0,79.0,387.727583,2020-11-30,22:00:00
1606770000000,77.26,77.48,77.05,77.4,43.556772,2020-11-30,21:00:00
1606766400000,77.36,77.66,77.15,77.26,840.921615,2020-11-30,20:00:00
1606762800000,77.28,77.72,76.65,77.36,60.343301,2020-11-30,19:00:00
1606759200000,77.52,77.82,77.21,77.28,102.07173582,2020-11-30,18:00:00
1606755600000,77.2,77.82,77.15,77.52,152.519749,2020-11-30,17:00:00
1606752000000,76.37,79.5,76.37,77.2,634.085866,2020-11-30,16:00:00
1606748400000,76.56,78.15,76.37,76.37,229.05292765,2020-11-30,15:00:00
1606744800000,77.05,78.39,76.56,76.56,867.61926775,2020-11-30,14:00:00
1606741200000,76.9,77.92,75.75,77.05,21.861042,2020-11-30,13:00:00
1606737600000,76.33,77.96,76.33,76.9,59.739214,2020-11-30,12:00:00
1606734000000,76.7,76.7,76.33,76.33,0.32037,2020-11-30,11:00:00
1606730400000,74.01,76.7,74.01,76.7,0.672871,2020-11-30,10:00:00
1606726800000,74.74,74.74,74.01,74.01,33.99539,2020-11-30,09:00:00
1606723200000,76.16,76.16,74.74,74.74,233.759561,2020-11-30,08:00:00
1606719600000,75.64,76.82,75.64,76.16,71.475923,2020-11-30,07:00:00
1606716000000,75.92,76.0,75.51,75.64,129.80048415,2020-11-30,06:00:00
1606712400000,76.28,76.85,75.92,75.92,45.645755,2020-11-30,05:00:00
1606708800000,76.64,76.87,76.27,76.28,4.642524,2020-11-30,04:00:00
1606705200000,76.75,76.84,76.64,76.64,48.837407,2020-11-30,03:00:00
1606701600000,77.58,77.58,76.75,76.75,8.441772,2020-11-30,02:00:00
1606698000000,77.02,77.58,76.56,77.58,35.12915,2020-11-30,01:00:00
1606694400000,74.98,77.24,74.89,77.02,410.36091063,2020-11-30,00:00:00
1606690800000,74.25,74.99,74.25,74.98,131.174125,2020-11-29,23:00:00
1606687200000,75.0,75.0,74.25,74.25,40.218807,2020-11-29,22:00:00
1606683600000,73.99,75.0,73.99,75.0,182.186623,2020-11-29,21:00:00
1606680000000,73.18,73.99,73.18,73.99,41.964108,2020-11-29,20:00:00
1606676400000,73.95,73.95,73.18,73.18,60.889727,2020-11-29,19:00:00
1606672800000,74.29,74.29,73.17,73.95,83.591787,2020-11-29,18:00:00
1606669200000,73.44,74.37,73.44,74.29,467.46789,2020-11-29,17:00:00
1606665600000,74.44,74.44,72.22,73.44,123.16231047,2020-11-29,16:00:00
1606662000000,74.94,74.94,74.0,74.44,41.120992,2020-11-29,15:00:00
1606658400000,74.44,75.18,74.25,74.94,59.913518,2020-11-29,14:00:00
1606654800000,74.17,74.73,73.7,74.44,135.09872757,2020-11-29,13:00:00
1606651200000,73.45,74.35,73.45,74.17,5.296007,2020-11-29,12:00:00
1606647600000,75.68,75.68,73.45,73.45,3.147111,2020-11-29,11:00:00
1606644000000,74.87,75.68,74.52,75.68,1.98109,2020-11-29,10:00:00
1606640400000,75.0,75.47,74.77,74.87,36.280894,2020-11-29,09:00:00
1606636800000,74.59,77.99,74.59,75.0,55.519631,2020-11-29,08:00:00
1606633200000,74.44,74.89,73.48,74.59,8.88786328,2020-11-29,07:00:00
1606629600000,75.08,75.37,74.01,74.44,0.582093,2020-11-29,06:00:00
1606626000000,75.67,77.99,74.91,75.08,0.630183,2020-11-29,05:00:00
1606622400000,75.6,76.24,75.44,75.67,1.398745,2020-11-29,04:00:00
1606618800000,75.54,77.0,74.51,75.6,11.029212,2020-11-29,03:00:00
1606615200000,73.06,75.54,73.06,75.54,0.4851448,2020-11-29,02:00:00
1606611600000,74.84,74.84,73.06,73.06,20.896158,2020-11-29,01:00:00
1606608000000,75.69,75.69,73.9,74.84,87.416055,2020-11-29,00:00:00
1606604400000,74.52,76.08,74.52,75.69,53.018861,2020-11-28,23:00:00
1606600800000,75.25,75.39,74.45,74.52,15.271373,2020-11-28,22:00:00
1606597200000,75.0,75.63,74.23,75.25,96.21434477,2020-11-28,21:00:00
1606593600000,74.96,76.02,74.96,75.0,255.59831158,2020-11-28,20:00:00
1606590000000,76.02,76.02,74.86,74.96,39.713549,2020-11-28,19:00:00
1606586400000,75.45,76.13,74.86,76.02,6.354538,2020-11-28,18:00:00
1606582800000,75.48,75.48,73.65,75.45,15.029125,2020-11-28,17:00:00
1606579200000,75.52,76.88,74.21,75.48,809.89025675,2020-11-28,16:00:00
1606575600000,76.11,76.47,75.0,75.52,391.02171469,2020-11-28,15:00:00
1606572000000,75.18,76.46,74.21,76.11,402.83216001,2020-11-28,14:00:00
1606568400000,73.0,75.47,72.79,75.18,937.528892,2020-11-28,13:00:00
1606564800000,72.0,73.0,71.44,73.0,152.992396,2020-11-28,12:00:00
1606561200000,71.92,72.0,71.02,72.0,20.012214,2020-11-28,11:00:00
1606557600000,71.22,71.92,70.44,71.92,17.098428,2020-11-28,10:00:00
1606554000000,70.07,71.22,69.39,71.22,98.376293,2020-11-28,09:00:00
1606550400000,69.88,70.07,69.88,70.07,1.874343,2020-11-28,08:00:00
1606546800000,69.64,70.23,69.64,69.88,2.125543,2020-11-28,07:00:00
1606543200000,71.11,71.11,68.92,69.64,6.897772,2020-11-28,06:00:00
1606539600000,70.73,72.21,70.73,71.11,1.489274,2020-11-28,05:00:00
1606536000000,71.21,71.21,70.23,70.73,2.446477,2020-11-28,04:00:00
1606532400000,70.72,71.23,70.08,71.21,21.516583,2020-11-28,03:00:00
1606528800000,71.48,72.21,70.72,70.72,400.599901,2020-11-28,02:00:00
1606525200000,70.36,71.77,70.35,71.48,94.46015777,2020-11-28,01:00:00
1606521600000,69.91,70.4,69.55,70.36,125.228968,2020-11-28,00:00:00
1606518000000,69.38,69.99,69.31,69.91,31.426515,2020-11-27,23:00:00
1606514400000,69.72,69.91,68.87,69.38,2.727687,2020-11-27,22:00:00
1606510800000,69.93,69.98,69.33,69.72,270.825166,2020-11-27,21:00:00
1606507200000,68.81,69.93,68.81,69.93,363.236019,2020-11-27,20:00:00
1606503600000,68.49,68.88,68.32,68.81,24.77793365,2020-11-27,19:00:00
1606500000000,68.32,68.66,68.32,68.49,132.727399,2020-11-27,18:00:00
1606496400000,69.0,69.0,68.05,68.32,180.359697,2020-11-27,17:00:00
1606492800000,68.94,69.0,68.31,69.0,3.00311265,2020-11-27,16:00:00
1606489200000,67.84,69.99,66.17,68.94,495.313299,2020-11-27,15:00:00
1606485600000,68.21,68.21,67.11,67.84,35.229009,2020-11-27,14:00:00
1606482000000,67.81,68.22,67.81,68.21,0.01898,2020-11-27,13:00:00
1606478400000,67.71,67.81,67.71,67.81,4.0,2020-11-27,12:00:00
1606474800000,68.36,69.64,67.7,67.71,8.467417,2020-11-27,11:00:00
1606471200000,68.31,68.36,67.9,68.36,11.00218,2020-11-27,10:00:00
1606467600000,68.38,68.71,68.31,68.31,61.30295,2020-11-27,09:00:00
1606464000000,70.24,70.24,67.9,68.38,68.919125,2020-11-27,08:00:00
1606460400000,70.5,71.28,69.78,70.24,55.16458661,2020-11-27,07:00:00
1606456800000,70.73,70.82,69.67,70.5,341.753418,2020-11-27,06:00:00
1606453200000,70.03,70.81,70.01,70.73,38.754029,2020-11-27,05:00:00
1606449600000,70.16,70.42,69.38,70.03,76.03802617,2020-11-27,04:00:00
1606446000000,71.11,71.11,69.32,70.16,27.43342203,2020-11-27,03:00:00
1606442400000,70.95,71.31,70.95,71.11,7.127554,2020-11-27,02:00:00
1606438800000,70.75,72.26,70.47,70.95,76.964916,2020-11-27,01:00:00
1606435200000,70.09,71.7,69.83,70.75,309.62508576,2020-11-27,00:00:00
1606431600000,71.1,71.1,69.54,70.09,99.672673,2020-11-26,23:00:00
1606428000000,70.57,71.34,70.01,71.1,78.71855888,2020-11-26,22:00:00
1606424400000,71.99,72.66,69.4,70.57,334.98934676,2020-11-26,21:00:00
1606420800000,67.2,72.98,66.61,71.99,570.31378174,2020-11-26,20:00:00
1606417200000,65.3,69.5,63.51,67.2,238.281846,2020-11-26,19:00:00
1606413600000,66.78,68.09,64.4,65.3,202.28293335,2020-11-26,18:00:00
1606410000000,66.01,68.2,63.5,66.78,527.84527149,2020-11-26,17:00:00
1606406400000,68.5,69.02,66.01,66.01,385.96787451,2020-11-26,16:00:00
1606402800000,67.88,71.41,67.5,68.5,554.56481112,2020-11-26,15:00:00
1606399200000,69.0,69.63,67.51,67.88,625.15542486,2020-11-26,14:00:00
1606395600000,70.83,71.25,69.0,69.0,92.16123059,2020-11-26,13:00:00
1606392000000,70.28,70.89,69.55,70.83,219.406025,2020-11-26,12:00:00
1606388400000,71.31,71.99,70.28,70.28,95.816471,2020-11-26,11:00:00
1606384800000,71.96,71.96,70.46,71.31,45.147931,2020-11-26,10:00:00
1606381200000,69.94,71.96,69.07,71.96,362.163263,2020-11-26,09:00:00
1606377600000,70.8,72.14,67.86,69.94,887.39011248,2020-11-26,08:00:00
1606374000000,72.5,72.5,70.29,70.8,825.39865977,2020-11-26,07:00:00
1606370400000,73.12,73.59,72.5,72.5,20.28736623,2020-11-26,06:00:00
1606366800000,71.8,73.26,71.8,73.12,30.700362,2020-11-26,05:00:00
1606363200000,72.55,74.34,70.9,71.8,852.51360144,2020-11-26,04:00:00
1606359600000,77.05,77.05,70.54,72.55,3114.7419641,2020-11-26,03:00:00
1606356000000,77.9,78.17,76.47,77.05,881.93470742,2020-11-26,02:00:00
1606352400000,79.28,79.28,77.7,77.9,67.207044,2020-11-26,01:00:00
1606348800000,78.77,80.67,77.22,79.28,637.79370686,2020-11-26,00:00:00
1606345200000,77.27,79.13,75.31,78.77,492.28244656,2020-11-25,23:00:00
1606341600000,79.11,79.11,76.21,77.27,496.927438,2020-11-25,22:00:00
1606338000000,78.78,80.78,78.08,79.11,132.46255005,2020-11-25,21:00:00
1606334400000,80.75,81.05,77.0,78.78,1351.434911,2020-11-25,20:00:00
1606330800000,82.86,82.86,80.2,80.75,466.720894,2020-11-25,19:00:00
1606327200000,81.52,83.36,81.52,82.86,93.230995,2020-11-25,18:00:00
1606323600000,81.66,82.43,80.72,81.52,794.367288,2020-11-25,17:00:00
1606320000000,84.1,84.1,81.66,81.66,258.303231,2020-11-25,16:00:00
1606316400000,84.13,84.78,84.1,84.1,74.985739,2020-11-25,15:00:00
1606312800000,82.26,84.17,82.25,84.13,482.484884,2020-11-25,14:00:00
1606309200000,85.25,85.25,82.09,82.26,315.36345853,2020-11-25,13:00:00
1606305600000,85.55,85.69,84.52,85.25,235.21500911,2020-11-25,12:00:00
1606302000000,86.0,86.92,85.55,85.55,155.107654,2020-11-25,11:00:00
1606298400000,82.47,86.0,82.47,86.0,54.038072,2020-11-25,10:00:00
1606294800000,83.34,83.34,82.47,82.47,0.508979,2020-11-25,09:00:00
1606291200000,83.64,83.92,82.39,83.34,96.430891,2020-11-25,08:00:00
1606287600000,82.06,83.64,81.75,83.64,68.637998,2020-11-25,07:00:00
1606284000000,82.32,83.69,82.06,82.06,124.680074,2020-11-25,06:00:00
1606280400000,81.6,82.33,79.06,82.32,119.22650687,2020-11-25,05:00:00
1606276800000,79.95,82.67,79.95,81.6,126.98549095,2020-11-25,04:00:00
1606273200000,82.71,83.66,79.95,79.95,914.183417,2020-11-25,03:00:00
1606269600000,86.24,86.24,82.42,82.71,325.85238612,2020-11-25,02:00:00
1606266000000,86.45,87.78,85.01,86.24,290.241899,2020-11-25,01:00:00
1606262400000,86.52,87.99,85.55,86.45,560.33520975,2020-11-25,00:00:00
1606258800000,86.36,87.88,86.36,86.52,261.39557187,2020-11-24,23:00:00
1606255200000,84.6,86.36,84.6,86.36,95.797539,2020-11-24,22:00:00
1606251600000,86.07,86.53,84.0,84.6,154.32004361,2020-11-24,21:00:00
1606248000000,87.35,87.84,84.99,86.07,584.306736,2020-11-24,20:00:00
1606244400000,87.76,88.23,86.99,87.35,285.493896,2020-11-24,19:00:00
1606240800000,89.67,89.71,87.7,87.76,310.410671,2020-11-24,18:00:00
1606237200000,87.91,89.76,87.03,89.67,1201.83317,2020-11-24,17:00:00
1606233600000,82.0,88.51,81.55,87.91,2149.0444,2020-11-24,16:00:00
1606230000000,80.49,82.0,79.51,82.0,1056.38986176,2020-11-24,15:00:00
1606226400000,81.85,82.03,79.81,80.49,289.17756693,2020-11-24,14:00:00
1606222800000,79.27,81.85,78.64,81.85,291.91561324,2020-11-24,13:00:00
1606219200000,81.84,81.84,78.41,79.27,442.668455,2020-11-24,12:00:00
1606215600000,79.52,81.86,79.52,81.84,30.021021,2020-11-24,11:00:00
1606212000000,79.66,79.92,76.89,79.52,200.881526,2020-11-24,10:00:00
1606208400000,83.54,83.54,76.69,79.66,126.560685,2020-11-24,09:00:00
1606204800000,79.99,83.63,79.99,83.54,771.65585913,2020-11-24,08:00:00
1606201200000,79.38,80.02,79.38,79.99,157.8624296,2020-11-24,07:00:00
1606197600000,82.44,82.44,76.66,79.38,244.375346,2020-11-24,06:00:00
1606194000000,83.18,83.18,81.39,82.44,877.307554,2020-11-24,05:00:00
1606190400000,80.12,83.19,79.77,83.18,752.801434,2020-11-24,04:00:00
1606186800000,78.95,80.92,78.78,80.12,248.71538,2020-11-24,03:00:00
1606183200000,79.72,80.72,78.95,78.95,260.998661,2020-11-24,02:00:00
1606179600000,80.77,81.53,79.72,79.72,942.02550004,2020-11-24,01:00:00
1606176000000,79.98,80.77,77.94,80.77,1078.386181,2020-11-24,00:00:00
1606172400000,80.91,80.91,79.16,79.98,934.83436128,2020-11-23,23:00:00
1606168800000,78.89,81.0,78.07,80.91,555.99602431,2020-11-23,22:00:00
1606165200000,77.92,79.57,77.01,78.89,1165.78782403,2020-11-23,21:00:00
1606161600000,78.89,79.36,77.92,77.92,722.927717,2020-11-23,20:00:00
1606158000000,77.95,79.72,77.32,78.89,684.907795,2020-11-23,19:00:00
1606154400000,76.16,79.71,76.16,77.95,1435.61113346,2020-11-23,18:00:00
1606150800000,73.0,76.25,72.62,76.16,1104.33553201,2020-11-23,17:00:00
1606147200000,70.45,73.0,70.45,73.0,140.747229,2020-11-23,16:00:00
1606143600000,72.54,72.54,70.45,70.45,50.817085,2020-11-23,15:00:00
1606140000000,72.5,73.37,71.64,72.54,1024.25422548,2020-11-23,14:00:00
1606136400000,72.98,73.51,71.22,72.5,659.20350446,2020-11-23,13:00:00
1606132800000,72.54,73.05,72.2,72.98,60.32899,2020-11-23,12:00:00
1606129200000,73.69,73.69,72.16,72.54,52.732567,2020-11-23,11:00:00
1606125600000,72.7,73.69,72.7,73.69,86.687901,2020-11-23,10:00:00
1606122000000,71.78,72.7,71.78,72.7,92.245979,2020-11-23,09:00:00
1606118400000,71.75,72.11,71.58,71.78,604.895999,2020-11-23,08:00:00
1606114800000,71.18,71.75,71.18,71.75,5.763121,2020-11-23,07:00:00
1606111200000,71.24,71.24,70.77,71.18,24.4752096,2020-11-23,06:00:00
1606107600000,70.27,71.24,70.11,71.24,170.49143342,2020-11-23,05:00:00
1606104000000,69.75,70.58,69.71,70.27,51.69537758,2020-11-23,04:00:00
1606100400000,68.92,69.92,68.74,69.75,21.772627,2020-11-23,03:00:00
1606096800000,68.36,68.92,68.36,68.92,32.693085,2020-11-23,02:00:00
1606093200000,68.13,68.49,67.8,68.36,186.909043,2020-11-23,01:00:00
1606089600000,69.8,69.8,67.62,68.13,159.560597,2020-11-23,00:00:00
1606086000000,71.01,71.01,68.85,69.8,205.992167,2020-11-22,23:00:00
1606082400000,71.1,71.23,70.82,71.01,208.941724,2020-11-22,22:00:00
1606078800000,70.75,71.1,70.75,71.1,17.152669,2020-11-22,21:00:00
1606075200000,70.68,71.72,70.57,70.75,90.5189598,2020-11-22,20:00:00
1606071600000,69.94,70.68,69.94,70.68,51.213264,2020-11-22,19:00:00
1606068000000,69.73,70.22,69.73,69.94,6.964606,2020-11-22,18:00:00
1606064400000,69.59,69.83,69.0,69.73,308.773172,2020-11-22,17:00:00
1606060800000,67.86,69.92,67.57,69.59,224.345103,2020-11-22,16:00:00
1606057200000,67.67,68.29,67.29,67.86,225.895623,2020-11-22,15:00:00
1606053600000,67.08,67.67,67.07,67.67,59.291057,2020-11-22,14:00:00
1606050000000,66.62,67.69,66.62,67.08,36.259594,2020-11-22,13:00:00
1606046400000,66.17,68.17,66.17,66.62,50.65609938,2020-11-22,12:00:00
1606042800000,69.75,69.75,66.17,66.17,92.942586,2020-11-22,11:00:00
1606039200000,68.22,69.75,68.22,69.75,2.0,2020-11-22,10:00:00
1606035600000,67.94,68.22,67.94,68.22,39.293002,2020-11-22,09:00:00
1606032000000,67.94,68.64,67.94,67.94,8.86583041,2020-11-22,08:00:00
1606028400000,68.96,68.96,67.44,67.94,385.297329,2020-11-22,07:00:00
1606024800000,69.54,69.7,67.81,68.96,104.017549,2020-11-22,06:00:00
1606021200000,69.7,72.5,68.83,69.54,2.60583492,2020-11-22,05:00:00
1606017600000,70.2,70.2,68.7,69.7,128.554636,2020-11-22,04:00:00
1606014000000,70.75,70.75,70.15,70.2,9.577917,2020-11-22,03:00:00
1606010400000,70.77,70.77,69.42,70.75,32.80937691,2020-11-22,02:00:00
1606006800000,73.66,73.66,68.81,70.77,600.73706327,2020-11-22,01:00:00
1606003200000,72.66,74.49,72.2,73.66,186.13406415,2020-11-22,00:00:00
1605999600000,72.75,73.99,72.36,72.66,687.46709699,2020-11-21,23:00:00
1605996000000,71.99,72.75,70.33,72.75,172.76219422,2020-11-21,22:00:00
1605992400000,69.95,71.99,69.34,71.99,267.77627208,2020-11-21,21:00:00
1605988800000,70.75,70.75,69.11,69.95,60.59418164,2020-11-21,20:00:00
1605985200000,70.86,71.29,70.0,70.75,289.39704413,2020-11-21,19:00:00
1605981600000,70.26,71.05,69.63,70.86,434.112652,2020-11-21,18:00:00
1605978000000,71.16,72.22,68.78,70.26,437.59171927,2020-11-21,17:00:00
1605974400000,69.16,72.41,69.16,71.16,447.72836767,2020-11-21,16:00:00
1605970800000,69.53,69.54,68.38,69.16,123.158405,2020-11-21,15:00:00
1605967200000,68.25,69.54,67.91,69.53,299.99317486,2020-11-21,14:00:00
1605963600000,66.45,68.25,66.45,68.25,450.66843745,2020-11-21,13:00:00
1605960000000,65.0,66.46,65.0,66.45,24.760176,2020-11-21,12:00:00
1605956400000,66.35,66.35,65.0,65.0,72.695929,2020-11-21,11:00:00
1605952800000,67.46,67.46,65.9,66.35,193.14503,2020-11-21,10:00:00
1605949200000,66.53,67.46,66.45,67.46,91.752114,2020-11-21,09:00:00
1605945600000,65.04,66.53,65.01,66.53,32.683669,2020-11-21,08:00:00
1605942000000,64.43,65.39,64.37,65.04,243.86951108,2020-11-21,07:00:00
1605938400000,63.39,64.43,63.39,64.43,17.77139,2020-11-21,06:00:00
1605934800000,63.21,63.98,63.21,63.39,2.40043136,2020-11-21,05:00:00
1605931200000,63.71,63.71,63.11,63.21,9.573508,2020-11-21,04:00:00
1605927600000,64.24,64.24,63.69,63.71,40.421939,2020-11-21,03:00:00
1605924000000,64.18,64.83,64.1,64.24,110.66304,2020-11-21,02:00:00
1605920400000,63.98,64.53,63.98,64.18,148.92187544,2020-11-21,01:00:00
1605916800000,63.12,64.72,63.12,63.98,98.03446191,2020-11-21,00:00:00
1605913200000,62.84,63.37,62.66,63.12,23.075594,2020-11-20,23:00:00
1605909600000,62.9,63.22,62.75,62.84,75.989483,2020-11-20,22:00:00
1605906000000,63.27,63.66,62.74,62.9,71.53347164,2020-11-20,21:00:00
1605902400000,63.65,65.7,63.19,63.27,1691.461714,2020-11-20,20:00:00
1605898800000,63.22,63.65,62.99,63.65,88.14934277,2020-11-20,19:00:00
1605895200000,63.51,63.62,63.22,63.22,88.956775,2020-11-20,18:00:00
1605891600000,63.55,63.87,63.42,63.51,215.746391,2020-11-20,17:00:00
1605888000000,64.0,64.11,62.97,63.55,135.956091,2020-11-20,16:00:00
1605884400000,63.94,64.18,63.61,64.0,71.97887538,2020-11-20,15:00:00
1605880800000,64.34,64.59,63.7,63.94,259.93449198,2020-11-20,14:00:00
1605877200000,64.0,64.39,64.0,64.34,103.044035,2020-11-20,13:00:00
1605873600000,64.27,64.27,63.48,64.0,61.693832,2020-11-20,12:00:00
1605870000000,64.36,64.36,63.93,64.27,12.51593756,2020-11-20,11:00:00
1605866400000,63.17,64.66,63.17,64.36,198.935168,2020-11-20,10:00:00
1605862800000,63.0,63.25,63.0,63.17,142.7024,2020-11-20,09:00:00
1605859200000,63.0,63.0,62.75,63.0,27.122437,2020-11-20,08:00:00
1605855600000,62.84,63.38,62.56,63.0,149.240452,2020-11-20,07:00:00
1605852000000,62.93,63.11,62.84,62.84,20.532954,2020-11-20,06:00:00
1605848400000,63.05,63.13,62.6,62.93,4.114814,2020-11-20,05:00:00
1605844800000,63.67,63.67,62.96,63.05,219.42819,2020-11-20,04:00:00
1605841200000,63.19,63.89,63.16,63.67,214.3044794,2020-11-20,03:00:00
1605837600000,62.95,63.19,62.76,63.19,210.187219,2020-11-20,02:00:00
1605834000000,62.51,62.95,62.51,62.95,1.878898,2020-11-20,01:00:00
1605830400000,62.51,62.69,62.51,62.51,104.254131,2020-11-20,00:00:00
1605826800000,62.47,62.56,62.0,62.51,67.597398,2020-11-19,23:00:00
1605823200000,62.9,62.9,62.16,62.47,43.658479,2020-11-19,22:00:00
1605819600000,63.67,63.89,62.9,62.9,68.616221,2020-11-19,21:00:00
1605816000000,63.15,63.99,63.08,63.67,357.30702756,2020-11-19,20:00:00
1605812400000,63.08,63.15,63.08,63.15,45.0036308,2020-11-19,19:00:00
1605808800000,62.99,63.1,62.66,63.08,43.1952,2020-11-19,18:00:00
1605805200000,63.15,63.15,62.27,62.99,57.476864,2020-11-19,17:00:00
1605801600000,62.24,63.29,62.24,63.15,636.32960217,2020-11-19,16:00:00
1605798000000,62.79,62.96,62.24,62.24,606.402313,2020-11-19,15:00:00
1605794400000,63.3,63.4,62.79,62.79,132.60901229,2020-11-19,14:00:00
1605790800000,62.54,63.45,62.54,63.3,119.764896,2020-11-19,13:00:00
1605787200000,61.9,62.55,61.71,62.54,128.79758288,2020-11-19,12:00:00
1605783600000,61.31,61.9,61.31,61.9,2.042123,2020-11-19,11:00:00
1605780000000,60.73,61.31,60.73,61.31,12.783016,2020-11-19,10:00:00
1605776400000,60.59,60.85,60.59,60.73,165.754,2020-11-19,09:00:00
1605772800000,61.5,61.5,60.59,60.59,33.96853,2020-11-19,08:00:00
1605769200000,61.91,61.91,61.5,61.5,124.31,2020-11-19,07:00:00
1605765600000,62.11,62.37,61.9,61.91,160.81261124,2020-11-19,06:00:00
1605762000000,62.17,62.18,61.75,62.11,14.05395299,2020-11-19,05:00:00
1605758400000,61.99,62.24,61.89,62.17,44.616664,2020-11-19,04:00:00
1605754800000,62.38,62.68,61.8,61.99,101.19705803,2020-11-19,03:00:00
1605751200000,63.03,63.03,62.38,62.38,543.515437,2020-11-19,02:00:00
1605747600000,62.81,63.32,62.79,63.03,53.732282,2020-11-19,01:00:00
1605744000000,63.65,63.65,62.81,62.81,613.769813,2020-11-19,00:00:00
1605740400000,63.0,63.65,62.96,63.65,34.476093,2020-11-18,23:00:00
1605736800000,62.15,63.0,62.15,63.0,336.96336712,2020-11-18,22:00:00
1605733200000,61.72,62.15,61.72,62.15,263.835531,2020-11-18,21:00:00
1605729600000,62.17,62.26,61.37,61.72,535.340216,2020-11-18,20:00:00
1605726000000,62.33,63.58,61.73,62.17,1094.261612,2020-11-18,19:00:00
1605722400000,63.34,63.46,62.33,62.33,89.98435303,2020-11-18,18:00:00
1605718800000,62.88,63.99,62.32,63.34,112.954112,2020-11-18,17:00:00
1605715200000,62.88,62.99,62.37,62.88,95.650649,2020-11-18,16:00:00
1605711600000,62.79,63.49,61.0,62.88,374.699916,2020-11-18,15:00:00
1605708000000,63.2,64.16,62.5,62.79,174.2519841,2020-11-18,14:00:00
1605704400000,64.99,65.0,63.2,63.2,48.904637,2020-11-18,13:00:00
1605700800000,63.74,65.0,63.48,64.99,122.781004,2020-11-18,12:00:00
1605697200000,62.51,63.74,62.51,63.74,18.547972,2020-11-18,11:00:00
1605693600000,62.99,62.99,62.42,62.51,15.952084,2020-11-18,10:00:00
1605690000000,62.87,62.99,62.0,62.99,119.416646,2020-11-18,09:00:00
1605686400000,63.33,64.09,62.8,62.87,72.65705,2020-11-18,08:00:00
1605682800000,63.54,63.54,62.89,63.33,93.931399,2020-11-18,07:00:00
1605679200000,63.66,64.0,62.55,63.54,118.21734995,2020-11-18,06:00:00
1605675600000,66.5,66.5,60.8,63.66,496.96431013,2020-11-18,05:00:00
1605672000000,65.19,66.7,65.11,66.5,266.10111007,2020-11-18,04:00:00
1605668400000,66.16,66.16,64.92,65.19,130.331774,2020-11-18,03:00:00
1605664800000,66.79,66.79,65.98,66.16,216.375231,2020-11-18,02:00:00
1605661200000,67.32,67.36,66.4,66.79,266.22949662,2020-11-18,01:00:00
1605657600000,67.12,67.77,66.89,67.32,201.82450205,2020-11-18,00:00:00
1605654000000,66.96,67.43,66.74,67.12,403.71357295,2020-11-17,23:00:00
1605650400000,66.54,66.96,65.94,66.96,672.0822722,2020-11-17,22:00:00
1605646800000,66.96,67.0,66.31,66.54,472.02726872,2020-11-17,21:00:00
1605643200000,66.67,67.03,66.38,66.96,238.655219,2020-11-17,20:00:00
1605639600000,65.81,66.87,65.81,66.67,137.1157779,2020-11-17,19:00:00
1605636000000,65.67,65.86,65.11,65.81,274.890462,2020-11-17,18:00:00
1605632400000,66.16,66.42,65.46,65.67,396.13860037,2020-11-17,17:00:00
1605628800000,65.99,66.18,65.46,66.16,336.16076544,2020-11-17,16:00:00
1605625200000,65.83,66.0,65.3,65.99,238.66987616,2020-11-17,15:00:00
1605621600000,64.82,65.83,64.82,65.83,53.801922,2020-11-17,14:00:00
1605618000000,65.49,65.58,64.82,64.82,68.43248067,2020-11-17,13:00:00
1605614400000,65.6,65.7,65.06,65.49,84.68217451,2020-11-17,12:00:00
1605610800000,64.94,65.71,64.94,65.6,144.47818684,2020-11-17,11:00:00
1605607200000,64.77,64.94,64.77,64.94,1.84976948,2020-11-17,10:00:00
1605603600000,65.48,65.64,64.77,64.77,35.520513,2020-11-17,09:00:00
1605600000000,65.77,65.9,65.46,65.48,98.908262,2020-11-17,08:00:00
1605596400000,65.98,65.98,65.77,65.77,7.327465,2020-11-17,07:00:00
1605592800000,65.47,66.0,65.47,65.98,4.70882959,2020-11-17,06:00:00
1605589200000,65.54,66.25,65.34,65.47,119.20911,2020-11-17,05:00:00
1605585600000,64.79,65.54,64.52,65.54,33.634883,2020-11-17,04:00:00
1605582000000,65.08,65.31,64.79,64.79,106.186278,2020-11-17,03:00:00
1605578400000,65.57,65.67,65.08,65.08,243.41277554,2020-11-17,02:00:00
1605574800000,66.06,66.06,65.01,65.57,181.383217,2020-11-17,01:00:00
1605571200000,64.87,66.2,64.74,66.06,150.53129388,2020-11-17,00:00:00
1605567600000,65.89,65.92,64.87,64.87,109.830362,2020-11-16,23:00:00
1605564000000,65.34,65.89,65.25,65.89,412.883405,2020-11-16,22:00:00
1605560400000,66.04,66.78,65.34,65.34,285.01256305,2020-11-16,21:00:00
1605556800000,67.19,67.28,66.04,66.04,135.118822,2020-11-16,20:00:00
1605553200000,66.45,67.56,65.76,67.19,1350.08010277,2020-11-16,19:00:00
1605549600000,66.62,66.62,65.89,66.45,286.90548133,2020-11-16,18:00:00
1605546000000,65.21,66.62,65.21,66.62,544.67634236,2020-11-16,17:00:00
1605542400000,65.86,66.0,65.06,65.21,298.063039,2020-11-16,16:00:00
1605538800000,65.99,65.99,65.48,65.86,301.848255,2020-11-16,15:00:00
1605535200000,65.0,66.0,65.0,65.99,832.82933548,2020-11-16,14:00:00
1605531600000,64.94,65.0,64.48,65.0,37.895587,2020-11-16,13:00:00
1605528000000,63.65,64.94,63.34,64.94,138.075028,2020-11-16,12:00:00
1605524400000,63.89,64.16,63.65,63.65,411.085607,2020-11-16,11:00:00
1605520800000,63.6,63.89,63.6,63.89,7.044846,2020-11-16,10:00:00
1605517200000,63.96,63.96,63.6,63.6,0.002639,2020-11-16,09:00:00
1605513600000,64.01,64.01,63.12,63.96,156.264697,2020-11-16,08:00:00
1605510000000,63.81,64.03,63.81,64.01,11.694673,2020-11-16,07:00:00
1605506400000,63.5,64.04,62.82,63.81,50.83726384,2020-11-16,06:00:00
1605502800000,63.1,63.5,62.97,63.5,64.64945942,2020-11-16,05:00:00
1605499200000,62.63,63.18,62.58,63.1,97.8921187,2020-11-16,04:00:00
1605495600000,62.98,63.49,62.49,62.63,210.1340808,2020-11-16,03:00:00
1605492000000,63.07,63.07,62.42,62.98,100.345905,2020-11-16,02:00:00
1605488400000,62.32,63.07,62.08,63.07,76.119405,2020-11-16,01:00:00
1605484800000,62.15,62.32,61.39,62.32,38.848203,2020-11-16,00:00:00
1605481200000,60.46,62.18,60.46,62.15,45.491735,2020-11-15,23:00:00
1605477600000,61.34,61.34,60.46,60.46,113.422802,2020-11-15,22:00:00
1605474000000,60.99,61.45,60.99,61.34,145.027464,2020-11-15,21:00:00
1605470400000,61.53,61.54,60.98,60.99,80.222293,2020-11-15,20:00:00
1605466800000,61.12,61.56,60.98,61.53,257.841523,2020-11-15,19:00:00
1605463200000,61.24,61.72,61.0,61.12,29.253033,2020-11-15,18:00:00
1605459600000,62.12,62.69,61.24,61.24,253.353463,2020-11-15,17:00:00
1605456000000,62.92,62.92,62.12,62.12,223.905153,2020-11-15,16:00:00
1605452400000,62.35,63.2,62.35,62.92,81.97456,2020-11-15,15:00:00
1605448800000,62.21,63.37,62.21,62.35,341.431889,2020-11-15,14:00:00
1605445200000,63.07,63.07,62.21,62.21,26.591181,2020-11-15,13:00:00
1605441600000,63.43,63.43,62.77,63.07,28.989518,2020-11-15,12:00:00
1605438000000,63.63,63.63,63.43,63.43,0.368784,2020-11-15,11:00:00
1605434400000,63.81,63.84,62.74,63.63,5.998798,2020-11-15,10:00:00
1605430800000,63.6,63.81,63.6,63.81,4.70407,2020-11-15,09:00:00
1605427200000,64.22,64.22,63.6,63.6,19.509406,2020-11-15,08:00:00
1605423600000,64.56,64.56,63.61,64.22,0.744894,2020-11-15,07:00:00
1605420000000,63.64,64.63,63.64,64.56,7.334384,2020-11-15,06:00:00
1605416400000,63.7,63.7,63.38,63.64,77.31416,2020-11-15,05:00:00
1605412800000,63.0,63.72,62.83,63.7,45.46387,2020-11-15,04:00:00
1605409200000,64.23,64.23,63.0,63.0,64.205807,2020-11-15,03:00:00
1605405600000,63.7,64.43,63.69,64.23,20.095629,2020-11-15,02:00:00
1605402000000,64.58,64.58,63.65,63.7,33.355832,2020-11-15,01:00:00
1605398400000,64.36,64.65,64.23,64.58,104.459475,2020-11-15,00:00:00
1605394800000,64.68,65.18,64.36,64.36,210.458202,2020-11-14,23:00:00
1605391200000,63.99,64.68,63.99,64.68,25.051692,2020-11-14,22:00:00
1605387600000,64.11,64.42,63.99,63.99,61.17720437,2020-11-14,21:00:00
1605384000000,63.67,64.11,63.49,64.11,74.475093,2020-11-14,20:00:00
1605380400000,63.59,63.99,63.37,63.67,165.945962,2020-11-14,19:00:00
1605376800000,63.44,63.64,63.37,63.59,16.421777,2020-11-14,18:00:00
1605373200000,62.88,63.44,62.41,63.44,136.343272,2020-11-14,17:00:00
1605369600000,63.69,63.85,62.88,62.88,14.337303,2020-11-14,16:00:00
1605366000000,63.37,64.02,63.26,63.69,55.192604,2020-11-14,15:00:00
1605362400000,63.23,63.68,63.23,63.37,8.42876402,2020-11-14,14:00:00
1605358800000,62.88,63.23,62.85,63.23,49.963937,2020-11-14,13:00:00
1605355200000,62.88,62.88,62.52,62.88,41.39258172,2020-11-14,12:00:00
1605351600000,62.6,62.88,62.28,62.88,16.43301144,2020-11-14,11:00:00
1605348000000,62.28,62.6,61.95,62.6,14.870531,2020-11-14,10:00:00
1605344400000,62.91,63.08,62.28,62.28,94.912438,2020-11-14,09:00:00
1605340800000,63.74,63.84,62.76,62.91,56.946413,2020-11-14,08:00:00
1605337200000,64.72,66.41,63.74,63.74,208.067119,2020-11-14,07:00:00
1605333600000,64.6,64.72,64.6,64.72,17.157724,2020-11-14,06:00:00
1605330000000,64.48,64.6,63.7,64.6,103.56971662,2020-11-14,05:00:00
1605326400000,64.66,65.88,64.12,64.48,130.873754,2020-11-14,04:00:00
1605322800000,64.61,66.91,64.61,64.66,55.872929,2020-11-14,03:00:00
1605319200000,65.91,65.91,64.61,64.61,24.528198,2020-11-14,02:00:00
1605315600000,66.91,66.91,64.73,65.91,40.854364,2020-11-14,01:00:00
1605312000000,65.86,66.91,65.06,66.91,69.197439,2020-11-14,00:00:00
1605308400000,66.54,67.0,65.72,65.86,267.63269799,2020-11-13,23:00:00
1605304800000,66.16,66.74,65.67,66.54,540.32933486,2020-11-13,22:00:00
1605301200000,66.49,67.0,65.44,66.16,688.94548429,2020-11-13,21:00:00
1605297600000,65.81,66.99,65.36,66.49,428.291966,2020-11-13,20:00:00
1605294000000,65.17,65.81,64.9,65.81,1075.289894,2020-11-13,19:00:00
1605290400000,65.14,65.17,64.85,65.17,545.633453,2020-11-13,18:00:00
1605286800000,64.46,65.18,64.46,65.14,159.721719,2020-11-13,17:00:00
1605283200000,64.03,65.22,63.49,64.46,491.440522,2020-11-13,16:00:00
1605279600000,64.25,65.09,63.8,64.03,132.287608,2020-11-13,15:00:00
1605276000000,65.0,65.11,64.17,64.25,612.65313212,2020-11-13,14:00:00
1605272400000,64.0,65.0,64.0,65.0,128.89860105,2020-11-13,13:00:00
1605268800000,63.94,64.0,63.14,64.0,54.355735,2020-11-13,12:00:00
1605265200000,63.13,63.97,63.13,63.94,3.796848,2020-11-13,11:00:00
1605261600000,63.47,63.99,63.13,63.13,92.192234,2020-11-13,10:00:00
1605258000000,63.14,63.97,63.14,63.47,6.263312,2020-11-13,09:00:00
1605254400000,63.01,63.14,63.0,63.14,31.192329,2020-11-13,08:00:00
1605250800000,63.14,63.14,63.01,63.01,8.506514,2020-11-13,07:00:00
1605247200000,63.05,63.23,62.14,63.14,17.191111,2020-11-13,06:00:00
1605243600000,63.15,63.15,62.08,63.05,71.697301,2020-11-13,05:00:00
1605240000000,63.18,63.19,62.34,63.15,21.153069,2020-11-13,04:00:00
1605236400000,63.31,63.42,62.61,63.18,100.17448673,2020-11-13,03:00:00
1605232800000,63.53,63.53,62.59,63.31,291.577975,2020-11-13,02:00:00
1605229200000,63.95,63.97,62.98,63.53,435.1274238,2020-11-13,01:00:00
1605225600000,62.78,64.0,62.78,63.95,61.295607,2020-11-13,00:00:00
1605222000000,62.89,63.9,62.67,62.78,640.491231,2020-11-12,23:00:00
1605218400000,63.95,64.0,62.89,62.89,73.42202,2020-11-12,22:00:00
1605214800000,63.55,63.99,62.67,63.95,557.72399971,2020-11-12,21:00:00
1605211200000,61.96,63.61,61.81,63.55,356.31318651,2020-11-12,20:00:00
1605207600000,61.4,62.18,61.4,61.96,308.561336,2020-11-12,19:00:00
1605204000000,61.4,61.95,61.13,61.4,359.502183,2020-11-12,18:00:00
1605200400000,61.72,61.92,61.4,61.4,100.104814,2020-11-12,17:00:00
1605196800000,62.41,62.65,61.42,61.72,704.54829816,2020-11-12,16:00:00
1605193200000,61.54,62.61,61.46,62.41,325.9804088,2020-11-12,15:00:00
1605189600000,62.16,62.16,61.0,61.54,609.21383457,2020-11-12,14:00:00
1605186000000,62.36,62.65,61.6,62.16,116.992937,2020-11-12,13:00:00
1605182400000,61.78,62.38,61.63,62.36,53.68302,2020-11-12,12:00:00
1605178800000,61.11,61.79,60.87,61.78,69.370694,2020-11-12,11:00:00
1605175200000,62.16,63.0,61.11,61.11,75.684053,2020-11-12,10:00:00
1605171600000,62.0,62.18,61.6,62.16,30.725815,2020-11-12,09:00:00
1605168000000,62.9,62.9,61.97,62.0,76.304539,2020-11-12,08:00:00
1605164400000,62.12,63.13,62.09,62.9,269.7284725,2020-11-12,07:00:00
1605160800000,62.46,62.76,61.84,62.12,525.89378669,2020-11-12,06:00:00
1605157200000,63.09,63.56,62.46,62.46,188.657293,2020-11-12,05:00:00
1605153600000,63.27,63.6,62.43,63.09,204.81587795,2020-11-12,04:00:00
1605150000000,65.44,66.0,62.14,63.27,1231.67967905,2020-11-12,03:00:00
1605146400000,58.95,66.0,58.8,65.44,4436.94853022,2020-11-12,02:00:00
1605142800000,58.86,58.95,58.49,58.95,18.28386344,2020-11-12,01:00:00
1605139200000,59.0,59.0,58.32,58.86,135.97563072,2020-11-12,00:00:00
1605135600000,59.6,59.62,59.0,59.0,7.851314,2020-11-11,23:00:00
1605132000000,59.57,59.6,59.51,59.6,7.829322,2020-11-11,22:00:00
1605128400000,59.45,59.65,59.26,59.57,20.860777,2020-11-11,21:00:00
1605124800000,59.63,59.63,59.45,59.45,535.65039,2020-11-11,20:00:00
1605121200000,59.91,60.07,59.63,59.63,33.780613,2020-11-11,19:00:00
1605117600000,60.21,60.22,59.91,59.91,3.828768,2020-11-11,18:00:00
1605114000000,60.36,60.52,60.21,60.21,84.157892,2020-11-11,17:00:00
1605110400000,60.09,60.9,60.02,60.36,226.06568229,2020-11-11,16:00:00
1605106800000,59.75,60.09,59.75,60.09,82.497395,2020-11-11,15:00:00
1605103200000,59.6,59.75,59.6,59.75,1.81499955,2020-11-11,14:00:00
1605099600000,59.55,60.06,59.39,59.6,39.480166,2020-11-11,13:00:00
1605096000000,59.55,59.55,59.55,59.55,0.0,2020-11-11,12:00:00
1605092400000,59.91,60.11,59.55,59.55,14.721952,2020-11-11,11:00:00
1605088800000,59.87,59.91,59.77,59.91,0.392586,2020-11-11,10:00:00
1605085200000,59.87,59.87,59.87,59.87,0.0,2020-11-11,09:00:00
1605081600000,59.54,59.94,59.54,59.87,2.05794639,2020-11-11,08:00:00
1605078000000,59.83,59.87,59.54,59.54,5.077,2020-11-11,07:00:00
1605074400000,59.66,59.83,59.66,59.83,0.798436,2020-11-11,06:00:00
1605070800000,59.09,59.66,59.09,59.66,85.89289,2020-11-11,05:00:00
1605067200000,60.22,60.22,59.09,59.09,156.007242,2020-11-11,04:00:00
1605063600000,60.53,60.53,60.14,60.22,4.092459,2020-11-11,03:00:00
1605060000000,60.75,60.75,60.41,60.53,5.958072,2020-11-11,02:00:00
1605056400000,60.39,60.79,60.36,60.75,8.42977,2020-11-11,01:00:00
1605052800000,59.19,60.83,58.84,60.39,371.732991,2020-11-11,00:00:00
1605049200000,61.1,61.1,59.19,59.19,267.451695,2020-11-10,23:00:00
1605045600000,61.34,61.34,61.0,61.1,1.456593,2020-11-10,22:00:00
1605042000000,61.0,61.34,60.68,61.34,119.75614193,2020-11-10,21:00:00
1605038400000,60.64,61.0,60.45,61.0,35.67321,2020-11-10,20:00:00
1605034800000,60.91,60.91,60.59,60.64,11.815549,2020-11-10,19:00:00
1605031200000,60.63,61.03,60.63,60.91,32.979108,2020-11-10,18:00:00
1605027600000,61.22,61.22,60.63,60.63,14.12301,2020-11-10,17:00:00
1605024000000,59.55,61.22,59.55,61.22,83.950342,2020-11-10,16:00:00
1605020400000,60.45,60.79,59.55,59.55,4.923257,2020-11-10,15:00:00
1605016800000,61.04,61.56,60.36,60.45,546.520889,2020-11-10,14:00:00
1605013200000,61.53,61.53,60.8,61.04,19.392319,2020-11-10,13:00:00
1605009600000,60.86,61.78,60.86,61.53,23.040892,2020-11-10,12:00:00
1605006000000,62.24,62.24,60.86,60.86,23.00177,2020-11-10,11:00:00
1605002400000,61.42,62.24,61.42,62.24,1.231936,2020-11-10,10:00:00
1604998800000,61.42,61.42,61.42,61.42,0.0,2020-11-10,09:00:00
1604995200000,60.98,61.72,60.98,61.42,112.395785,2020-11-10,08:00:00
1604991600000,61.55,61.55,60.98,60.98,1.320747,2020-11-10,07:00:00
1604988000000,62.32,62.32,61.51,61.55,88.33874372,2020-11-10,06:00:00
1604984400000,61.23,62.59,61.23,62.32,139.20959665,2020-11-10,05:00:00
1604980800000,61.03,61.23,61.03,61.23,19.745602,2020-11-10,04:00:00
1604977200000,60.52,61.19,60.52,61.03,25.96326111,2020-11-10,03:00:00
1604973600000,60.27,61.47,60.27,60.52,506.27855184,2020-11-10,02:00:00
1604970000000,58.0,60.27,58.0,60.27,154.778026,2020-11-10,01:00:00
1604966400000,58.5,58.5,57.8,58.0,125.356697,2020-11-10,00:00:00
1604962800000,58.4,58.5,58.28,58.5,107.680116,2020-11-09,23:00:00
1604959200000,59.0,59.0,58.4,58.4,2.053065,2020-11-09,22:00:00
1604955600000,58.97,59.0,58.5,59.0,169.247577,2020-11-09,21:00:00
1604952000000,58.66,58.97,58.37,58.97,221.754781,2020-11-09,20:00:00
1604948400000,58.61,58.66,58.29,58.66,60.804216,2020-11-09,19:00:00
1604944800000,58.52,58.61,58.41,58.61,21.398584,2020-11-09,18:00:00
1604941200000,58.28,58.73,58.2,58.52,62.59408,2020-11-09,17:00:00
1604937600000,57.77,58.29,56.89,58.28,152.268464,2020-11-09,16:00:00
1604934000000,57.75,57.8,57.07,57.77,133.301184,2020-11-09,15:00:00
1604930400000,58.71,58.71,57.75,57.75,158.497859,2020-11-09,14:00:00
1604926800000,59.37,59.37,58.38,58.71,309.558747,2020-11-09,13:00:00
1604923200000,59.85,60.21,58.72,59.37,1086.969217,2020-11-09,12:00:00
1604919600000,59.59,59.9,59.59,59.85,38.90283,2020-11-09,11:00:00
1604916000000,59.38,59.59,59.38,59.59,0.00317,2020-11-09,10:00:00
1604912400000,59.38,59.38,59.38,59.38,0.0,2020-11-09,09:00:00
1604908800000,58.73,59.38,58.73,59.38,0.475212,2020-11-09,08:00:00
1604905200000,58.84,58.87,58.65,58.73,4.187455,2020-11-09,07:00:00
1604901600000,60.04,60.04,58.84,58.84,44.60265,2020-11-09,06:00:00
1604898000000,59.9,60.04,59.6,60.04,18.078706,2020-11-09,05:00:00
1604894400000,60.73,60.73,59.9,59.9,0.0458,2020-11-09,04:00:00
1604890800000,60.47,60.73,60.47,60.73,1.168226,2020-11-09,03:00:00
1604887200000,60.91,61.07,60.47,60.47,1.55074,2020-11-09,02:00:00
1604883600000,60.17,60.93,60.17,60.91,525.741549,2020-11-09,01:00:00
1604880000000,60.65,60.65,60.17,60.17,5.007477,2020-11-09,00:00:00
1604876400000,60.25,60.9,60.25,60.65,17.506884,2020-11-08,23:00:00
1604872800000,60.25,60.25,60.25,60.25,0.0,2020-11-08,22:00:00
1604869200000,60.94,60.94,60.25,60.25,9.121027,2020-11-08,21:00:00
1604865600000,60.68,61.11,60.65,60.94,1.020653,2020-11-08,20:00:00
1604862000000,61.57,61.57,60.68,60.68,2.251682,2020-11-08,19:00:00
1604858400000,62.0,62.0,61.25,61.57,17.270324,2020-11-08,18:00:00
1604854800000,60.63,62.0,60.63,62.0,106.607154,2020-11-08,17:00:00
1604851200000,60.87,61.36,60.46,60.63,94.304388,2020-11-08,16:00:00
1604847600000,60.61,60.87,60.3,60.87,69.66524541,2020-11-08,15:00:00
1604844000000,59.49,60.61,59.08,60.61,63.411057,2020-11-08,14:00:00
1604840400000,59.13,59.49,58.79,59.49,6.352244,2020-11-08,13:00:00
1604836800000,58.6,59.18,58.6,59.13,70.026149,2020-11-08,12:00:00
1604833200000,58.35,58.6,58.35,58.6,0.154015,2020-11-08,11:00:00
1604829600000,57.72,58.35,57.72,58.35,33.452179,2020-11-08,10:00:00
1604826000000,57.66,57.86,57.66,57.72,7.41081819,2020-11-08,09:00:00
1604822400000,57.82,58.17,57.43,57.66,20.056635,2020-11-08,08:00:00
1604818800000,57.91,57.91,57.79,57.82,1.099161,2020-11-08,07:00:00
1604815200000,57.55,57.91,57.55,57.91,0.15481,2020-11-08,06:00:00
1604811600000,57.55,57.65,57.55,57.55,0.87431,2020-11-08,05:00:00
1604808000000,57.86,57.86,57.46,57.55,0.941769,2020-11-08,04:00:00
1604804400000,57.49,57.86,57.49,57.86,1.671311,2020-11-08,03:00:00
1604800800000,58.11,58.2,57.49,57.49,168.701162,2020-11-08,02:00:00
1604797200000,58.0,58.34,57.33,58.11,48.249318,2020-11-08,01:00:00
1604793600000,57.46,58.0,57.11,58.0,27.419273,2020-11-08,00:00:00
1604790000000,56.53,57.46,56.53,57.46,0.001044,2020-11-07,23:00:00
1604786400000,57.68,57.68,56.28,56.53,53.250886,2020-11-07,22:00:00
1604782800000,57.01,57.68,57.01,57.68,0.319192,2020-11-07,21:00:00
1604779200000,57.01,57.01,55.94,57.01,1084.419048,2020-11-07,20:00:00
1604775600000,57.03,57.63,55.94,57.01,175.266242,2020-11-07,19:00:00
1604772000000,59.96,59.96,57.03,57.03,135.25769133,2020-11-07,18:00:00
1604768400000,60.19,60.35,59.03,59.96,11.38335,2020-11-07,17:00:00
1604764800000,59.52,60.86,58.56,60.19,179.116647,2020-11-07,16:00:00
1604761200000,59.0,59.52,58.05,59.52,93.724717,2020-11-07,15:00:00
1604757600000,62.02,62.02,59.0,59.0,93.525179,2020-11-07,14:00:00
1604754000000,62.88,62.88,61.34,62.02,3.68857443,2020-11-07,13:00:00
1604750400000,62.34,62.92,62.34,62.88,37.382653,2020-11-07,12:00:00
1604746800000,62.39,62.88,62.06,62.34,40.399509,2020-11-07,11:00:00
1604743200000,61.78,62.47,61.53,62.39,55.03080137,2020-11-07,10:00:00
1604739600000,60.78,61.78,60.78,61.78,0.382253,2020-11-07,09:00:00
1604736000000,62.07,62.07,60.78,60.78,10.0,2020-11-07,08:00:00
1604732400000,61.94,62.07,60.97,62.07,26.0,2020-11-07,07:00:00
1604728800000,61.55,62.15,61.28,61.94,119.11792,2020-11-07,06:00:00
1604725200000,62.15,62.15,61.55,61.55,2.8867,2020-11-07,05:00:00
1604721600000,61.18,62.15,61.0,62.15,263.87728318,2020-11-07,04:00:00
1604718000000,61.81,62.14,60.73,61.18,279.43098611,2020-11-07,03:00:00
1604714400000,62.85,62.93,61.62,61.81,1134.560115,2020-11-07,02:00:00
1604710800000,61.77,62.85,61.6,62.85,52.093661,2020-11-07,01:00:00
1604707200000,61.82,62.0,61.4,61.77,505.668551,2020-11-07,00:00:00
1604703600000,61.45,61.94,61.4,61.82,116.440933,2020-11-06,23:00:00
1604700000000,60.99,61.97,60.42,61.45,617.41912616,2020-11-06,22:00:00
1604696400000,58.77,60.99,58.26,60.99,319.280898,2020-11-06,21:00:00
1604692800000,60.38,60.38,58.77,58.77,509.118261,2020-11-06,20:00:00
1604689200000,59.44,60.57,59.4,60.38,256.301427,2020-11-06,19:00:00
1604685600000,59.61,60.0,59.44,59.44,1081.155441,2020-11-06,18:00:00
1604682000000,58.99,59.63,58.71,59.61,204.925144,2020-11-06,17:00:00
1604678400000,58.19,58.99,58.19,58.99,95.122917,2020-11-06,16:00:00
1604674800000,58.22,58.26,57.78,58.19,106.791184,2020-11-06,15:00:00
1604671200000,59.16,59.16,58.02,58.22,32.927684,2020-11-06,14:00:00
1604667600000,58.2,59.16,58.2,59.16,112.503257,2020-11-06,13:00:00
1604664000000,59.0,59.06,58.2,58.2,121.647442,2020-11-06,12:00:00
1604660400000,58.66,59.0,58.66,59.0,203.841434,2020-11-06,11:00:00
1604656800000,57.1,58.66,57.1,58.66,104.522957,2020-11-06,10:00:00
1604653200000,57.23,57.23,56.86,57.1,132.630472,2020-11-06,09:00:00
1604649600000,57.81,57.81,57.23,57.23,7.985253,2020-11-06,08:00:00
1604646000000,57.57,57.81,57.57,57.81,10.255971,2020-11-06,07:00:00
1604642400000,57.58,57.58,57.15,57.57,6.425096,2020-11-06,06:00:00
1604638800000,57.74,57.74,57.34,57.58,130.25655,2020-11-06,05:00:00
1604635200000,57.22,57.74,56.9,57.74,285.34128899,2020-11-06,04:00:00
1604631600000,57.18,57.49,57.0,57.22,200.188088,2020-11-06,03:00:00
1604628000000,58.42,58.42,57.18,57.18,97.565918,2020-11-06,02:00:00
1604624400000,57.83,58.42,57.48,58.42,189.251375,2020-11-06,01:00:00
1604620800000,56.89,58.0,56.39,57.83,203.296114,2020-11-06,00:00:00
1604617200000,57.46,57.46,56.82,56.89,17.729293,2020-11-05,23:00:00
1604613600000,56.8,57.46,56.77,57.46,438.20981741,2020-11-05,22:00:00
1604610000000,56.94,56.99,56.67,56.8,41.95103095,2020-11-05,21:00:00
1604606400000,56.17,56.94,56.17,56.94,386.20084898,2020-11-05,20:00:00
1604602800000,56.16,56.49,55.9,56.17,51.103627,2020-11-05,19:00:00
1604599200000,56.48,56.48,55.51,56.16,147.317601,2020-11-05,18:00:00
1604595600000,56.9,56.9,55.8,56.48,127.330532,2020-11-05,17:00:00
1604592000000,55.87,57.48,55.87,56.9,202.4903055,2020-11-05,16:00:00
1604588400000,55.92,55.99,55.44,55.87,93.796444,2020-11-05,15:00:00
1604584800000,53.66,55.95,53.66,55.92,264.23932839,2020-11-05,14:00:00
1604581200000,53.17,54.14,53.02,53.66,568.16452167,2020-11-05,13:00:00
1604577600000,53.54,53.54,53.17,53.17,9.209985,2020-11-05,12:00:00
1604574000000,53.22,53.57,52.95,53.54,95.203059,2020-11-05,11:00:00
1604570400000,53.3,53.3,53.15,53.22,6.00752,2020-11-05,10:00:00
1604566800000,53.09,53.3,53.09,53.3,0.02178,2020-11-05,09:00:00
1604563200000,54.2,54.2,53.09,53.09,333.937782,2020-11-05,08:00:00
1604559600000,54.26,54.26,54.07,54.2,2.263714,2020-11-05,07:00:00
1604556000000,54.56,54.56,54.25,54.26,5.0,2020-11-05,06:00:00
1604552400000,54.52,54.59,54.19,54.56,8.986288,2020-11-05,05:00:00
1604548800000,54.39,54.62,54.39,54.52,104.60189518,2020-11-05,04:00:00
1604545200000,54.17,54.41,54.17,54.39,18.5,2020-11-05,03:00:00
1604541600000,54.01,54.2,53.88,54.17,7.17874363,2020-11-05,02:00:00
1604538000000,54.4,54.4,53.95,54.01,55.32996,2020-11-05,01:00:00
1604534400000,54.01,54.4,54.01,54.4,7.398746,2020-11-05,00:00:00
1604530800000,54.12,54.3,54.01,54.01,3.628177,2020-11-04,23:00:00
1604527200000,54.25,54.34,54.12,54.12,21.093674,2020-11-04,22:00:00
1604523600000,54.17,54.25,54.17,54.25,0.119233,2020-11-04,21:00:00
1604520000000,54.35,54.35,53.37,54.17,9.432784,2020-11-04,20:00:00
1604516400000,54.14,54.49,54.14,54.35,64.102164,2020-11-04,19:00:00
1604512800000,54.38,54.49,53.94,54.14,46.06486494,2020-11-04,18:00:00
1604509200000,54.34,54.65,54.03,54.38,9.222388,2020-11-04,17:00:00
1604505600000,52.73,54.34,52.51,54.34,175.987324,2020-11-04,16:00:00
1604502000000,52.7,52.73,52.7,52.73,0.001371,2020-11-04,15:00:00
1604498400000,53.19,53.19,52.7,52.7,0.00832,2020-11-04,14:00:00
1604494800000,53.19,53.19,53.19,53.19,0.0,2020-11-04,13:00:00
1604491200000,52.63,53.19,52.63,53.19,0.001507,2020-11-04,12:00:00
1604487600000,52.73,52.73,52.34,52.63,10.027323,2020-11-04,11:00:00
1604484000000,52.47,52.84,52.46,52.73,11.739972,2020-11-04,10:00:00
1604480400000,52.34,52.48,52.27,52.47,5.00486,2020-11-04,09:00:00
1604476800000,52.24,52.8,52.16,52.34,10.909433,2020-11-04,08:00:00
1604473200000,53.9,53.9,52.24,52.24,94.812932,2020-11-04,07:00:00
1604469600000,52.89,53.9,52.89,53.9,6.589125,2020-11-04,06:00:00
1604466000000,53.08,53.08,52.67,52.89,37.517894,2020-11-04,05:00:00
1604462400000,53.05,53.08,52.83,53.08,5.318118,2020-11-04,04:00:00
1604458800000,52.47,53.05,52.47,53.05,28.18403557,2020-11-04,03:00:00
1604455200000,52.79,52.91,52.24,52.47,37.256413,2020-11-04,02:00:00
1604451600000,53.26,53.26,52.48,52.79,6.165122,2020-11-04,01:00:00
1604448000000,53.26,53.26,53.26,53.26,0.0,2020-11-04,00:00:00
1604444400000,53.36,53.59,53.26,53.26,734.608911,2020-11-03,23:00:00
1604440800000,53.25,53.36,52.86,53.36,52.404266,2020-11-03,22:00:00
1604437200000,53.1,53.46,52.8,53.25,334.695389,2020-11-03,21:00:00
1604433600000,52.9,53.1,52.65,53.1,92.289675,2020-11-03,20:00:00
1604430000000,52.9,52.9,52.9,52.9,0.0,2020-11-03,19:00:00
1604426400000,52.47,52.9,52.42,52.9,110.038861,2020-11-03,18:00:00
1604422800000,52.41,52.47,51.79,52.47,1210.396339,2020-11-03,17:00:00
1604419200000,53.08,53.39,52.05,52.41,94.748168,2020-11-03,16:00:00
1604415600000,53.0,53.5,53.0,53.08,122.29272033,2020-11-03,15:00:00
1604412000000,53.64,53.64,53.0,53.0,4.027033,2020-11-03,14:00:00
1604408400000,52.71,53.64,52.71,53.64,27.976959,2020-11-03,13:00:00
1604404800000,53.16,53.26,52.71,52.71,58.63761,2020-11-03,12:00:00
1604401200000,53.05,53.64,53.05,53.16,9.18173392,2020-11-03,11:00:00
1604397600000,53.05,53.05,53.04,53.05,48.451671,2020-11-03,10:00:00
1604394000000,53.64,53.64,53.03,53.05,40.637812,2020-11-03,09:00:00
1604390400000,53.63,53.64,53.36,53.64,0.521319,2020-11-03,08:00:00
1604386800000,53.5,53.63,53.5,53.63,10.167161,2020-11-03,07:00:00
1604383200000,53.64,53.64,53.21,53.5,101.743,2020-11-03,06:00:00
1604379600000,52.53,53.64,52.53,53.64,23.675898,2020-11-03,05:00:00
1604376000000,52.0,53.34,52.0,52.53,320.219979,2020-11-03,04:00:00
1604372400000,53.5,53.83,51.75,52.0,941.366873,2020-11-03,03:00:00
1604368800000,54.65,54.98,53.5,53.5,337.245671,2020-11-03,02:00:00
1604365200000,54.76,54.87,54.65,54.65,12.437987,2020-11-03,01:00:00
1604361600000,55.27,55.27,54.52,54.76,302.500888,2020-11-03,00:00:00
1604358000000,54.77,55.28,54.77,55.27,4.223475,2020-11-02,23:00:00
1604354400000,55.41,55.41,54.77,54.77,8.55551,2020-11-02,22:00:00
1604350800000,55.31,55.41,55.27,55.41,208.608505,2020-11-02,21:00:00
1604347200000,55.24,55.6,55.24,55.31,15.019089,2020-11-02,20:00:00
1604343600000,55.08,55.32,55.0,55.24,29.086965,2020-11-02,19:00:00
1604340000000,55.39,55.39,55.04,55.08,124.63138,2020-11-02,18:00:00
1604336400000,55.69,55.73,55.39,55.39,66.944689,2020-11-02,17:00:00
1604332800000,55.88,55.94,55.5,55.69,230.463496,2020-11-02,16:00:00
1604329200000,55.72,55.88,55.3,55.88,140.114185,2020-11-02,15:00:00
1604325600000,55.72,55.73,54.88,55.72,23.342442,2020-11-02,14:00:00
1604322000000,55.19,55.72,55.17,55.72,0.488695,2020-11-02,13:00:00
1604318400000,56.32,56.32,54.68,55.19,1256.507901,2020-11-02,12:00:00
1604314800000,56.7,56.7,56.3,56.32,123.806625,2020-11-02,11:00:00
1604311200000,56.82,56.82,56.43,56.7,126.167,2020-11-02,10:00:00
1604307600000,56.39,57.11,56.39,56.82,460.94875,2020-11-02,09:00:00
1604304000000,58.22,58.22,56.39,56.39,73.961415,2020-11-02,08:00:00
1604300400000,58.21,58.22,57.85,58.22,117.610292,2020-11-02,07:00:00
1604296800000,57.82,58.21,57.7,58.21,8.60363,2020-11-02,06:00:00
1604293200000,57.68,57.82,57.65,57.82,5.157501,2020-11-02,05:00:00
1604289600000,57.57,58.21,57.53,57.68,24.975227,2020-11-02,04:00:00
1604286000000,58.08,58.08,57.53,57.57,129.593865,2020-11-02,03:00:00
1604282400000,58.7,58.7,57.91,58.08,90.809937,2020-11-02,02:00:00
1604278800000,58.96,58.96,58.56,58.7,28.088026,2020-11-02,01:00:00
1604275200000,57.81,59.01,57.81,58.96,81.479215,2020-11-02,00:00:00
1604271600000,57.61,58.08,57.61,57.81,32.334201,2020-11-01,23:00:00
1604268000000,57.69,57.9,57.61,57.61,54.553445,2020-11-01,22:00:00
1604264400000,57.9,58.18,57.69,57.69,155.990493,2020-11-01,21:00:00
1604260800000,57.55,58.18,57.55,57.9,6.715728,2020-11-01,20:00:00
1604257200000,57.63,57.77,57.55,57.55,15.569035,2020-11-01,19:00:00
1604253600000,57.66,57.66,57.38,57.63,10.014886,2020-11-01,18:00:00
1604250000000,57.44,57.66,57.38,57.66,2.486576,2020-11-01,17:00:00
1604246400000,58.03,58.03,57.44,57.44,16.782705,2020-11-01,16:00:00
1604242800000,57.53,58.03,57.53,58.03,22.230008,2020-11-01,15:00:00
1604239200000,57.79,57.79,57.53,57.53,17.041187,2020-11-01,14:00:00
1604235600000,57.23,57.8,57.23,57.79,710.187638,2020-11-01,13:00:00
1604232000000,58.1,58.1,57.23,57.23,1.0,2020-11-01,12:00:00
1604228400000,57.66,58.1,57.66,58.1,0.402568,2020-11-01,11:00:00
1604224800000,57.8,57.8,57.66,57.66,30.00949,2020-11-01,10:00:00
1604221200000,58.26,58.26,57.8,57.8,2.002302,2020-11-01,09:00:00
1604217600000,58.19,58.57,58.19,58.26,2.57949,2020-11-01,08:00:00
1604214000000,57.92,58.25,57.92,58.19,6.175221,2020-11-01,07:00:00
1604210400000,58.22,58.22,57.87,57.92,3.20136,2020-11-01,06:00:00
1604206800000,57.74,58.23,57.74,58.22,33.02977304,2020-11-01,05:00:00
1604203200000,57.98,58.0,57.53,57.74,40.121631,2020-11-01,04:00:00
1604199600000,57.98,57.98,57.98,57.98,0.0,2020-11-01,03:00:00
1604196000000,57.95,58.33,57.95,57.98,1.666918,2020-11-01,02:00:00
1604192400000,57.67,57.98,57.67,57.95,25.048315,2020-11-01,01:00:00
1604188800000,58.09,58.09,57.67,57.67,1.533512,2020-11-01,00:00:00
1604185200000,58.33,58.33,57.83,58.09,2.374778,2020-10-31,23:00:00
1604181600000,58.28,58.42,58.24,58.33,43.700895,2020-10-31,22:00:00
1604178000000,58.95,58.95,58.28,58.28,7.514519,2020-10-31,21:00:00
1604174400000,58.91,58.95,58.52,58.95,7.274912,2020-10-31,20:00:00
1604170800000,58.82,58.91,58.47,58.91,32.534436,2020-10-31,19:00:00
1604167200000,58.57,58.99,58.32,58.82,169.91216991,2020-10-31,18:00:00
1604163600000,58.61,58.8,58.39,58.57,16.761249,2020-10-31,17:00:00
1604160000000,59.27,59.27,58.59,58.61,23.513289,2020-10-31,16:00:00
1604156400000,59.36,59.36,58.98,59.27,1.987356,2020-10-31,15:00:00
1604152800000,59.04,59.42,59.04,59.36,4.265786,2020-10-31,14:00:00
1604149200000,58.76,59.29,58.76,59.04,19.73994,2020-10-31,13:00:00
1604145600000,58.24,58.77,58.07,58.76,85.186816,2020-10-31,12:00:00
1604142000000,58.32,58.42,58.1,58.24,0.37837,2020-10-31,11:00:00
1604138400000,58.72,59.0,57.27,58.32,262.733885,2020-10-31,10:00:00
1604134800000,58.5,58.81,58.44,58.72,79.211963,2020-10-31,09:00:00
1604131200000,58.03,58.5,58.03,58.5,96.950531,2020-10-31,08:00:00
1604127600000,57.98,58.03,57.98,58.03,1.0,2020-10-31,07:00:00
1604124000000,57.63,58.06,57.4,57.98,355.438144,2020-10-31,06:00:00
1604120400000,58.04,58.04,57.63,57.63,0.738331,2020-10-31,05:00:00
1604116800000,57.82,58.04,57.82,58.04,34.190941,2020-10-31,04:00:00
1604113200000,58.57,58.57,57.8,57.82,43.57673713,2020-10-31,03:00:00
1604109600000,58.57,58.57,58.57,58.57,0.0,2020-10-31,02:00:00
1604106000000,58.33,58.79,58.33,58.57,286.3838123,2020-10-31,01:00:00
1604102400000,58.25,58.51,58.07,58.33,240.6560347,2020-10-31,00:00:00
1604098800000,59.33,59.33,58.25,58.25,155.592379,2020-10-30,23:00:00
1604095200000,59.15,59.6,59.15,59.33,251.745849,2020-10-30,22:00:00
1604091600000,59.53,59.93,58.92,59.15,588.793523,2020-10-30,21:00:00
1604088000000,59.21,59.99,58.76,59.53,268.46342654,2020-10-30,20:00:00
1604084400000,58.97,59.21,58.97,59.21,477.624829,2020-10-30,19:00:00
1604080800000,59.0,59.23,58.89,58.97,175.102491,2020-10-30,18:00:00
1604077200000,58.64,59.0,58.52,59.0,78.514492,2020-10-30,17:00:00
1604073600000,58.5,58.64,58.03,58.64,79.498538,2020-10-30,16:00:00
1604070000000,57.26,58.5,57.26,58.5,238.437989,2020-10-30,15:00:00
1604066400000,57.35,57.66,57.24,57.26,240.79373,2020-10-30,14:00:00
1604062800000,57.72,57.72,57.16,57.35,58.284963,2020-10-30,13:00:00
1604059200000,57.11,57.72,57.05,57.72,81.718941,2020-10-30,12:00:00
1604055600000,55.7,57.5,55.7,57.11,366.259047,2020-10-30,11:00:00
1604052000000,55.7,55.95,55.31,55.7,103.216608,2020-10-30,10:00:00
1604048400000,56.05,56.05,54.19,55.7,48.618316,2020-10-30,09:00:00
1604044800000,55.23,56.18,55.23,56.05,1.959785,2020-10-30,08:00:00
1604041200000,56.12,56.12,54.47,55.23,310.682088,2020-10-30,07:00:00
1604037600000,55.05,56.12,55.05,56.12,14.50782,2020-10-30,06:00:00
1604034000000,56.67,56.67,55.05,55.05,179.169341,2020-10-30,05:00:00
1604030400000,56.89,56.89,56.3,56.67,0.364774,2020-10-30,04:00:00
1604026800000,57.03,57.38,56.73,56.89,55.02243176,2020-10-30,03:00:00
1604023200000,58.09,58.09,57.03,57.03,16.616949,2020-10-30,02:00:00
1604019600000,58.44,59.0,58.09,58.09,162.041689,2020-10-30,01:00:00
1604016000000,56.53,58.99,56.15,58.44,683.77844605,2020-10-30,00:00:00
1604012400000,56.59,56.59,56.37,56.53,0.03131,2020-10-29,23:00:00
1604008800000,57.0,57.0,56.35,56.59,249.470239,2020-10-29,22:00:00
1604005200000,56.41,57.0,56.41,57.0,336.225437,2020-10-29,21:00:00
1604001600000,56.95,56.95,56.1,56.41,80.0144,2020-10-29,20:00:00
1603998000000,56.8,57.19,56.8,56.95,46.725771,2020-10-29,19:00:00
1603994400000,56.53,56.8,56.45,56.8,172.304628,2020-10-29,18:00:00
1603990800000,57.18,57.18,56.53,56.53,3.02725556,2020-10-29,17:00:00
1603987200000,57.23,57.23,56.78,57.18,296.3414828,2020-10-29,16:00:00
1603983600000,57.06,57.23,56.9,57.23,206.879637,2020-10-29,15:00:00
1603980000000,56.2,57.14,56.2,57.06,139.919946,2020-10-29,14:00:00
1603976400000,55.85,56.61,55.76,56.2,462.94621787,2020-10-29,13:00:00
1603972800000,55.67,55.85,54.68,55.85,178.322472,2020-10-29,12:00:00
1603969200000,55.6,56.11,55.6,55.67,61.193374,2020-10-29,11:00:00
1603965600000,56.5,56.52,55.6,55.6,608.769673,2020-10-29,10:00:00
1603962000000,56.75,56.75,56.28,56.5,30.326772,2020-10-29,09:00:00
1603958400000,56.54,56.75,56.38,56.75,2.021975,2020-10-29,08:00:00
1603954800000,57.56,57.56,56.54,56.54,1.716641,2020-10-29,07:00:00
1603951200000,57.73,57.73,57.13,57.56,12.08658,2020-10-29,06:00:00
1603947600000,57.6,57.73,57.23,57.73,1.172562,2020-10-29,05:00:00
1603944000000,57.6,57.67,57.6,57.6,28.00288,2020-10-29,04:00:00
1603940400000,57.2,57.6,57.1,57.6,10.326075,2020-10-29,03:00:00
1603936800000,57.25,57.25,57.2,57.2,29.152181,2020-10-29,02:00:00
1603933200000,57.14,57.25,57.0,57.25,25.867371,2020-10-29,01:00:00
1603929600000,56.73,57.14,56.73,57.14,737.40926588,2020-10-29,00:00:00
1603926000000,56.63,56.73,56.54,56.73,53.883627,2020-10-28,23:00:00
1603922400000,56.14,56.63,56.14,56.63,720.669237,2020-10-28,22:00:00
1603918800000,56.42,56.48,55.13,56.14,44.57848175,2020-10-28,21:00:00
1603915200000,57.29,57.39,56.35,56.42,2092.76789859,2020-10-28,20:00:00
1603911600000,57.79,57.91,57.13,57.29,2026.697859,2020-10-28,19:00:00
1603908000000,57.81,58.08,57.57,57.79,197.25539357,2020-10-28,18:00:00
1603904400000,58.51,58.51,57.43,57.81,133.030826,2020-10-28,17:00:00
1603900800000,58.91,58.91,58.27,58.51,48.149642,2020-10-28,16:00:00
1603897200000,58.71,58.92,58.46,58.91,130.768434,2020-10-28,15:00:00
1603893600000,59.3,59.3,57.61,58.71,333.715054,2020-10-28,14:00:00
1603890000000,59.72,59.97,59.3,59.3,53.061094,2020-10-28,13:00:00
1603886400000,59.46,59.72,59.07,59.72,8.220984,2020-10-28,12:00:00
1603882800000,59.61,59.61,58.35,59.46,2.312587,2020-10-28,11:00:00
1603879200000,59.69,59.86,59.0,59.61,209.54839067,2020-10-28,10:00:00
1603875600000,59.95,60.03,59.69,59.69,32.74279856,2020-10-28,09:00:00
1603872000000,59.96,59.96,59.42,59.95,2.573865,2020-10-28,08:00:00
1603868400000,61.06,61.06,59.96,59.96,0.002409,2020-10-28,07:00:00
1603864800000,60.62,61.06,60.62,61.06,0.009156,2020-10-28,06:00:00
1603861200000,61.05,61.05,60.62,60.62,0.185216,2020-10-28,05:00:00
1603857600000,61.19,61.19,60.62,61.05,2.156221,2020-10-28,04:00:00
1603854000000,60.8,61.19,60.63,61.19,32.818177,2020-10-28,03:00:00
1603850400000,61.3,61.3,60.8,60.8,291.684886,2020-10-28,02:00:00
1603846800000,61.46,61.49,61.28,61.3,10.265926,2020-10-28,01:00:00
1603843200000,60.98,61.46,60.64,61.46,9.085271,2020-10-28,00:00:00
1603839600000,60.98,60.98,60.55,60.98,526.888513,2020-10-27,23:00:00
1603836000000,60.11,60.98,60.04,60.98,132.85822,2020-10-27,22:00:00
1603832400000,60.34,60.58,60.11,60.11,0.296897,2020-10-27,21:00:00
1603828800000,60.78,60.81,60.34,60.34,12.009227,2020-10-27,20:00:00
1603825200000,60.78,60.96,60.69,60.78,26.596547,2020-10-27,19:00:00
1603821600000,61.37,61.57,60.65,60.78,121.44822503,2020-10-27,18:00:00
1603818000000,61.71,61.86,61.24,61.37,124.91828061,2020-10-27,17:00:00
1603814400000,60.98,62.0,60.95,61.71,75.33314626,2020-10-27,16:00:00
1603810800000,60.67,61.08,60.67,60.98,340.819379,2020-10-27,15:00:00
1603807200000,60.79,60.98,60.67,60.67,0.249877,2020-10-27,14:00:00
1603803600000,61.21,61.33,60.78,60.79,30.973441,2020-10-27,13:00:00
1603800000000,60.84,61.51,60.84,61.21,63.707292,2020-10-27,12:00:00
1603796400000,60.93,61.0,60.75,60.84,80.560185,2020-10-27,11:00:00
1603792800000,60.48,60.93,60.2,60.93,0.096262,2020-10-27,10:00:00
1603789200000,60.9,60.9,60.03,60.48,14.143201,2020-10-27,09:00:00
1603785600000,61.23,61.23,60.68,60.9,34.689955,2020-10-27,08:00:00
1603782000000,61.09,61.26,61.07,61.23,134.621041,2020-10-27,07:00:00
1603778400000,61.26,61.27,60.86,61.09,11.83203,2020-10-27,06:00:00
1603774800000,61.25,61.54,61.25,61.26,1.744181,2020-10-27,05:00:00
1603771200000,61.07,61.51,61.05,61.25,15.914922,2020-10-27,04:00:00
1603767600000,61.19,61.19,61.0,61.07,25.076948,2020-10-27,03:00:00
1603764000000,61.39,61.66,61.07,61.19,11.420168,2020-10-27,02:00:00
1603760400000,61.12,61.59,61.12,61.39,1.135304,2020-10-27,01:00:00
1603756800000,60.28,61.12,60.26,61.12,128.621161,2020-10-27,00:00:00
1603753200000,60.6,60.71,60.26,60.28,271.453469,2020-10-26,23:00:00
1603749600000,60.33,60.68,60.24,60.6,87.081685,2020-10-26,22:00:00
1603746000000,60.25,60.51,60.25,60.33,14.066971,2020-10-26,21:00:00
1603742400000,60.01,60.32,59.89,60.25,17.89355996,2020-10-26,20:00:00
1603738800000,59.81,60.01,59.6,60.01,4.120977,2020-10-26,19:00:00
1603735200000,59.1,59.97,59.02,59.81,970.284804,2020-10-26,18:00:00
1603731600000,59.46,59.79,58.52,59.1,48.82161823,2020-10-26,17:00:00
1603728000000,60.53,61.0,58.9,59.46,654.20929312,2020-10-26,16:00:00
1603724400000,62.15,62.15,59.89,60.53,1973.22058,2020-10-26,15:00:00
1603720800000,62.57,62.75,62.15,62.15,22.6182,2020-10-26,14:00:00
1603717200000,62.49,62.66,62.39,62.57,27.344128,2020-10-26,13:00:00
1603713600000,62.75,62.78,62.08,62.49,190.137863,2020-10-26,12:00:00
1603710000000,63.0,63.0,62.61,62.75,1.673774,2020-10-26,11:00:00
1603706400000,63.0,63.0,62.76,63.0,85.823254,2020-10-26,10:00:00
1603702800000,62.61,63.0,62.61,63.0,303.694214,2020-10-26,09:00:00
1603699200000,62.89,62.89,62.05,62.61,1.287201,2020-10-26,08:00:00
1603695600000,63.12,63.12,62.84,62.89,3.967936,2020-10-26,07:00:00
1603692000000,62.76,63.17,62.76,63.12,1.164041,2020-10-26,06:00:00
1603688400000,63.46,63.46,62.76,62.76,1.953143,2020-10-26,05:00:00
1603684800000,63.38,63.46,63.24,63.46,0.182552,2020-10-26,04:00:00
1603681200000,63.7,63.71,63.38,63.38,12.633303,2020-10-26,03:00:00
1603677600000,62.89,63.83,62.89,63.7,116.661266,2020-10-26,02:00:00
1603674000000,63.0,63.17,62.64,62.89,517.990112,2020-10-26,01:00:00
1603670400000,62.9,63.0,62.13,63.0,79.885631,2020-10-26,00:00:00
1603666800000,62.36,63.0,62.36,62.9,136.377007,2020-10-25,23:00:00
1603663200000,63.07,63.07,62.36,62.36,0.163932,2020-10-25,22:00:00
1603659600000,63.09,63.09,62.83,63.07,62.941533,2020-10-25,21:00:00
1603656000000,63.54,63.6,63.09,63.09,92.02063428,2020-10-25,20:00:00
1603652400000,63.25,63.54,63.25,63.54,21.77117042,2020-10-25,19:00:00
1603648800000,63.29,63.48,63.1,63.25,0.875397,2020-10-25,18:00:00
1603645200000,62.98,63.6,62.98,63.29,47.348664,2020-10-25,17:00:00
1603641600000,62.92,63.3,62.0,62.98,105.977725,2020-10-25,16:00:00
1603638000000,62.79,63.25,62.79,62.92,8.927735,2020-10-25,15:00:00
1603634400000,63.03,63.07,62.79,62.79,1.881142,2020-10-25,14:00:00
1603630800000,62.98,63.3,62.84,63.03,3.641003,2020-10-25,13:00:00
1603627200000,62.42,63.14,62.42,62.98,3.162724,2020-10-25,12:00:00
1603623600000,62.76,62.76,62.28,62.42,0.526976,2020-10-25,11:00:00
1603620000000,63.32,63.32,62.28,62.76,2.874438,2020-10-25,10:00:00
1603616400000,63.5,63.52,63.26,63.32,30.912587,2020-10-25,09:00:00
1603612800000,63.23,63.5,63.04,63.5,2.716813,2020-10-25,08:00:00
1603609200000,63.28,63.43,63.13,63.23,12.83063682,2020-10-25,07:00:00
1603605600000,63.31,63.31,63.1,63.28,7.30730619,2020-10-25,06:00:00
1603602000000,64.53,64.66,63.03,63.31,4.391101,2020-10-25,05:00:00
1603598400000,64.98,64.98,64.26,64.53,78.596603,2020-10-25,04:00:00
1603594800000,64.4,65.0,64.37,64.98,92.566908,2020-10-25,03:00:00
1603591200000,64.16,64.67,64.16,64.4,67.088526,2020-10-25,02:00:00
1603587600000,64.12,64.16,63.97,64.16,3.121675,2020-10-25,01:00:00
1603584000000,64.08,64.28,63.7,64.12,55.217903,2020-10-25,00:00:00
1603580400000,64.21,64.21,64.08,64.08,314.066743,2020-10-24,23:00:00
1603576800000,63.87,64.27,63.87,64.21,26.302708,2020-10-24,22:00:00
1603573200000,64.03,64.45,63.78,63.87,40.253962,2020-10-24,21:00:00
1603569600000,64.21,64.45,64.03,64.03,15.425552,2020-10-24,20:00:00
1603566000000,64.42,64.57,64.14,64.21,25.896449,2020-10-24,19:00:00
1603562400000,65.73,65.73,64.42,64.42,48.47662478,2020-10-24,18:00:00
1603558800000,63.1,65.73,63.1,65.73,18.219242,2020-10-24,17:00:00
1603555200000,63.1,63.1,63.1,63.1,175.0,2020-10-24,16:00:00
1603551600000,63.1,63.1,63.1,63.1,0.0,2020-10-24,15:00:00
1603548000000,63.1,63.1,63.1,63.1,0.0,2020-10-24,14:00:00
1603544400000,63.01,63.34,63.01,63.1,25.74926843,2020-10-24,13:00:00
1603540800000,63.05,63.43,63.01,63.01,156.706916,2020-10-24,12:00:00
1603537200000,63.15,63.27,63.01,63.05,10.229453,2020-10-24,11:00:00
1603533600000,62.17,63.15,62.17,63.15,0.492791,2020-10-24,10:00:00
1603530000000,62.08,62.17,62.02,62.17,9.568825,2020-10-24,09:00:00
1603526400000,62.61,62.61,62.0,62.08,5.884524,2020-10-24,08:00:00
1603522800000,62.64,62.72,62.55,62.61,0.935103,2020-10-24,07:00:00
1603519200000,62.86,62.86,62.54,62.64,5.487385,2020-10-24,06:00:00
1603515600000,62.69,62.86,62.56,62.86,8.620368,2020-10-24,05:00:00
1603512000000,62.77,62.89,62.4,62.69,2.008411,2020-10-24,04:00:00
1603508400000,62.87,63.07,62.77,62.77,61.091248,2020-10-24,03:00:00
1603504800000,62.58,62.91,62.58,62.87,1.074095,2020-10-24,02:00:00
1603501200000,62.67,62.99,62.53,62.58,17.423488,2020-10-24,01:00:00
1603497600000,63.48,63.48,62.66,62.67,50.910196,2020-10-24,00:00:00
1603494000000,62.71,63.48,62.71,63.48,419.561813,2020-10-23,23:00:00
1603490400000,62.39,62.71,62.39,62.71,400.744513,2020-10-23,22:00:00
1603486800000,62.78,62.79,62.25,62.39,239.113582,2020-10-23,21:00:00
1603483200000,62.44,62.89,62.44,62.78,6.10363,2020-10-23,20:00:00
1603479600000,62.54,62.54,62.17,62.44,32.503016,2020-10-23,19:00:00
1603476000000,62.39,62.73,62.39,62.54,31.60360368,2020-10-23,18:00:00
1603472400000,61.97,62.39,61.84,62.39,74.084233,2020-10-23,17:00:00
1603468800000,63.6,63.63,61.54,61.97,696.711944,2020-10-23,16:00:00
1603465200000,64.04,64.04,63.22,63.6,54.42911,2020-10-23,15:00:00
1603461600000,64.44,64.52,64.04,64.04,31.855876,2020-10-23,14:00:00
1603458000000,64.76,65.32,64.38,64.44,86.69138813,2020-10-23,13:00:00
1603454400000,64.35,64.83,64.19,64.76,51.703513,2020-10-23,12:00:00
1603450800000,64.47,64.96,64.35,64.35,87.533438,2020-10-23,11:00:00
1603447200000,64.06,64.67,64.06,64.47,165.347979,2020-10-23,10:00:00
1603443600000,63.74,64.27,63.73,64.06,232.847342,2020-10-23,09:00:00
1603440000000,63.65,64.21,63.54,63.74,80.677711,2020-10-23,08:00:00
1603436400000,63.73,64.01,63.5,63.65,2.069979,2020-10-23,07:00:00
1603432800000,64.88,64.88,63.73,63.73,18.014976,2020-10-23,06:00:00
1603429200000,64.28,65.07,64.28,64.88,1.810665,2020-10-23,05:00:00
1603425600000,64.23,64.49,64.23,64.28,0.74541557,2020-10-23,04:00:00
1603422000000,65.1,65.1,64.23,64.23,128.954663,2020-10-23,03:00:00
1603418400000,64.48,65.1,64.23,65.1,1.293133,2020-10-23,02:00:00
1603414800000,64.19,64.89,64.19,64.48,17.225501,2020-10-23,01:00:00
1603411200000,65.58,65.58,63.94,64.19,444.431406,2020-10-23,00:00:00
1603407600000,65.66,65.77,64.62,65.58,173.878328,2020-10-22,23:00:00
1603404000000,66.09,66.39,65.66,65.66,39.785537,2020-10-22,22:00:00
1603400400000,66.13,66.55,65.77,66.09,83.304786,2020-10-22,21:00:00
1603396800000,66.42,66.67,66.13,66.13,96.707045,2020-10-22,20:00:00
1603393200000,66.26,67.0,66.22,66.42,264.252154,2020-10-22,19:00:00
1603389600000,66.39,66.6,66.19,66.26,503.643516,2020-10-22,18:00:00
1603386000000,66.11,66.58,65.96,66.39,31.154196,2020-10-22,17:00:00
1603382400000,66.09,66.47,65.8,66.11,17.3691535,2020-10-22,16:00:00
1603378800000,65.83,66.81,65.83,66.09,603.49865,2020-10-22,15:00:00
1603375200000,66.42,66.42,65.7,65.83,406.828746,2020-10-22,14:00:00
1603371600000,65.75,66.53,65.75,66.42,13.665377,2020-10-22,13:00:00
1603368000000,66.08,66.25,65.32,65.75,28.098919,2020-10-22,12:00:00
1603364400000,65.45,66.37,65.45,66.08,125.323922,2020-10-22,11:00:00
1603360800000,64.69,65.45,64.48,65.45,4.868072,2020-10-22,10:00:00
1603357200000,65.47,65.47,64.55,64.69,33.812641,2020-10-22,09:00:00
1603353600000,65.0,65.47,65.0,65.47,2.90428,2020-10-22,08:00:00
1603350000000,64.2,65.0,64.2,65.0,127.403526,2020-10-22,07:00:00
1603346400000,63.77,64.2,63.66,64.2,12.52684213,2020-10-22,06:00:00
1603342800000,63.34,63.86,63.17,63.77,24.744477,2020-10-22,05:00:00
1603339200000,63.15,63.34,62.9,63.34,3.455245,2020-10-22,04:00:00
1603335600000,63.2,63.38,63.07,63.15,95.595875,2020-10-22,03:00:00
1603332000000,63.76,63.76,62.93,63.2,93.32785788,2020-10-22,02:00:00
1603328400000,63.88,64.22,63.6,63.76,246.46903661,2020-10-22,01:00:00
1603324800000,62.72,64.32,62.72,63.88,96.91947651,2020-10-22,00:00:00
1603321200000,64.2,64.2,62.64,62.72,140.968718,2020-10-21,23:00:00
1603317600000,63.33,64.2,63.17,64.2,725.684045,2020-10-21,22:00:00
1603314000000,63.38,63.49,62.81,63.33,18.792107,2020-10-21,21:00:00
1603310400000,62.47,63.63,62.18,63.38,1064.720734,2020-10-21,20:00:00
1603306800000,63.34,63.43,62.47,62.47,805.386547,2020-10-21,19:00:00
1603303200000,63.51,63.62,63.24,63.34,26.751671,2020-10-21,18:00:00
1603299600000,63.33,64.22,63.33,63.51,162.242691,2020-10-21,17:00:00
1603296000000,63.5,64.99,63.33,63.33,271.74683818,2020-10-21,16:00:00
1603292400000,63.14,63.95,63.03,63.5,146.159615,2020-10-21,15:00:00
1603288800000,63.81,64.0,62.93,63.14,112.478415,2020-10-21,14:00:00
1603285200000,61.98,63.81,61.98,63.81,120.032125,2020-10-21,13:00:00
1603281600000,61.92,61.99,61.42,61.98,33.244656,2020-10-21,12:00:00
1603278000000,62.18,62.18,61.75,61.92,40.36284005,2020-10-21,11:00:00
1603274400000,61.52,62.36,61.46,62.18,0.914116,2020-10-21,10:00:00
1603270800000,61.23,61.7,61.06,61.52,66.243998,2020-10-21,09:00:00
1603267200000,61.4,61.4,60.87,61.23,0.855364,2020-10-21,08:00:00
1603263600000,61.63,61.67,60.95,61.4,25.284361,2020-10-21,07:00:00
1603260000000,61.03,62.0,60.72,61.63,1547.348364,2020-10-21,06:00:00
1603256400000,61.14,61.54,60.89,61.03,4.992035,2020-10-21,05:00:00
1603252800000,61.0,61.35,60.86,61.14,160.557493,2020-10-21,04:00:00
1603249200000,58.51,61.27,58.28,61.0,190.96086865,2020-10-21,03:00:00
1603245600000,58.85,59.15,58.51,58.51,193.26230916,2020-10-21,02:00:00
1603242000000,58.96,59.02,58.73,58.85,70.35033,2020-10-21,01:00:00
1603238400000,57.83,58.96,57.43,58.96,180.70010589,2020-10-21,00:00:00
1603234800000,59.17,59.18,56.58,57.83,1093.372601,2020-10-20,23:00:00
1603231200000,58.83,59.38,58.83,59.17,68.833,2020-10-20,22:00:00
1603227600000,59.18,59.25,58.57,58.83,49.390747,2020-10-20,21:00:00
1603224000000,58.82,59.81,58.55,59.18,346.59901184,2020-10-20,20:00:00
1603220400000,59.38,59.41,58.43,58.82,20.38397864,2020-10-20,19:00:00
1603216800000,59.9,59.9,58.38,59.38,303.12765342,2020-10-20,18:00:00
1603213200000,62.05,62.05,59.63,59.9,539.04516945,2020-10-20,17:00:00
1603209600000,62.11,62.19,61.82,62.05,7.063693,2020-10-20,16:00:00
1603206000000,61.82,62.37,61.5,62.11,60.411311,2020-10-20,15:00:00
1603202400000,62.25,62.81,61.58,61.82,117.495834,2020-10-20,14:00:00
1603198800000,62.51,62.51,61.85,62.25,51.303075,2020-10-20,13:00:00
1603195200000,61.97,62.51,61.68,62.51,31.453457,2020-10-20,12:00:00
1603191600000,63.04,63.24,61.97,61.97,79.129409,2020-10-20,11:00:00
1603188000000,63.18,63.18,62.92,63.04,3.816222,2020-10-20,10:00:00
1603184400000,63.27,63.27,62.49,63.18,0.24022,2020-10-20,09:00:00
1603180800000,64.1,64.1,62.78,63.27,0.955025,2020-10-20,08:00:00
1603177200000,64.37,64.82,64.1,64.1,10.57261911,2020-10-20,07:00:00
1603173600000,63.92,64.37,63.84,64.37,0.188757,2020-10-20,06:00:00
1603170000000,64.05,64.15,63.8,63.92,15.982939,2020-10-20,05:00:00
1603166400000,64.42,64.42,64.05,64.05,6.353798,2020-10-20,04:00:00
1603162800000,64.73,64.73,64.35,64.42,10.319889,2020-10-20,03:00:00
1603159200000,64.13,64.94,64.13,64.73,54.396406,2020-10-20,02:00:00
1603155600000,63.97,64.78,63.97,64.13,88.906402,2020-10-20,01:00:00
1603152000000,64.01,64.1,63.78,63.97,4.370929,2020-10-20,00:00:00
1603148400000,63.54,64.01,63.43,64.01,220.95634679,2020-10-19,23:00:00
1603144800000,63.44,63.7,63.44,63.54,40.23119,2020-10-19,22:00:00
1603141200000,63.45,63.68,63.44,63.44,198.583436,2020-10-19,21:00:00
1603137600000,63.5,63.69,63.28,63.45,5.89753,2020-10-19,20:00:00
1603134000000,63.26,63.57,63.09,63.5,40.310733,2020-10-19,19:00:00
1603130400000,64.79,64.79,63.26,63.26,5.850779,2020-10-19,18:00:00
1603126800000,64.29,64.79,64.23,64.79,226.37937312,2020-10-19,17:00:00
1603123200000,65.19,65.29,64.29,64.29,277.9783104,2020-10-19,16:00:00
1603119600000,63.98,65.19,63.98,65.19,143.63515,2020-10-19,15:00:00
1603116000000,64.45,64.49,63.98,63.98,3.593888,2020-10-19,14:00:00
1603112400000,63.84,64.65,63.84,64.45,74.13329144,2020-10-19,13:00:00
1603108800000,63.86,64.38,63.84,63.84,0.435843,2020-10-19,12:00:00
1603105200000,63.6,63.86,63.42,63.86,0.09893,2020-10-19,11:00:00
1603101600000,63.47,63.8,63.43,63.6,7.815898,2020-10-19,10:00:00
1603098000000,62.67,63.62,62.67,63.47,22.950387,2020-10-19,09:00:00
1603094400000,62.75,62.93,62.62,62.67,3.681401,2020-10-19,08:00:00
1603090800000,62.64,62.93,62.63,62.75,3.939298,2020-10-19,07:00:00
1603087200000,62.55,62.64,62.29,62.64,8.091902,2020-10-19,06:00:00
1603083600000,62.32,62.73,62.32,62.55,2.318161,2020-10-19,05:00:00
1603080000000,63.08,63.08,62.32,62.32,17.894602,2020-10-19,04:00:00
1603076400000,63.18,63.55,63.0,63.08,10.656307,2020-10-19,03:00:00
1603072800000,63.68,63.72,63.16,63.18,17.393033,2020-10-19,02:00:00
1603069200000,63.95,63.95,63.5,63.68,8.649009,2020-10-19,01:00:00
1603065600000,64.23,64.45,63.95,63.95,48.11390045,2020-10-19,00:00:00
1603062000000,63.93,64.23,63.93,64.23,49.696623,2020-10-18,23:00:00
1603058400000,63.81,64.0,63.67,63.93,42.530952,2020-10-18,22:00:00
1603054800000,63.45,63.81,63.45,63.81,62.665011,2020-10-18,21:00:00
1603051200000,63.86,63.86,63.4,63.45,2.756549,2020-10-18,20:00:00
1603047600000,63.6,63.86,63.6,63.86,25.606012,2020-10-18,19:00:00
1603044000000,64.0,64.05,63.6,63.6,11.564294,2020-10-18,18:00:00
1603040400000,63.4,64.0,63.19,64.0,80.199127,2020-10-18,17:00:00
1603036800000,63.25,63.52,63.12,63.4,19.92840987,2020-10-18,16:00:00
1603033200000,63.32,63.46,63.05,63.25,6.993033,2020-10-18,15:00:00
1603029600000,62.76,63.6,62.76,63.32,371.017689,2020-10-18,14:00:00
1603026000000,62.73,63.06,62.73,62.76,9.042689,2020-10-18,13:00:00
1603022400000,63.04,63.2,62.73,62.73,1.090608,2020-10-18,12:00:00
1603018800000,63.03,63.04,62.71,63.04,0.02728,2020-10-18,11:00:00
1603015200000,63.0,63.27,62.71,63.03,2.289096,2020-10-18,10:00:00
1603011600000,63.05,63.19,63.0,63.0,0.895625,2020-10-18,09:00:00
1603008000000,63.17,63.32,63.04,63.05,1.83843,2020-10-18,08:00:00
1603004400000,63.5,63.5,63.17,63.17,0.06076,2020-10-18,07:00:00
1603000800000,62.86,63.5,62.71,63.5,19.74795205,2020-10-18,06:00:00
1602997200000,62.72,63.05,62.46,62.86,0.321445,2020-10-18,05:00:00
1602993600000,62.45,62.76,62.45,62.72,0.214495,2020-10-18,04:00:00
1602990000000,62.77,62.77,62.45,62.45,0.257167,2020-10-18,03:00:00
1602986400000,63.07,63.15,62.77,62.77,0.214679,2020-10-18,02:00:00
1602982800000,62.7,63.07,62.57,63.07,5.324138,2020-10-18,01:00:00
1602979200000,62.79,63.17,62.54,62.7,98.958115,2020-10-18,00:00:00
1602975600000,62.02,62.93,61.89,62.79,249.08484,2020-10-17,23:00:00
1602972000000,61.94,62.05,61.71,62.02,35.065616,2020-10-17,22:00:00
1602968400000,62.24,62.24,61.94,61.94,5.802468,2020-10-17,21:00:00
1602964800000,61.7,62.24,61.7,62.24,118.69879523,2020-10-17,20:00:00
1602961200000,61.68,61.98,61.68,61.7,7.873362,2020-10-17,19:00:00
1602957600000,62.15,62.15,61.68,61.68,16.360442,2020-10-17,18:00:00
1602954000000,61.74,62.15,61.42,62.15,190.733254,2020-10-17,17:00:00
1602950400000,61.93,61.96,61.7,61.74,0.94546975,2020-10-17,16:00:00
1602946800000,62.15,62.83,61.89,61.93,12.854149,2020-10-17,15:00:00
1602943200000,62.01,62.15,61.37,62.15,3.005484,2020-10-17,14:00:00
1602939600000,62.22,62.54,62.0,62.01,3.303187,2020-10-17,13:00:00
1602936000000,62.7,62.7,62.04,62.22,13.716216,2020-10-17,12:00:00
1602932400000,62.65,62.7,62.53,62.7,0.146475,2020-10-17,11:00:00
1602928800000,62.88,62.88,62.5,62.65,0.512323,2020-10-17,10:00:00
1602925200000,62.96,62.96,62.77,62.88,0.471694,2020-10-17,09:00:00
1602921600000,62.96,63.26,62.96,62.96,20.378279,2020-10-17,08:00:00
1602918000000,62.77,63.14,62.77,62.96,0.34518093,2020-10-17,07:00:00
1602914400000,62.81,62.81,62.54,62.77,0.902977,2020-10-17,06:00:00
1602910800000,62.93,63.03,62.71,62.81,9.525058,2020-10-17,05:00:00
1602907200000,62.93,63.25,62.9,62.93,0.6721491,2020-10-17,04:00:00
1602903600000,62.91,62.94,62.81,62.93,0.369288,2020-10-17,03:00:00
1602900000000,62.64,63.09,62.2,62.91,410.0850854,2020-10-17,02:00:00
1602896400000,61.54,62.67,61.54,62.64,27.18835232,2020-10-17,01:00:00
1602892800000,62.5,62.65,61.54,61.54,40.20936842,2020-10-17,00:00:00
1602889200000,62.54,62.94,62.34,62.5,45.856492,2020-10-16,23:00:00
1602885600000,62.65,62.92,62.54,62.54,3.362231,2020-10-16,22:00:00
1602882000000,61.95,62.65,61.95,62.65,77.232168,2020-10-16,21:00:00
1602878400000,62.83,62.83,61.95,61.95,212.121548,2020-10-16,20:00:00
1602874800000,63.7,63.7,62.79,62.83,82.17441969,2020-10-16,19:00:00
1602871200000,63.28,64.01,63.28,63.7,146.393218,2020-10-16,18:00:00
1602867600000,63.75,63.92,63.28,63.28,70.942697,2020-10-16,17:00:00
1602864000000,63.09,63.75,62.78,63.75,80.501865,2020-10-16,16:00:00
1602860400000,62.63,63.15,62.63,63.09,99.016968,2020-10-16,15:00:00
1602856800000,62.99,63.3,62.63,62.63,63.98037402,2020-10-16,14:00:00
1602853200000,63.18,63.4,62.75,62.99,88.138076,2020-10-16,13:00:00
1602849600000,62.94,63.27,62.88,63.18,93.98525195,2020-10-16,12:00:00
1602846000000,62.75,63.15,62.29,62.94,255.09764016,2020-10-16,11:00:00
1602842400000,61.59,62.97,61.59,62.75,65.888027,2020-10-16,10:00:00
1602838800000,63.5,63.5,61.0,61.59,328.63013,2020-10-16,09:00:00
1602835200000,64.03,64.22,63.5,63.5,31.69517,2020-10-16,08:00:00
1602831600000,63.66,64.23,63.66,64.03,0.267868,2020-10-16,07:00:00
1602828000000,64.27,64.53,63.66,63.66,7.36641475,2020-10-16,06:00:00
1602824400000,64.01,64.93,64.01,64.27,20.267002,2020-10-16,05:00:00
1602820800000,68.94,68.94,63.0,64.01,1915.695021,2020-10-16,04:00:00
1602817200000,69.17,69.21,68.55,68.94,4.537311,2020-10-16,03:00:00
1602813600000,69.46,69.46,69.0,69.17,102.41872704,2020-10-16,02:00:00
1602810000000,68.05,69.57,68.05,69.46,250.28767,2020-10-16,01:00:00
1602806400000,68.13,68.24,67.83,68.05,201.299921,2020-10-16,00:00:00
1602802800000,68.37,68.91,68.04,68.13,227.343813,2020-10-15,23:00:00
1602799200000,68.03,68.37,68.03,68.37,1.560983,2020-10-15,22:00:00
1602795600000,68.16,68.24,67.86,68.03,26.78331202,2020-10-15,21:00:00
1602792000000,68.25,68.58,67.99,68.16,276.64727,2020-10-15,20:00:00
1602788400000,67.93,68.26,67.81,68.25,13.012896,2020-10-15,19:00:00
1602784800000,67.81,68.13,67.31,67.93,180.18881021,2020-10-15,18:00:00
1602781200000,66.5,68.36,66.5,67.81,615.988165,2020-10-15,17:00:00
1602777600000,67.0,67.72,66.45,66.5,98.323269,2020-10-15,16:00:00
1602774000000,66.15,67.0,66.15,67.0,221.10093097,2020-10-15,15:00:00
1602770400000,66.8,67.01,66.15,66.15,12.655602,2020-10-15,14:00:00
1602766800000,66.86,67.3,66.77,66.8,11.917776,2020-10-15,13:00:00
1602763200000,66.24,66.99,65.27,66.86,377.931952,2020-10-15,12:00:00
1602759600000,66.67,66.81,66.23,66.24,81.601542,2020-10-15,11:00:00
1602756000000,66.36,66.67,66.36,66.67,13.828169,2020-10-15,10:00:00
1602752400000,67.41,67.41,65.31,66.36,973.588238,2020-10-15,09:00:00
1602748800000,68.58,68.58,67.41,67.41,1.627899,2020-10-15,08:00:00
1602745200000,68.65,68.65,68.31,68.58,173.007727,2020-10-15,07:00:00
1602741600000,67.96,68.65,67.86,68.65,2.858075,2020-10-15,06:00:00
1602738000000,67.54,67.96,67.34,67.96,11.518155,2020-10-15,05:00:00
1602734400000,66.99,67.63,66.62,67.54,10.964337,2020-10-15,04:00:00
1602730800000,67.49,67.98,66.99,66.99,165.192508,2020-10-15,03:00:00
1602727200000,67.75,68.21,67.49,67.49,10.352441,2020-10-15,02:00:00
1602723600000,68.06,68.58,67.75,67.75,63.385701,2020-10-15,01:00:00
1602720000000,68.74,68.86,67.92,68.06,15.277933,2020-10-15,00:00:00
1602716400000,68.65,69.0,68.53,68.74,91.340537,2020-10-14,23:00:00
1602712800000,67.9,68.65,67.9,68.65,87.080914,2020-10-14,22:00:00
1602709200000,68.19,68.39,67.9,67.9,180.789431,2020-10-14,21:00:00
1602705600000,67.94,68.24,67.82,68.19,9.07797,2020-10-14,20:00:00
1602702000000,67.94,68.26,67.94,67.94,86.988444,2020-10-14,19:00:00
1602698400000,68.71,68.71,67.33,67.94,346.202713,2020-10-14,18:00:00
1602694800000,68.91,68.91,68.46,68.71,0.764399,2020-10-14,17:00:00
1602691200000,68.46,69.23,68.46,68.91,46.037009,2020-10-14,16:00:00
1602687600000,69.51,69.84,68.46,68.46,38.501825,2020-10-14,15:00:00
1602684000000,70.37,70.43,69.02,69.51,58.166778,2020-10-14,14:00:00
1602680400000,69.27,70.87,69.22,70.37,47.630414,2020-10-14,13:00:00
1602676800000,68.78,69.57,68.41,69.27,1.745246,2020-10-14,12:00:00
1602673200000,68.78,69.34,68.62,68.78,0.784759,2020-10-14,11:00:00
1602669600000,69.75,69.85,68.78,68.78,249.435099,2020-10-14,10:00:00
1602666000000,70.38,70.4,69.75,69.75,0.370865,2020-10-14,09:00:00
1602662400000,69.95,70.57,69.95,70.38,0.866761,2020-10-14,08:00:00
1602658800000,69.93,70.1,69.93,69.95,38.784605,2020-10-14,07:00:00
1602655200000,70.01,70.03,69.73,69.93,2.125698,2020-10-14,06:00:00
1602651600000,69.68,70.01,69.63,70.01,0.686509,2020-10-14,05:00:00
1602648000000,70.01,70.07,69.62,69.68,5.37532221,2020-10-14,04:00:00
1602644400000,70.09,70.56,70.01,70.01,11.931977,2020-10-14,03:00:00
1602640800000,70.5,70.66,70.09,70.09,0.349214,2020-10-14,02:00:00
1602637200000,71.13,71.27,70.5,70.5,396.176187,2020-10-14,01:00:00
1602633600000,69.9,71.26,69.9,71.13,88.400598,2020-10-14,00:00:00
1602630000000,69.98,70.33,69.9,69.9,110.913998,2020-10-13,23:00:00
1602626400000,70.0,70.29,69.54,69.98,202.73245887,2020-10-13,22:00:00
1602622800000,69.6,70.14,69.56,70.0,4.21286,2020-10-13,21:00:00
1602619200000,69.55,69.62,69.14,69.6,9.114102,2020-10-13,20:00:00
1602615600000,68.67,69.55,68.67,69.55,203.89831949,2020-10-13,19:00:00
1602612000000,69.16,69.55,68.66,68.67,90.011977,2020-10-13,18:00:00
1602608400000,70.34,70.79,69.16,69.16,66.35567,2020-10-13,17:00:00
1602604800000,70.35,70.55,69.64,70.34,53.06245348,2020-10-13,16:00:00
1602601200000,70.17,71.07,70.17,70.35,154.862844,2020-10-13,15:00:00
1602597600000,69.99,70.22,69.87,70.17,524.11712201,2020-10-13,14:00:00
1602594000000,71.4,71.4,69.57,69.99,383.000704,2020-10-13,13:00:00
1602590400000,72.27,72.27,71.4,71.4,158.965364,2020-10-13,12:00:00
1602586800000,72.72,72.72,72.27,72.27,3.627447,2020-10-13,11:00:00
1602583200000,72.22,72.8,71.72,72.72,0.427442,2020-10-13,10:00:00
1602579600000,72.5,72.7,72.21,72.22,2.868739,2020-10-13,09:00:00
1602576000000,72.4,72.52,72.11,72.5,2.031337,2020-10-13,08:00:00
1602572400000,72.3,72.77,71.59,72.4,389.55345829,2020-10-13,07:00:00
1602568800000,72.89,72.89,72.3,72.3,0.313132,2020-10-13,06:00:00
1602565200000,72.89,72.89,72.85,72.89,82.474537,2020-10-13,05:00:00
1602561600000,72.31,72.89,72.31,72.89,24.506228,2020-10-13,04:00:00
1602558000000,72.38,72.38,71.4,72.31,39.321213,2020-10-13,03:00:00
1602554400000,73.07,73.1,72.38,72.38,261.989449,2020-10-13,02:00:00
1602550800000,72.71,73.09,72.49,73.07,10.901413,2020-10-13,01:00:00
1602547200000,72.71,73.19,72.38,72.71,21.93177,2020-10-13,00:00:00
1602543600000,73.47,73.66,72.38,72.71,213.959708,2020-10-12,23:00:00
1602540000000,75.0,75.08,73.47,73.47,51.239998,2020-10-12,22:00:00
1602536400000,74.38,75.0,74.38,75.0,15.294001,2020-10-12,21:00:00
1602532800000,74.77,75.01,74.38,74.38,26.894316,2020-10-12,20:00:00
1602529200000,74.87,75.22,74.77,74.77,85.021593,2020-10-12,19:00:00
1602525600000,74.75,75.09,74.75,74.87,121.975866,2020-10-12,18:00:00
1602522000000,74.32,74.9,74.32,74.75,957.383257,2020-10-12,17:00:00
1602518400000,74.67,75.04,74.32,74.32,40.22331973,2020-10-12,16:00:00
1602514800000,74.16,75.01,74.06,74.67,406.64878752,2020-10-12,15:00:00
1602511200000,74.93,74.93,73.7,74.16,82.012143,2020-10-12,14:00:00
1602507600000,72.91,75.56,72.54,74.93,961.72743244,2020-10-12,13:00:00
1602504000000,71.59,72.91,71.07,72.91,150.67949346,2020-10-12,12:00:00
1602500400000,71.32,71.88,70.76,71.59,27.175989,2020-10-12,11:00:00
1602496800000,72.12,72.3,70.76,71.32,30.599062,2020-10-12,10:00:00
1602493200000,72.74,72.79,72.12,72.12,1.276295,2020-10-12,09:00:00
1602489600000,72.86,73.12,72.33,72.74,1.807841,2020-10-12,08:00:00
1602486000000,72.05,73.16,71.4,72.86,41.652016,2020-10-12,07:00:00
1602482400000,73.31,73.31,71.96,72.05,13.574154,2020-10-12,06:00:00
1602478800000,73.65,73.86,73.31,73.31,152.77656466,2020-10-12,05:00:00
1602475200000,73.7,74.26,73.1,73.65,221.37768155,2020-10-12,04:00:00
1602471600000,73.13,74.73,73.13,73.7,305.43049137,2020-10-12,03:00:00
1602468000000,73.18,73.32,72.94,73.13,20.634877,2020-10-12,02:00:00
1602464400000,72.98,73.52,72.05,73.18,1003.4066,2020-10-12,01:00:00
1602460800000,72.22,72.98,72.17,72.98,269.1416963,2020-10-12,00:00:00
1602457200000,73.28,73.37,72.2,72.22,202.92644454,2020-10-11,23:00:00
1602453600000,72.83,73.57,71.77,73.28,285.34700142,2020-10-11,22:00:00
1602450000000,70.49,72.86,70.37,72.83,92.342417,2020-10-11,21:00:00
1602446400000,70.88,71.39,70.49,70.49,134.813012,2020-10-11,20:00:00
1602442800000,73.02,73.02,70.88,70.88,26.58818086,2020-10-11,19:00:00
1602439200000,72.18,73.02,72.18,73.02,35.194542,2020-10-11,18:00:00
1602435600000,72.58,72.87,72.15,72.18,148.93416,2020-10-11,17:00:00
1602432000000,70.78,73.25,70.24,72.58,1144.379557,2020-10-11,16:00:00
1602428400000,69.71,70.88,69.71,70.78,31.70187848,2020-10-11,15:00:00
1602424800000,69.33,70.6,69.33,69.71,431.974627,2020-10-11,14:00:00
1602421200000,68.9,69.57,68.9,69.33,2.602386,2020-10-11,13:00:00
1602417600000,69.86,69.88,68.9,68.9,31.80658,2020-10-11,12:00:00
1602414000000,69.74,69.86,68.89,69.86,73.46098172,2020-10-11,11:00:00
1602410400000,68.89,69.93,68.89,69.74,21.32324931,2020-10-11,10:00:00
1602406800000,68.41,69.3,68.41,68.89,592.08226257,2020-10-11,09:00:00
1602403200000,67.49,68.58,67.31,68.41,81.87616,2020-10-11,08:00:00
1602399600000,68.06,68.4,67.49,67.49,1360.680623,2020-10-11,07:00:00
1602396000000,68.11,68.26,67.8,68.06,24.694915,2020-10-11,06:00:00
1602392400000,67.25,68.11,67.25,68.11,0.51466398,2020-10-11,05:00:00
1602388800000,67.59,67.99,67.04,67.25,54.979978,2020-10-11,04:00:00
1602385200000,68.58,68.92,67.18,67.59,92.209953,2020-10-11,03:00:00
1602381600000,68.0,68.58,67.9,68.58,287.587485,2020-10-11,02:00:00
1602378000000,66.5,68.0,66.5,68.0,198.27123501,2020-10-11,01:00:00
1602374400000,66.67,68.0,66.44,66.5,217.95114791,2020-10-11,00:00:00
1602370800000,67.46,67.46,65.92,66.67,16.265982,2020-10-10,23:00:00
1602367200000,67.09,67.46,66.55,67.46,112.368592,2020-10-10,22:00:00
1602363600000,65.96,67.76,65.96,67.09,861.09022461,2020-10-10,21:00:00
1602360000000,64.64,65.96,64.53,65.96,97.048166,2020-10-10,20:00:00
1602356400000,64.4,64.72,64.4,64.64,6.085199,2020-10-10,19:00:00
1602352800000,64.56,64.56,64.19,64.4,83.74410037,2020-10-10,18:00:00
1602349200000,64.28,64.69,64.28,64.56,10.108212,2020-10-10,17:00:00
1602345600000,65.0,65.1,64.28,64.28,94.186556,2020-10-10,16:00:00
1602342000000,65.12,65.6,65.0,65.0,148.478145,2020-10-10,15:00:00
1602338400000,64.76,65.12,64.64,65.12,0.459827,2020-10-10,14:00:00
1602334800000,64.53,64.84,64.53,64.76,0.195955,2020-10-10,13:00:00
1602331200000,64.31,64.68,64.09,64.53,11.488406,2020-10-10,12:00:00
1602327600000,64.08,64.31,64.08,64.31,0.127256,2020-10-10,11:00:00
1602324000000,64.78,64.78,64.0,64.08,44.653916,2020-10-10,10:00:00
1602320400000,65.95,65.95,64.69,64.78,159.03371071,2020-10-10,09:00:00
1602316800000,65.8,65.95,65.56,65.95,76.814004,2020-10-10,08:00:00
1602313200000,64.95,65.8,64.79,65.8,0.507106,2020-10-10,07:00:00
1602309600000,64.6,64.95,64.51,64.95,50.207415,2020-10-10,06:00:00
1602306000000,65.16,65.16,64.39,64.6,447.242599,2020-10-10,05:00:00
1602302400000,64.89,65.18,64.85,65.16,127.903996,2020-10-10,04:00:00
1602298800000,64.46,65.3,64.46,64.89,101.77781894,2020-10-10,03:00:00
1602295200000,64.51,65.67,64.31,64.46,361.92226548,2020-10-10,02:00:00
1602291600000,64.0,64.51,63.7,64.51,245.317032,2020-10-10,01:00:00
1602288000000,63.53,64.0,63.53,64.0,0.308439,2020-10-10,00:00:00
1602284400000,63.6,64.0,63.53,63.53,53.291105,2020-10-09,23:00:00
1602280800000,63.1,63.6,63.1,63.6,42.344248,2020-10-09,22:00:00
1602277200000,63.26,63.43,62.9,63.1,32.995801,2020-10-09,21:00:00
1602273600000,63.23,63.33,63.22,63.26,25.109317,2020-10-09,20:00:00
1602270000000,63.5,63.5,63.01,63.23,23.739202,2020-10-09,19:00:00
1602266400000,63.96,64.13,63.29,63.5,41.899413,2020-10-09,18:00:00
1602262800000,63.54,64.07,63.54,63.96,5.614982,2020-10-09,17:00:00
1602259200000,64.81,64.91,63.54,63.54,79.9092269,2020-10-09,16:00:00
1602255600000,64.2,64.81,64.06,64.81,91.222382,2020-10-09,15:00:00
1602252000000,64.25,64.25,63.63,64.2,4.0850091,2020-10-09,14:00:00
1602248400000,62.71,64.25,62.71,64.25,179.735364,2020-10-09,13:00:00
1602244800000,62.56,62.92,62.53,62.71,136.37583,2020-10-09,12:00:00
1602241200000,62.49,63.07,62.49,62.56,171.708064,2020-10-09,11:00:00
1602237600000,61.13,62.49,61.13,62.49,163.99809307,2020-10-09,10:00:00
1602234000000,61.54,61.54,61.13,61.13,0.013418,2020-10-09,09:00:00
