Open,High,Low,Close,Volume,Base Value,Date (UTC),Time (UTC)
5.67015,5.67015,5.66706,5.66707,133.47062117,756.63794711,2020-10-10,17:00:00
5.66707,5.66707,5.66707,5.66707,0.0,0.0,2020-10-10,18:00:00
5.66707,5.66707,5.66707,5.66707,0.0,0.0,2020-10-10,19:00:00
5.66707,5.66707,5.66707,5.66707,0.0,0.0,2020-10-10,20:00:00
5.66707,5.66707,5.66707,5.66707,0.0,0.0,2020-10-10,21:00:00
5.595,5.595,5.594,5.595,32.00522988,179.06804077,2020-10-10,22:00:00
5.595,5.595,5.595,5.595,0.0,0.0,2020-10-10,23:00:00
5.595,5.595,5.595,5.595,0.0,0.0,2020-10-11,00:00:00
5.595,5.595,5.595,5.595,0.0,0.0,2020-10-11,01:00:00
5.595,5.595,5.595,5.595,0.0,0.0,2020-10-11,02:00:00
5.595,5.595,5.595,5.595,0.0,0.0,2020-10-11,03:00:00
5.595,5.595,5.595,5.595,0.0,0.0,2020-10-11,04:00:00
5.595,5.595,5.595,5.595,0.0,0.0,2020-10-11,05:00:00
5.595,5.595,5.595,5.595,0.0,0.0,2020-10-11,06:00:00
5.595,5.595,5.595,5.595,0.0,0.0,2020-10-11,07:00:00
5.595,5.595,5.595,5.595,0.0,0.0,2020-10-11,08:00:00
5.595,5.595,5.595,5.595,0.0,0.0,2020-10-11,09:00:00
5.595,5.595,5.595,5.595,0.0,0.0,2020-10-11,10:00:00
5.657,5.657,5.657,5.657,1.96924287,11.14000691,2020-10-11,11:00:00
5.657,5.657,5.657,5.657,0.0,0.0,2020-10-11,12:00:00
5.657,5.657,5.657,5.657,0.0,0.0,2020-10-11,13:00:00
5.69999,5.69999,5.699,5.69901,19.90416669,113.4400689,2020-10-11,14:00:00
5.79999,5.79999,5.79999,5.79999,6.0,34.79994,2020-10-11,15:00:00
5.89999,6.24965,5.87003,6.033,304.74272315,1896.75598574,2020-10-11,16:00:00
6.08267,6.20276,6.08267,6.20276,43.58771029,267.72232012,2020-10-11,17:00:00
6.20276,6.20276,6.20276,6.20276,0.0,0.0,2020-10-11,18:00:00
6.20192,6.42,6.20192,6.35,249.49747368,1582.11573134,2020-10-11,19:00:00
6.406,7.47,6.402,7.199,2128.4884647,14767.73663052,2020-10-11,20:00:00
7.48,7.898,6.95918,6.95918,692.95066246,5213.03378642,2020-10-11,21:00:00
6.78846,6.78846,6.78846,6.78846,11.76118285,79.84031932,2020-10-11,22:00:00
6.79246,6.91868,6.6155,6.896,152.93683292,1048.36067167,2020-10-11,23:00:00
6.82307,6.8231,6.64,6.64,146.99813285,1002.79767533,2020-10-12,00:00:00
6.627,6.627,6.627,6.627,1.0534,6.9808818,2020-10-12,01:00:00
6.70113,6.70113,6.57082,6.57082,2.3813192,15.82490085,2020-10-12,02:00:00
6.57082,6.57082,6.57082,6.57082,0.0,0.0,2020-10-12,03:00:00
6.951,6.959,6.852,6.852,24.60519434,170.93151374,2020-10-12,04:00:00
6.82375,6.82375,6.807,6.807,24.44792515,166.80988811,2020-10-12,05:00:00
6.807,6.807,6.807,6.807,0.0,0.0,2020-10-12,06:00:00
6.59,6.59,6.59,6.59,27.27007341,179.70978377,2020-10-12,07:00:00
6.639,6.639,6.639,6.639,1.0329,6.8574231,2020-10-12,08:00:00
6.586,6.586,6.586,6.586,5.43754973,35.81170252,2020-10-12,09:00:00
6.69294,7.02898,6.4,7.0,784.62250639,5154.19748686,2020-10-12,10:00:00
6.553,6.556,6.553,6.554,13.86254692,90.86695077,2020-10-12,11:00:00
6.55,6.60269,6.55,6.60269,12.95461566,85.48262127,2020-10-12,12:00:00
6.60561,6.60561,6.60561,6.60561,8.3982646,55.47566062,2020-10-12,13:00:00
6.653,6.70776,6.335,6.335,75.92482975,507.07075344,2020-10-12,14:00:00
6.335,6.335,6.335,6.335,0.0,0.0,2020-10-12,15:00:00
6.335,6.335,6.335,6.335,0.0,0.0,2020-10-12,16:00:00
6.22471,6.22471,6.22471,6.22471,1.64976922,10.26933496,2020-10-12,17:00:00
6.38329,6.38329,6.38329,6.38329,10.0,63.83289999,2020-10-12,18:00:00
6.37772,6.70776,6.37772,6.70776,74.27650224,479.5260104,2020-10-12,19:00:00
6.70776,6.70776,6.70776,6.70776,0.0,0.0,2020-10-12,20:00:00
6.338,6.338,6.338,6.338,1.0922,6.9223636,2020-10-12,21:00:00
6.3,6.3,6.284,6.284,336.68590945,2121.10356553,2020-10-12,22:00:00
6.2009,6.2009,6.17,6.17,43.6075413,269.50755137,2020-10-12,23:00:00
6.12,6.24406,6.118,6.118,61.04404281,374.3982737,2020-10-13,00:00:00
6.118,6.118,6.118,6.118,0.0,0.0,2020-10-13,01:00:00
6.118,6.118,6.118,6.118,0.0,0.0,2020-10-13,02:00:00
6.195,6.2,6.195,6.2,30.33203756,188.02399672,2020-10-13,03:00:00
6.23297,6.23297,6.23297,6.23297,3.65658927,22.79141122,2020-10-13,04:00:00
6.23297,6.23297,6.23297,6.23297,269.56848017,1680.21224976,2020-10-13,05:00:00
6.231,6.231,6.231,6.231,52.35596443,326.23001436,2020-10-13,06:00:00
6.231,6.231,6.231,6.231,0.0,0.0,2020-10-13,07:00:00
6.231,6.231,6.231,6.231,0.0,0.0,2020-10-13,08:00:00
6.231,6.231,6.231,6.231,0.0,0.0,2020-10-13,09:00:00
6.231,6.231,6.231,6.231,0.0,0.0,2020-10-13,10:00:00
6.215,6.245,6.215,6.245,65.67870612,408.31295436,2020-10-13,11:00:00
6.245,6.245,6.245,6.245,0.0,0.0,2020-10-13,12:00:00
6.25,6.25,6.19,6.19,55.95814385,347.81839906,2020-10-13,13:00:00
6.05026,6.05026,6.05026,6.05026,5.1135197,30.9381237,2020-10-13,14:00:00
6.00225,6.05721,6.0022,6.05721,44.14372635,265.17808016,2020-10-13,15:00:00
6.057,6.089,6.056,6.08701,64.64498078,392.29692262,2020-10-13,16:00:00
6.087,6.16725,6.087,6.16725,91.68767064,562.3079725,2020-10-13,17:00:00
6.20621,6.20621,6.20621,6.20621,1.0,6.20621,2020-10-13,18:00:00
6.09594,6.09594,6.09594,6.09594,1.0,6.09594,2020-10-13,19:00:00
6.09594,6.09594,6.09594,6.09594,0.0,0.0,2020-10-13,20:00:00
6.09594,6.09594,6.09594,6.09594,0.0,0.0,2020-10-13,21:00:00
6.149,6.149,6.149,6.149,1.1114,6.8339986,2020-10-13,22:00:00
6.149,6.149,6.149,6.149,0.0,0.0,2020-10-13,23:00:00
6.149,6.149,6.149,6.149,0.0,0.0,2020-10-14,00:00:00
6.248,6.248,6.248,6.248,3.40102967,21.24963337,2020-10-14,01:00:00
6.248,6.248,6.248,6.248,0.0,0.0,2020-10-14,02:00:00
6.248,6.248,6.248,6.248,0.0,0.0,2020-10-14,03:00:00
6.248,6.248,6.248,6.248,0.0,0.0,2020-10-14,04:00:00
6.34725,6.34725,6.347,6.347,3.91758091,24.86544288,2020-10-14,05:00:00
6.347,6.347,6.347,6.347,0.0,0.0,2020-10-14,06:00:00
6.347,6.347,6.347,6.347,0.0,0.0,2020-10-14,07:00:00
6.347,6.347,6.347,6.347,0.0,0.0,2020-10-14,08:00:00
6.28,6.28,6.28,6.28,15.8917833,99.80039912,2020-10-14,09:00:00
6.32675,6.32675,6.32675,6.32675,1.84112599,11.64834385,2020-10-14,10:00:00
6.32675,6.32675,6.32675,6.32675,0.0,0.0,2020-10-14,11:00:00
6.26266,6.3,6.15315,6.15316,88.84495969,554.74486721,2020-10-14,12:00:00
6.29896,6.35,6.29896,6.35,343.48148913,2164.30169448,2020-10-14,13:00:00
6.4,6.4,6.24756,6.2641,28.9881454,184.12458449,2020-10-14,14:00:00
6.2641,6.2641,6.2641,6.2641,0.0,0.0,2020-10-14,15:00:00
6.189,6.189,6.16,6.16,3.064,18.905096,2020-10-14,16:00:00
6.16,6.16,6.16,6.16,1.19080021,7.33532929,2020-10-14,17:00:00
6.06121,6.06121,6.06,6.06,248.76424413,1507.54749615,2020-10-14,18:00:00
6.06,6.06,6.06,6.06,0.0,0.0,2020-10-14,19:00:00
6.06,6.06,6.06,6.06,0.0,0.0,2020-10-14,20:00:00
6.06,6.06,6.06,6.06,0.0,0.0,2020-10-14,21:00:00
6.063,6.063,6.0,6.0,193.96921039,1174.36810526,2020-10-14,22:00:00
6.08618,6.08619,6.0,6.0,125.68881269,761.69882947,2020-10-14,23:00:00
5.9869,5.98693,5.9869,5.98693,141.33532912,846.16255461,2020-10-15,00:00:00
5.93598,5.93599,5.93598,5.93599,22.09543047,131.15815431,2020-10-15,01:00:00
5.93598,5.93598,5.93598,5.93598,3.79752668,22.54204242,2020-10-15,02:00:00
5.93598,5.93598,5.93598,5.93598,19.19020311,113.91266185,2020-10-15,03:00:00
5.93598,5.93598,5.93598,5.93598,0.0,0.0,2020-10-15,04:00:00
5.93598,5.93598,5.93598,5.93598,0.0,0.0,2020-10-15,05:00:00
5.93598,5.93598,5.93598,5.93598,0.01227021,0.07283572,2020-10-15,06:00:00
5.93598,5.93598,5.93598,5.93598,0.0,0.0,2020-10-15,07:00:00
5.93598,5.93598,5.93598,5.93598,0.0,0.0,2020-10-15,08:00:00
5.85003,5.85003,5.85003,5.85003,21.95234424,128.42187237,2020-10-15,09:00:00
5.85003,5.85003,5.85003,5.85003,0.0,0.0,2020-10-15,10:00:00
5.81201,5.83414,5.812,5.83414,35.46944128,206.19600348,2020-10-15,11:00:00
5.81101,6.666,5.81,6.02664,962.81149284,5991.60272617,2020-10-15,12:00:00
6.206,6.206,6.206,6.206,1.1046,6.8551476,2020-10-15,13:00:00
6.31,6.68498,6.23322,6.26802,89.55349336,580.11266105,2020-10-15,14:00:00
6.387,6.387,6.31601,6.329,68.43554831,435.49984276,2020-10-15,15:00:00
6.329,6.329,6.329,6.329,0.0,0.0,2020-10-15,16:00:00
6.329,6.329,6.329,6.329,0.0,0.0,2020-10-15,17:00:00
6.329,6.329,6.329,6.329,0.0,0.0,2020-10-15,18:00:00
6.339,6.42561,6.339,6.42561,99.67030281,633.41186519,2020-10-15,19:00:00
6.42561,6.42561,6.42561,6.42561,0.0,0.0,2020-10-15,20:00:00
6.42561,6.42561,6.42561,6.42561,0.0,0.0,2020-10-15,21:00:00
6.42561,6.42561,6.42561,6.42561,0.0,0.0,2020-10-15,22:00:00
6.23521,6.23521,6.23521,6.23521,0.5,3.117605,2020-10-15,23:00:00
6.173,6.183,6.173,6.18217,25.33567277,156.62011404,2020-10-16,00:00:00
6.214,6.214,6.214,6.214,0.96314773,5.98499999,2020-10-16,01:00:00
6.214,6.214,6.214,6.214,0.0,0.0,2020-10-16,02:00:00
6.214,6.214,6.214,6.214,0.0,0.0,2020-10-16,03:00:00
6.00001,6.00001,5.91,5.91,235.21870465,1401.55895058,2020-10-16,04:00:00
5.91,5.91,5.91,5.91,0.0,0.0,2020-10-16,05:00:00
5.91,5.91,5.91,5.91,0.0,0.0,2020-10-16,06:00:00
6.0216,6.0216,6.0216,6.0216,25.15246051,151.45805618,2020-10-16,07:00:00
6.0216,6.0216,6.0216,6.0216,0.0,0.0,2020-10-16,08:00:00
5.91,5.91,5.91,5.91,68.57122685,405.25595066,2020-10-16,09:00:00
5.91,5.91,5.91,5.91,24.64240543,145.63661609,2020-10-16,10:00:00
5.91,5.91,5.91,5.91,0.0,0.0,2020-10-16,11:00:00
5.91,5.91,5.91,5.91,0.0,0.0,2020-10-16,12:00:00
6.14589,6.18,6.14589,6.18,81.35518209,501.11195806,2020-10-16,13:00:00
6.0,6.0,6.0,6.0,1.0,6.0,2020-10-16,14:00:00
6.0,6.0,6.0,6.0,0.0,0.0,2020-10-16,15:00:00
6.0,6.0,6.0,6.0,0.0,0.0,2020-10-16,16:00:00
6.172,6.17258,6.172,6.17258,80.89732026,499.33972448,2020-10-16,17:00:00
6.148,6.174,6.148,6.174,2.2178,13.6637592,2020-10-16,18:00:00
6.18,6.18,6.18,6.18,12.07708272,74.6363712,2020-10-16,19:00:00
6.18,6.18,6.18,6.18,3.45129775,21.32902009,2020-10-16,20:00:00
6.18,6.18,6.18,6.18,0.0,0.0,2020-10-16,21:00:00
6.18,6.18,6.18,6.18,0.0,0.0,2020-10-16,22:00:00
6.18,6.18,6.18,6.18,0.0,0.0,2020-10-16,23:00:00
6.18,6.18,6.18,6.18,0.0,0.0,2020-10-17,00:00:00
6.18,6.18,6.18,6.18,0.0,0.0,2020-10-17,01:00:00
6.18,6.18,6.18,6.18,0.0,0.0,2020-10-17,02:00:00
6.18,6.18,6.18,6.18,0.0,0.0,2020-10-17,03:00:00
6.18,6.18,6.18,6.18,0.0,0.0,2020-10-17,04:00:00
6.10569,6.172,6.10569,6.171,385.90256326,2356.3842051,2020-10-17,05:00:00
6.18,6.18,6.18,6.18,44.71123249,276.31541677,2020-10-17,06:00:00
6.179,6.179,6.179,6.179,1.1016,6.8067864,2020-10-17,07:00:00
6.18,6.18301,6.18,6.18,41.71347244,257.89579959,2020-10-17,08:00:00
6.18,6.18,6.18,6.18,0.0,0.0,2020-10-17,09:00:00
6.18,6.18,6.18,6.18,0.0,0.0,2020-10-17,10:00:00
6.18,6.18,6.18,6.18,0.0,0.0,2020-10-17,11:00:00
6.15,6.15,6.15,6.15,3.25203252,19.99999999,2020-10-17,12:00:00
6.22694,6.23,6.22694,6.22958,88.51072037,551.22204249,2020-10-17,13:00:00
6.095,6.095,6.04866,6.04866,2.28233427,13.85651994,2020-10-17,14:00:00
6.03,6.03,6.03,6.03,1.66003316,10.00999995,2020-10-17,15:00:00
6.03,6.03,6.03,6.03,0.0,0.0,2020-10-17,16:00:00
6.03,6.03,6.03,6.03,0.0,0.0,2020-10-17,17:00:00
6.03,6.03,6.03,6.03,0.0,0.0,2020-10-17,18:00:00
6.03,6.03,6.03,6.03,0.0,0.0,2020-10-17,19:00:00
6.03,6.03,6.03,6.03,0.0,0.0,2020-10-17,20:00:00
6.09229,6.09229,6.092,6.092,2.30911826,14.06749638,2020-10-17,21:00:00
6.0,6.0,6.0,6.0,260.20546846,1561.23281076,2020-10-17,22:00:00
5.93186,5.93186,5.93186,5.93186,7.82074461,46.39156212,2020-10-17,23:00:00
5.93186,5.93186,5.93186,5.93186,0.0,0.0,2020-10-18,00:00:00
6.02567,6.02567,6.02567,6.02567,18.670092,112.49981326,2020-10-18,01:00:00
6.02567,6.02567,6.02567,6.02567,0.0,0.0,2020-10-18,02:00:00
6.02567,6.02567,6.02567,6.02567,0.0,0.0,2020-10-18,03:00:00
5.929,5.929,5.929,5.929,1.0,5.929,2020-10-18,04:00:00
5.929,5.929,5.929,5.929,0.0,0.0,2020-10-18,05:00:00
5.929,5.929,5.929,5.929,0.0,0.0,2020-10-18,06:00:00
6.0,6.0,6.0,6.0,0.46,2.76,2020-10-18,07:00:00
5.94513,5.94513,5.94513,5.94513,0.55543662,3.30214291,2020-10-18,08:00:00
5.94513,5.94513,5.94513,5.94513,0.0,0.0,2020-10-18,09:00:00
5.94513,5.94513,5.94513,5.94513,0.0,0.0,2020-10-18,10:00:00
5.94513,5.94513,5.94513,5.94513,0.0,0.0,2020-10-18,11:00:00
5.94513,5.94513,5.94513,5.94513,0.0,0.0,2020-10-18,12:00:00
5.94513,5.94513,5.94513,5.94513,0.0,0.0,2020-10-18,13:00:00
5.94513,5.94513,5.94513,5.94513,0.0,0.0,2020-10-18,14:00:00
6.01602,6.01609,6.01602,6.01609,182.47350358,1097.77030734,2020-10-18,15:00:00
6.01609,6.01609,6.01609,6.01609,0.0,0.0,2020-10-18,16:00:00
6.01609,6.01609,6.01609,6.01609,0.0,0.0,2020-10-18,17:00:00
6.01609,6.01609,6.01609,6.01609,0.0,0.0,2020-10-18,18:00:00
6.01609,6.01609,6.01609,6.01609,0.0,0.0,2020-10-18,19:00:00
6.01609,6.01609,6.01609,6.01609,0.0,0.0,2020-10-18,20:00:00
5.993,5.993,5.993,5.993,1.1475,6.8769675,2020-10-18,21:00:00
5.993,5.993,5.993,5.993,0.0,0.0,2020-10-18,22:00:00
5.993,5.993,5.993,5.993,0.0,0.0,2020-10-18,23:00:00
5.993,5.993,5.993,5.993,0.0,0.0,2020-10-19,00:00:00
5.91,5.91,5.91,5.91,3.0,17.73,2020-10-19,01:00:00
5.91,5.91,5.91,5.91,0.0,0.0,2020-10-19,02:00:00
5.89381,5.89381,5.89381,5.89381,42.98596484,253.35110942,2020-10-19,03:00:00
5.89381,5.89381,5.89381,5.89381,11.73999999,69.19332934,2020-10-19,04:00:00
5.89381,5.89381,5.89381,5.89381,13.00638435,76.65715814,2020-10-19,05:00:00
5.89381,5.89381,5.89381,5.89381,0.0,0.0,2020-10-19,06:00:00
5.89381,5.89381,5.89381,5.89381,0.0,0.0,2020-10-19,07:00:00
5.89381,5.89381,5.89381,5.89381,0.0,0.0,2020-10-19,08:00:00
5.84202,5.84202,5.842,5.842,550.44326233,3215.68985436,2020-10-19,09:00:00
5.842,5.842,5.842,5.842,0.0,0.0,2020-10-19,10:00:00
5.842,5.842,5.842,5.842,0.0,0.0,2020-10-19,11:00:00
5.8766,5.8766,5.8766,5.8766,23.21767277,136.44097579,2020-10-19,12:00:00
5.99385,5.99394,5.99385,5.99394,50.0,299.69339323,2020-10-19,13:00:00
5.99394,5.99394,5.99394,5.99394,0.0,0.0,2020-10-19,14:00:00
5.99394,5.99394,5.99394,5.99394,0.0,0.0,2020-10-19,15:00:00
5.99394,5.99394,5.99394,5.99394,0.0,0.0,2020-10-19,16:00:00
5.913,5.913,5.913,5.913,1.1846,7.0045398,2020-10-19,17:00:00
5.88,5.88,5.88,5.88,1.0,5.88,2020-10-19,18:00:00
5.88,5.88,5.88,5.88,0.0,0.0,2020-10-19,19:00:00
5.88,5.88,5.88,5.88,9.98676927,58.7222033,2020-10-19,20:00:00
5.88,5.88,5.88,5.88,80.22860504,471.74419762,2020-10-19,21:00:00
5.88,5.88,5.88,5.88,0.0,0.0,2020-10-19,22:00:00
5.75,5.75,5.75,5.75,20.0,114.99999999,2020-10-19,23:00:00
5.77602,5.77602,5.77602,5.77602,5.10210904,29.46988385,2020-10-20,00:00:00
5.72235,5.72235,5.72235,5.72235,18.670092,106.83680095,2020-10-20,01:00:00
5.72235,5.72235,5.72235,5.72235,0.0,0.0,2020-10-20,02:00:00
5.782,5.782,5.782,5.782,2.0,11.564,2020-10-20,03:00:00
5.782,5.782,5.782,5.782,0.0,0.0,2020-10-20,04:00:00
5.782,5.782,5.782,5.782,0.0,0.0,2020-10-20,05:00:00
5.782,5.782,5.782,5.782,0.0,0.0,2020-10-20,06:00:00
5.82297,5.82297,5.82297,5.82297,1.5,8.734455,2020-10-20,07:00:00
5.82297,5.82297,5.82297,5.82297,0.0,0.0,2020-10-20,08:00:00
5.82297,5.82297,5.82297,5.82297,0.0,0.0,2020-10-20,09:00:00
5.82297,5.82297,5.82297,5.82297,0.0,0.0,2020-10-20,10:00:00
5.82297,5.82297,5.82297,5.82297,0.0,0.0,2020-10-20,11:00:00
5.82297,5.82297,5.82297,5.82297,0.0,0.0,2020-10-20,12:00:00
5.62037,5.6204,5.62037,5.6204,50.0,281.01889029,2020-10-20,13:00:00
5.6204,5.6204,5.6204,5.6204,0.0,0.0,2020-10-20,14:00:00
5.60499,5.615,5.60499,5.615,38.26492518,214.80717918,2020-10-20,15:00:00
5.615,5.615,5.615,5.615,0.0,0.0,2020-10-20,16:00:00
5.502,5.502,5.473,5.473,250.37285731,1375.00259684,2020-10-20,17:00:00
5.473,5.473,5.473,5.473,0.0,0.0,2020-10-20,18:00:00
5.473,5.473,5.473,5.473,0.0,0.0,2020-10-20,19:00:00
5.47015,5.47015,5.47015,5.47015,29.61484397,161.99763874,2020-10-20,20:00:00
5.61893,5.61893,5.52809,5.52809,33.84618143,188.36252422,2020-10-20,21:00:00
5.531,5.531,5.53,5.53,1298.42911217,7180.36302209,2020-10-20,22:00:00
5.53,5.53,5.53,5.53,0.0,0.0,2020-10-20,23:00:00
5.53,5.53,5.53,5.53,0.0,0.0,2020-10-21,00:00:00
5.53,5.53,5.53,5.53,0.0,0.0,2020-10-21,01:00:00
5.53,5.53,5.53,5.53,0.0,0.0,2020-10-21,02:00:00
5.53,5.53,5.53,5.53,0.0,0.0,2020-10-21,03:00:00
5.73963,5.73965,5.73962,5.73962,87.5448183,502.47549473,2020-10-21,04:00:00
5.76571,5.76571,5.76571,5.76571,29.32519244,169.0805553,2020-10-21,05:00:00
5.82297,5.82297,5.82297,5.82297,17.0,98.99048999,2020-10-21,06:00:00
5.83401,5.83402,5.83401,5.83402,35.04583956,204.45788251,2020-10-21,07:00:00
5.94584,5.94584,5.94584,5.94584,5.3,31.512952,2020-10-21,08:00:00
5.844,5.844,5.81023,5.81023,53.22061846,309.26599997,2020-10-21,09:00:00
5.788,5.788,5.788,5.788,80.89732026,468.23368966,2020-10-21,10:00:00
5.788,5.788,5.788,5.788,0.0,0.0,2020-10-21,11:00:00
5.72106,5.72106,5.72106,5.72106,7.38862225,42.2707512,2020-10-21,12:00:00
5.719,5.72,5.719,5.72,3.0466,17.4252554,2020-10-21,13:00:00
5.76198,5.82291,5.727,5.727,220.48695183,1270.44563136,2020-10-21,14:00:00
5.727,5.727,5.727,5.727,0.0,0.0,2020-10-21,15:00:00
5.89998,5.89998,5.89998,5.89998,6.08951588,35.9280219,2020-10-21,16:00:00
5.88,5.89999,5.859,5.89999,92.8894851,546.25084918,2020-10-21,17:00:00
5.89999,5.89999,5.89999,5.89999,0.0,0.0,2020-10-21,18:00:00
5.89999,5.89999,5.89999,5.89999,15.0,88.49984999,2020-10-21,19:00:00
5.89999,5.89999,5.89999,5.89999,0.0,0.0,2020-10-21,20:00:00
5.89999,5.89999,5.89999,5.89999,0.0,0.0,2020-10-21,21:00:00
5.89999,5.89999,5.89999,5.89999,0.0,0.0,2020-10-21,22:00:00
5.78199,5.78199,5.78199,5.78199,43.62756931,252.25416945,2020-10-21,23:00:00
5.78199,5.78199,5.78199,5.78199,0.0,0.0,2020-10-22,00:00:00
5.782,5.98528,5.782,5.98528,56.0782171,331.22466267,2020-10-22,01:00:00
5.98528,5.98528,5.98528,5.98528,0.0,0.0,2020-10-22,02:00:00
5.98528,5.98528,5.98528,5.98528,0.0,0.0,2020-10-22,03:00:00
5.98528,5.98528,5.98528,5.98528,0.0,0.0,2020-10-22,04:00:00
5.98528,5.98528,5.98528,5.98528,0.0,0.0,2020-10-22,05:00:00
5.806,5.806,5.806,5.806,1.331,7.727786,2020-10-22,06:00:00
5.806,5.806,5.806,5.806,0.0,0.0,2020-10-22,07:00:00
5.806,5.806,5.806,5.806,0.0,0.0,2020-10-22,08:00:00
5.806,5.806,5.806,5.806,0.0,0.0,2020-10-22,09:00:00
5.806,5.806,5.806,5.806,0.0,0.0,2020-10-22,10:00:00
5.806,5.806,5.806,5.806,0.0,0.0,2020-10-22,11:00:00
5.899,5.899,5.899,5.899,1.3166,7.7666234,2020-10-22,12:00:00
5.899,5.899,5.899,5.899,0.0,0.0,2020-10-22,13:00:00
5.899,5.899,5.899,5.899,0.0,0.0,2020-10-22,14:00:00
5.899,5.899,5.899,5.899,0.0,0.0,2020-10-22,15:00:00
5.899,5.899,5.899,5.899,0.0,0.0,2020-10-22,16:00:00
5.99396,6.0,5.99396,6.0,400.0,2399.22746046,2020-10-22,17:00:00
6.0,6.0,6.0,6.0,0.0,0.0,2020-10-22,18:00:00
5.89666,5.89701,5.89661,5.89701,1574.85581687,9286.35008437,2020-10-22,19:00:00
5.89701,5.89701,5.89701,5.89701,0.0,0.0,2020-10-22,20:00:00
5.89701,5.89701,5.89701,5.89701,0.0,0.0,2020-10-22,21:00:00
5.89701,5.89701,5.89701,5.89701,0.0,0.0,2020-10-22,22:00:00
5.832,5.832,5.832,5.832,1.3478,7.8603696,2020-10-22,23:00:00
5.823,5.823,5.823,5.823,1.084,6.312132,2020-10-23,00:00:00
5.759,5.759,5.759,5.759,12.61627675,72.6571378,2020-10-23,01:00:00
5.759,5.759,5.759,5.759,0.0,0.0,2020-10-23,02:00:00
5.759,5.759,5.759,5.759,0.0,0.0,2020-10-23,03:00:00
5.79401,5.79401,5.79401,5.79401,33.23244746,192.5491329,2020-10-23,04:00:00
5.8994,5.8994,5.8994,5.8994,0.38479658,2.27006893,2020-10-23,05:00:00
5.8994,5.8994,5.8994,5.8994,0.0,0.0,2020-10-23,06:00:00
5.8994,5.8994,5.8994,5.8994,0.0,0.0,2020-10-23,07:00:00
5.8994,5.8994,5.8994,5.8994,0.0,0.0,2020-10-23,08:00:00
5.8994,5.8994,5.8994,5.8994,0.0,0.0,2020-10-23,09:00:00
5.8994,5.8994,5.8994,5.8994,0.0,0.0,2020-10-23,10:00:00
5.833,5.833,5.81351,5.81351,38.1549751,221.83790919,2020-10-23,11:00:00
5.81351,5.81351,5.81351,5.81351,0.0,0.0,2020-10-23,12:00:00
5.804,5.804,5.804,5.804,1.3333,7.7384732,2020-10-23,13:00:00
5.804,5.804,5.804,5.804,0.0,0.0,2020-10-23,14:00:00
5.804,5.804,5.804,5.804,0.0,0.0,2020-10-23,15:00:00
5.75,5.75,5.75,5.75,0.94086956,5.40999997,2020-10-23,16:00:00
5.75,5.75,5.75,5.75,0.0,0.0,2020-10-23,17:00:00
5.75,5.75,5.75,5.75,0.0,0.0,2020-10-23,18:00:00
5.75,5.75,5.75,5.75,0.0,0.0,2020-10-23,19:00:00
5.75,5.75,5.75,5.75,0.0,0.0,2020-10-23,20:00:00
5.75,5.75,5.75,5.75,0.0,0.0,2020-10-23,21:00:00
5.75,5.75,5.75,5.75,0.0,0.0,2020-10-23,22:00:00
5.75,5.75,5.75,5.75,0.0,0.0,2020-10-23,23:00:00
5.738,5.738,5.738,5.738,1.3514,7.7543332,2020-10-24,00:00:00
5.738,5.738,5.738,5.738,0.0,0.0,2020-10-24,01:00:00
5.738,5.738,5.738,5.738,0.0,0.0,2020-10-24,02:00:00
5.738,5.738,5.738,5.738,0.0,0.0,2020-10-24,03:00:00
5.738,5.738,5.738,5.738,0.0,0.0,2020-10-24,04:00:00
5.738,5.738,5.738,5.738,0.0,0.0,2020-10-24,05:00:00
5.726,5.726,5.726,5.726,1.3521,7.7421246,2020-10-24,06:00:00
5.726,5.726,5.726,5.726,0.0,0.0,2020-10-24,07:00:00
5.726,5.726,5.726,5.726,0.0,0.0,2020-10-24,08:00:00
5.726,5.726,5.726,5.726,0.0,0.0,2020-10-24,09:00:00
5.726,5.726,5.726,5.726,0.0,0.0,2020-10-24,10:00:00
5.726,5.726,5.726,5.726,0.0,0.0,2020-10-24,11:00:00
5.726,5.726,5.726,5.726,0.0,0.0,2020-10-24,12:00:00
5.726,5.726,5.726,5.726,0.0,0.0,2020-10-24,13:00:00
5.733,5.733,5.733,5.733,7.73388,44.33833404,2020-10-24,14:00:00
5.733,5.733,5.733,5.733,0.0,0.0,2020-10-24,15:00:00
5.733,5.733,5.733,5.733,0.0,0.0,2020-10-24,16:00:00
5.84,5.84999,5.84,5.84999,25.0,146.14554187,2020-10-24,17:00:00
5.84999,5.84999,5.84999,5.84999,0.0,0.0,2020-10-24,18:00:00
5.84999,5.84999,5.84999,5.84999,0.0,0.0,2020-10-24,19:00:00
5.84999,5.84999,5.84999,5.84999,0.0,0.0,2020-10-24,20:00:00
5.84999,5.84999,5.84999,5.84999,0.0,0.0,2020-10-24,21:00:00
5.84999,5.84999,5.84999,5.84999,0.0,0.0,2020-10-24,22:00:00
5.84999,5.84999,5.84999,5.84999,0.0,0.0,2020-10-24,23:00:00
5.785,5.785,5.785,5.785,1.3634,7.887269,2020-10-25,00:00:00
5.785,5.785,5.785,5.785,0.0,0.0,2020-10-25,01:00:00
5.8,5.8,5.8,5.8,2.48655738,14.4220328,2020-10-25,02:00:00
5.8,5.8,5.776,5.776,292.51344262,1693.57796718,2020-10-25,03:00:00
5.776,5.776,5.776,5.776,0.0,0.0,2020-10-25,04:00:00
5.76701,5.76701,5.727,5.727,10.48444615,60.10793961,2020-10-25,05:00:00
5.727,5.727,5.727,5.727,0.0,0.0,2020-10-25,06:00:00
5.727,5.727,5.727,5.727,0.0,0.0,2020-10-25,07:00:00
5.73,5.73,5.73,5.73,171.73297908,984.02997012,2020-10-25,08:00:00
5.73,5.73,5.73,5.73,0.0,0.0,2020-10-25,09:00:00
5.73,5.73,5.73,5.73,0.0,0.0,2020-10-25,10:00:00
5.73,5.73,5.73,5.73,0.0,0.0,2020-10-25,11:00:00
5.71369,5.71369,5.71369,5.71369,11.2736141,64.41393614,2020-10-25,12:00:00
5.71369,5.71369,5.71369,5.71369,0.0,0.0,2020-10-25,13:00:00
5.71369,5.71369,5.71369,5.71369,0.0,0.0,2020-10-25,14:00:00
5.71369,5.71369,5.71369,5.71369,0.0,0.0,2020-10-25,15:00:00
5.71369,5.71369,5.71369,5.71369,0.0,0.0,2020-10-25,16:00:00
5.72892,5.729,5.72892,5.729,3.92918584,22.51020952,2020-10-25,17:00:00
5.729,5.729,5.729,5.729,0.0,0.0,2020-10-25,18:00:00
5.729,5.729,5.729,5.729,0.0,0.0,2020-10-25,19:00:00
5.744,5.744,5.744,5.744,1.3632,7.8302208,2020-10-25,20:00:00
5.71,5.76533,5.64524,5.64524,405.32533942,2311.93360408,2020-10-25,21:00:00
5.64524,5.64524,5.64524,5.64524,0.0,0.0,2020-10-25,22:00:00
5.64524,5.64524,5.64524,5.64524,0.0,0.0,2020-10-25,23:00:00
5.64524,5.64524,5.64524,5.64524,0.0,0.0,2020-10-26,00:00:00
5.64524,5.64524,5.64524,5.64524,0.0,0.0,2020-10-26,01:00:00
5.64524,5.64524,5.64524,5.64524,0.0,0.0,2020-10-26,02:00:00
5.64524,5.64524,5.64524,5.64524,0.0,0.0,2020-10-26,03:00:00
5.805,5.80999,5.805,5.80999,191.86866279,1114.74600828,2020-10-26,04:00:00
5.80999,5.80999,5.80999,5.80999,0.0,0.0,2020-10-26,05:00:00
5.80999,5.80999,5.80999,5.80999,0.0,0.0,2020-10-26,06:00:00
5.746,5.746,5.746,5.746,1.3657,7.8473122,2020-10-26,07:00:00
5.714,5.714,5.64185,5.64185,193.23566279,1090.30525316,2020-10-26,08:00:00
5.64185,5.64185,5.64185,5.64185,0.0,0.0,2020-10-26,09:00:00
5.64185,5.64185,5.64185,5.64185,0.0,0.0,2020-10-26,10:00:00
5.64185,5.64185,5.64185,5.64185,0.0,0.0,2020-10-26,11:00:00
5.64185,5.64185,5.64185,5.64185,0.0,0.0,2020-10-26,12:00:00
5.64185,5.64185,5.64185,5.64185,0.0,0.0,2020-10-26,13:00:00
5.64185,5.64185,5.64185,5.64185,0.0,0.0,2020-10-26,14:00:00
5.6854,5.6854,5.6854,5.6854,168.86633514,960.07266179,2020-10-26,15:00:00
5.6854,5.6854,5.6854,5.6854,0.0,0.0,2020-10-26,16:00:00
5.61868,5.61868,5.61868,5.61868,17.77111788,99.8502246,2020-10-26,17:00:00
5.6,5.6,5.6,5.6,79.0,442.39999999,2020-10-26,18:00:00
5.6,5.6,5.6,5.6,0.0,0.0,2020-10-26,19:00:00
5.6,5.6,5.6,5.6,0.0,0.0,2020-10-26,20:00:00
5.6,5.6,5.6,5.6,0.0,0.0,2020-10-26,21:00:00
5.6,5.6,5.6,5.6,0.0,0.0,2020-10-26,22:00:00
5.6,5.6,5.6,5.6,0.0,0.0,2020-10-26,23:00:00
5.6,5.6,5.6,5.6,0.0,0.0,2020-10-27,00:00:00
5.6,5.6,5.6,5.6,0.0,0.0,2020-10-27,01:00:00
5.6,5.6,5.6,5.6,0.0,0.0,2020-10-27,02:00:00
5.6,5.6,5.6,5.6,0.0,0.0,2020-10-27,03:00:00
5.6,5.6,5.6,5.6,0.0,0.0,2020-10-27,04:00:00
5.6,5.6,5.6,5.6,0.0,0.0,2020-10-27,05:00:00
5.6,5.6,5.6,5.6,0.0,0.0,2020-10-27,06:00:00
5.71002,5.71002,5.707,5.707,34.96085878,199.62306877,2020-10-27,07:00:00
5.707,5.707,5.707,5.707,0.0,0.0,2020-10-27,08:00:00
5.707,5.707,5.707,5.707,0.0,0.0,2020-10-27,09:00:00
5.666,5.666,5.666,5.666,1.3926,7.8904716,2020-10-27,10:00:00
5.666,5.666,5.666,5.666,0.0,0.0,2020-10-27,11:00:00
5.666,5.666,5.666,5.666,0.0,0.0,2020-10-27,12:00:00
5.666,5.666,5.666,5.666,0.0,0.0,2020-10-27,13:00:00
5.666,5.666,5.666,5.666,0.0,0.0,2020-10-27,14:00:00
5.58619,5.613,5.58,5.613,231.76917962,1294.57858374,2020-10-27,15:00:00
5.50001,5.50001,5.50001,5.50001,2.43001555,13.36510982,2020-10-27,16:00:00
5.513,5.513,5.47,5.47,165.49025209,910.70554632,2020-10-27,17:00:00
5.80416,5.80423,5.80416,5.80423,112.57318459,653.39612259,2020-10-27,18:00:00
5.46886,5.46886,5.46886,5.46886,12.62362965,69.03686324,2020-10-27,19:00:00
5.46886,5.46886,5.46886,5.46886,0.0,0.0,2020-10-27,20:00:00
5.47704,5.47704,5.47704,5.47704,0.5,2.73852,2020-10-27,21:00:00
5.47702,5.47702,5.47702,5.47702,3.6,19.717272,2020-10-27,22:00:00
5.47702,5.47702,5.44214,5.44214,17.61319685,96.14846177,2020-10-27,23:00:00
5.44214,5.44214,5.44214,5.44214,0.0,0.0,2020-10-28,00:00:00
5.44214,5.44214,5.44214,5.44214,0.0,0.0,2020-10-28,01:00:00
5.44214,5.44214,5.44214,5.44214,0.0,0.0,2020-10-28,02:00:00
5.46,5.46,5.46,5.46,2.95798914,16.1506207,2020-10-28,03:00:00
5.46,5.46,5.46,5.46,4.23712063,23.13467863,2020-10-28,04:00:00
5.46,5.46,5.46,5.46,15.06486801,82.2541793,2020-10-28,05:00:00
5.46,5.46,5.46,5.46,32.4967142,177.43205952,2020-10-28,06:00:00
5.46,5.47,5.40001,5.40001,261.165801,1425.15085745,2020-10-28,07:00:00
5.40001,5.40001,5.40001,5.40001,9.26743654,50.04424998,2020-10-28,08:00:00
5.41,5.41,5.41,5.41,8.0,43.28,2020-10-28,09:00:00
5.41,5.41,5.41,5.41,0.0,0.0,2020-10-28,10:00:00
5.40001,5.40001,5.319,5.319,2.74478311,14.61933124,2020-10-28,11:00:00
5.30001,5.30001,5.29809,5.2981,37.00928578,196.09007201,2020-10-28,12:00:00
5.3081,5.3081,5.24,5.24,129.99076781,686.284252,2020-10-28,13:00:00
5.22958,5.25962,5.2,5.2,161.55173069,841.39857643,2020-10-28,14:00:00
5.25955,5.34892,5.25955,5.34892,8.95217686,47.5312718,2020-10-28,15:00:00
5.34892,5.34892,5.34892,5.34892,0.0,0.0,2020-10-28,16:00:00
5.2314,5.2314,5.215,5.215,55.28697324,288.63774672,2020-10-28,17:00:00
5.215,5.215,5.215,5.215,0.0,0.0,2020-10-28,18:00:00
5.215,5.215,5.215,5.215,0.0,0.0,2020-10-28,19:00:00
5.215,5.215,5.215,5.215,0.0,0.0,2020-10-28,20:00:00
5.215,5.215,5.215,5.215,0.0,0.0,2020-10-28,21:00:00
5.215,5.215,5.215,5.215,0.0,0.0,2020-10-28,22:00:00
5.3,5.3,5.3,5.3,23.97054096,127.04386708,2020-10-28,23:00:00
5.3,5.3,5.3,5.3,28.15143582,149.20260984,2020-10-29,00:00:00
5.3,5.3,5.3,5.3,0.0,0.0,2020-10-29,01:00:00
5.32651,5.59999,5.32651,5.59999,510.563137,2758.61348682,2020-10-29,02:00:00
5.68999,5.8,5.68999,5.76,681.05275517,3918.7892646,2020-10-29,03:00:00
5.6572,5.6572,5.6572,5.6572,3.0,16.9716,2020-10-29,04:00:00
5.6572,5.6572,5.6572,5.6572,0.0,0.0,2020-10-29,05:00:00
5.65402,5.65402,5.65402,5.65402,9.9991735,56.53552695,2020-10-29,06:00:00
5.585,5.585,5.585,5.585,6.33273749,35.36833888,2020-10-29,07:00:00
5.585,5.585,5.585,5.585,16.41376492,91.67087707,2020-10-29,08:00:00
5.855,5.89999,5.855,5.89999,56.11626625,330.32709201,2020-10-29,09:00:00
5.77409,5.77409,5.77409,5.77409,6.2,35.799358,2020-10-29,10:00:00
5.77409,5.77409,5.77409,5.77409,0.0,0.0,2020-10-29,11:00:00
5.77409,5.77409,5.77409,5.77409,0.0,0.0,2020-10-29,12:00:00
5.729,5.729,5.718,5.718,21.3836,122.4914248,2020-10-29,13:00:00
5.846,5.884,5.845,5.884,54.1296,316.69235979,2020-10-29,14:00:00
5.848,5.891,5.847,5.891,63.89679796,373.72596717,2020-10-29,15:00:00
5.852,5.852,5.838,5.838,31.33905386,183.24735008,2020-10-29,16:00:00
5.894,5.894,5.894,5.894,20.0,117.88,2020-10-29,17:00:00
5.505,5.55323,5.505,5.55223,60.41927346,334.52415268,2020-10-29,18:00:00
5.68502,5.68502,5.68502,5.68502,160.75230306,913.88005793,2020-10-29,19:00:00
5.68502,5.68502,5.68502,5.68502,0.0,0.0,2020-10-29,20:00:00
5.68502,5.68502,5.68502,5.68502,0.0,0.0,2020-10-29,21:00:00
5.68502,5.68502,5.68502,5.68502,0.0,0.0,2020-10-29,22:00:00
5.6,5.6,5.6,5.6,148.67720101,832.59232565,2020-10-29,23:00:00
5.50001,5.50001,5.50001,5.50001,6.0,33.00006,2020-10-30,00:00:00
5.564,5.64087,5.564,5.64087,126.71979534,710.09911689,2020-10-30,01:00:00
5.538,5.538,5.538,5.538,34.0,188.292,2020-10-30,02:00:00
5.538,5.538,5.538,5.538,0.0,0.0,2020-10-30,03:00:00
5.538,5.538,5.538,5.538,0.0,0.0,2020-10-30,04:00:00
5.40001,5.40001,5.40001,5.40001,6.0,32.40006,2020-10-30,05:00:00
5.40001,5.40001,5.40001,5.40001,0.0,0.0,2020-10-30,06:00:00
5.40001,5.40001,5.40001,5.40001,0.0,0.0,2020-10-30,07:00:00
5.40001,5.40001,5.40001,5.40001,0.0,0.0,2020-10-30,08:00:00
5.40001,5.40001,5.40001,5.40001,0.0,0.0,2020-10-30,09:00:00
5.40001,5.40001,5.40001,5.40001,0.0,0.0,2020-10-30,10:00:00
5.40001,5.40001,5.40001,5.40001,0.0,0.0,2020-10-30,11:00:00
5.40001,5.40001,5.40001,5.40001,0.0,0.0,2020-10-30,12:00:00
5.4,5.4,5.37202,5.37202,410.0,2213.72019999,2020-10-30,13:00:00
5.37202,5.37202,5.37202,5.37202,0.0,0.0,2020-10-30,14:00:00
5.3004,5.3004,5.30001,5.30001,8.0273616,42.54588742,2020-10-30,15:00:00
5.30001,5.30001,5.30001,5.30001,0.0,0.0,2020-10-30,16:00:00
5.30001,5.30001,5.30001,5.30001,0.0,0.0,2020-10-30,17:00:00
5.30001,5.30001,5.30001,5.30001,0.0,0.0,2020-10-30,18:00:00
5.30001,5.30001,5.30001,5.30001,0.0,0.0,2020-10-30,19:00:00
5.30001,5.30001,5.30001,5.30001,0.0,0.0,2020-10-30,20:00:00
5.30001,5.30001,5.30001,5.30001,0.0,0.0,2020-10-30,21:00:00
5.4,5.46499,5.4,5.44893,51.27194093,278.56033972,2020-10-30,22:00:00
5.424,5.425,5.424,5.425,4.8832185,26.48764214,2020-10-30,23:00:00
5.425,5.425,5.425,5.425,0.0,0.0,2020-10-31,00:00:00
5.38,5.38,5.38,5.38,6.77962006,36.47435592,2020-10-31,01:00:00
5.38,5.38,5.38,5.38,0.0,0.0,2020-10-31,02:00:00
5.38,5.38,5.38,5.38,0.0,0.0,2020-10-31,03:00:00
5.38,5.38,5.38,5.38,0.0,0.0,2020-10-31,04:00:00
5.38,5.38,5.38,5.38,0.0,0.0,2020-10-31,05:00:00
5.38,5.38,5.38,5.38,0.0,0.0,2020-10-31,06:00:00
5.38,5.38,5.38,5.38,0.0,0.0,2020-10-31,07:00:00
5.38,5.38,5.38,5.38,0.0,0.0,2020-10-31,08:00:00
5.38,5.38,5.38,5.38,0.0,0.0,2020-10-31,09:00:00
5.38,5.38,5.38,5.38,0.0,0.0,2020-10-31,10:00:00
5.38,5.38,5.38,5.38,0.0,0.0,2020-10-31,11:00:00
5.38,5.38,5.38,5.38,0.0,0.0,2020-10-31,12:00:00
5.38,5.38,5.38,5.38,0.0,0.0,2020-10-31,13:00:00
5.38,5.38,5.38,5.38,0.0,0.0,2020-10-31,14:00:00
5.38,5.38,5.38,5.38,0.0,0.0,2020-10-31,15:00:00
5.38,5.38,5.38,5.38,0.0,0.0,2020-10-31,16:00:00
5.38,5.38,5.38,5.38,0.0,0.0,2020-10-31,17:00:00
5.38,5.38,5.38,5.38,0.0,0.0,2020-10-31,18:00:00
5.38,5.38,5.38,5.38,0.0,0.0,2020-10-31,19:00:00
5.38,5.38,5.38,5.38,0.0,0.0,2020-10-31,20:00:00
5.38,5.38,5.38,5.38,0.0,0.0,2020-10-31,21:00:00
5.38,5.38,5.38,5.38,0.0,0.0,2020-10-31,22:00:00
5.38,5.38,5.38,5.38,0.0,0.0,2020-10-31,23:00:00
5.53206,5.53603,5.53206,5.53603,16.56152916,91.63843037,2020-11-01,00:00:00
5.65,5.65,5.65,5.65,500.0,2825.0,2020-11-01,01:00:00
5.65,5.65,5.65,5.65,0.0,0.0,2020-11-01,02:00:00
5.558,5.558,5.558,5.558,5.39,29.95762,2020-11-01,03:00:00
5.558,5.558,5.558,5.558,0.0,0.0,2020-11-01,04:00:00
5.558,5.558,5.558,5.558,0.0,0.0,2020-11-01,05:00:00
5.558,5.558,5.558,5.558,0.0,0.0,2020-11-01,06:00:00
5.558,5.558,5.558,5.558,0.0,0.0,2020-11-01,07:00:00
5.558,5.558,5.558,5.558,0.0,0.0,2020-11-01,08:00:00
5.558,5.558,5.558,5.558,0.0,0.0,2020-11-01,09:00:00
5.558,5.558,5.558,5.558,0.0,0.0,2020-11-01,10:00:00
5.558,5.558,5.558,5.558,0.0,0.0,2020-11-01,11:00:00
5.48871,5.48871,5.48871,5.48871,7.41312,40.68846587,2020-11-01,12:00:00
5.48871,5.48871,5.48871,5.48871,0.0,0.0,2020-11-01,13:00:00
5.48871,5.48871,5.48871,5.48871,0.0,0.0,2020-11-01,14:00:00
5.48871,5.48871,5.48871,5.48871,0.0,0.0,2020-11-01,15:00:00
5.48871,5.48871,5.48871,5.48871,0.0,0.0,2020-11-01,16:00:00
5.55202,5.65687,5.55202,5.65687,66.75472335,372.94067037,2020-11-01,17:00:00
5.66094,5.66662,5.66094,5.66662,160.69474014,909.77363689,2020-11-01,18:00:00
5.49256,5.49256,5.49256,5.49256,160.69474014,882.6255019,2020-11-01,19:00:00
5.60357,5.60357,5.60356,5.60356,63.23262544,354.32811385,2020-11-01,20:00:00
5.60356,5.60356,5.60356,5.60356,0.0,0.0,2020-11-01,21:00:00
5.60356,5.60356,5.60356,5.60356,0.0,0.0,2020-11-01,22:00:00
5.60356,5.60356,5.60356,5.60356,0.0,0.0,2020-11-01,23:00:00
5.60356,5.60356,5.60356,5.60356,0.0,0.0,2020-11-02,00:00:00
5.60356,5.60356,5.60356,5.60356,0.0,0.0,2020-11-02,01:00:00
5.55102,5.55102,5.55102,5.55102,1.24386379,6.90471277,2020-11-02,02:00:00
5.55102,5.55102,5.55102,5.55102,0.0,0.0,2020-11-02,03:00:00
5.55102,5.55102,5.55102,5.55102,0.0,0.0,2020-11-02,04:00:00
5.58165,5.58165,5.58165,5.58165,1.3932879,7.7768454,2020-11-02,05:00:00
5.58165,5.58165,5.58165,5.58165,0.0,0.0,2020-11-02,06:00:00
5.61965,5.61965,5.61965,5.61965,20.0,112.393,2020-11-02,07:00:00
5.606,5.606,5.605,5.605,65.60473816,367.75919135,2020-11-02,08:00:00
5.605,5.605,5.605,5.605,0.0,0.0,2020-11-02,09:00:00
5.605,5.605,5.605,5.605,0.0,0.0,2020-11-02,10:00:00
5.493,5.493,5.493,5.493,921.81539857,5063.53198426,2020-11-02,11:00:00
5.59493,5.60995,5.49301,5.49301,172.67497783,967.23570301,2020-11-02,12:00:00
5.49301,5.49301,5.49301,5.49301,20.41798601,112.15620133,2020-11-02,13:00:00
5.49301,5.49301,5.49301,5.49301,0.0,0.0,2020-11-02,14:00:00
5.49301,5.49301,5.49301,5.49301,0.0,0.0,2020-11-02,15:00:00
5.49301,5.49301,5.49301,5.49301,0.0,0.0,2020-11-02,16:00:00
5.51502,5.51502,5.51502,5.51502,2.77295,15.2928747,2020-11-02,17:00:00
5.51502,5.51502,5.51502,5.51502,0.0,0.0,2020-11-02,18:00:00
5.515,5.51502,5.515,5.51502,16.09114025,88.7429203,2020-11-02,19:00:00
5.52,5.52,5.52,5.52,43.15704702,238.22689954,2020-11-02,20:00:00
5.52001,5.52001,5.52001,5.52001,13.78842142,76.11222412,2020-11-02,21:00:00
5.52002,5.52005,5.52001,5.52001,42.10685076,232.43057,2020-11-02,22:00:00
5.52001,5.52001,5.52001,5.52001,0.0,0.0,2020-11-02,23:00:00
5.522,5.52601,5.52,5.52,75.75277007,418.21989619,2020-11-03,00:00:00
5.52,5.52,5.52,5.52,6.4746275,35.7399438,2020-11-03,01:00:00
5.65852,5.65854,5.52,5.52,196.59530846,1087.9856948,2020-11-03,02:00:00
5.52001,5.52001,5.52,5.52,6.39657787,35.30915061,2020-11-03,03:00:00
5.52,5.52001,5.52,5.52,385.42849129,2127.56528698,2020-11-03,04:00:00
5.52,5.52,5.493,5.493,333.56529779,1838.73574146,2020-11-03,05:00:00
5.49301,5.49301,5.493,5.493,109.29362362,600.34993219,2020-11-03,06:00:00
5.49301,5.49301,5.493,5.493,28.33729657,155.65679017,2020-11-03,07:00:00
5.493,5.49301,5.493,5.493,289.4893855,1590.16523208,2020-11-03,08:00:00
5.493,5.493,5.493,5.493,51.87925871,284.97276809,2020-11-03,09:00:00
5.493,5.493,5.493,5.493,0.0,0.0,2020-11-03,10:00:00
5.49301,5.49302,5.493,5.493,245.6665301,1349.44628603,2020-11-03,11:00:00
5.493,5.493,5.493,5.493,98.1932436,539.37548708,2020-11-03,12:00:00
5.493,5.493,5.493,5.493,0.0,0.0,2020-11-03,13:00:00
5.493,5.493,5.493,5.493,0.0,0.0,2020-11-03,14:00:00
5.495,5.495,5.495,5.495,231.6843395,1273.10544554,2020-11-03,15:00:00
5.495,5.495,5.495,5.495,435.63021204,2393.78801501,2020-11-03,16:00:00
5.495,5.495,5.495,5.495,3.93,21.59535,2020-11-03,17:00:00
5.495,5.495,5.495,5.495,33.85815,186.05053425,2020-11-03,18:00:00
5.65599,5.65599,5.65599,5.65599,24.07030696,136.14141546,2020-11-03,19:00:00
5.65599,5.65599,5.65599,5.65599,0.0,0.0,2020-11-03,20:00:00
5.65599,5.65599,5.65599,5.65599,0.0,0.0,2020-11-03,21:00:00
5.495,5.49501,5.495,5.495,61.31102865,336.90445557,2020-11-03,22:00:00
5.495,5.495,5.495,5.495,14.99979349,82.42386522,2020-11-03,23:00:00
5.495,5.495,5.495,5.495,6.93192,38.0909004,2020-11-04,00:00:00
5.495,5.495,5.495,5.495,22.54545825,123.88729307,2020-11-04,01:00:00
5.495,5.495,5.495,5.495,11.78931722,64.78229812,2020-11-04,02:00:00
5.495,5.495,5.495,5.495,0.0,0.0,2020-11-04,03:00:00
5.495,5.495,5.495,5.495,0.0,0.0,2020-11-04,04:00:00
5.495,5.495,5.495,5.495,0.0,0.0,2020-11-04,05:00:00
5.495,5.495,5.495,5.495,0.0,0.0,2020-11-04,06:00:00
5.495,5.495,5.45,5.45,138.56386662,760.60624717,2020-11-04,07:00:00
5.45,5.45,5.45,5.45,10.11999,55.1539455,2020-11-04,08:00:00
5.45,5.45,5.45,5.45,3.49195167,19.0311366,2020-11-04,09:00:00
5.45,5.45,5.45,5.45,0.0,0.0,2020-11-04,10:00:00
5.45,5.45,5.45,5.45,0.0,0.0,2020-11-04,11:00:00
5.332,5.332,5.332,5.332,20.41798602,108.86870145,2020-11-04,12:00:00
5.332,5.332,5.332,5.332,0.0,0.0,2020-11-04,13:00:00
5.332,5.332,5.332,5.332,0.0,0.0,2020-11-04,14:00:00
5.31,5.31,5.31,5.31,9.4429901,50.14227743,2020-11-04,15:00:00
5.30102,5.30102,5.30102,5.30102,5.00508578,26.53205982,2020-11-04,16:00:00
5.30102,5.30102,5.30102,5.30102,0.0,0.0,2020-11-04,17:00:00
5.30401,5.30401,5.301,5.301,92.80557106,491.96459198,2020-11-04,18:00:00
5.301,5.301,5.301,5.301,22.60813681,119.84573322,2020-11-04,19:00:00
5.301,5.301,5.301,5.301,556.79028507,2951.54530107,2020-11-04,20:00:00
5.301,5.301,5.301,5.301,267.04249785,1415.59228105,2020-11-04,21:00:00
5.301,5.301,5.2,5.2,14.67456516,76.60991191,2020-11-04,22:00:00
5.2,5.2,5.2,5.2,0.0,0.0,2020-11-04,23:00:00
5.40437,5.40437,5.175,5.175,15.06057392,78.25714712,2020-11-05,00:00:00
5.175,5.175,5.175,5.175,0.0,0.0,2020-11-05,01:00:00
5.17603,5.17603,5.17603,5.17603,19.86056377,102.79887388,2020-11-05,02:00:00
5.18102,5.18102,5.181,5.181,106.4674939,551.60916476,2020-11-05,03:00:00
5.181,5.181,5.181,5.181,0.0,0.0,2020-11-05,04:00:00
5.181,5.181,5.181,5.181,0.0,0.0,2020-11-05,05:00:00
5.22546,5.22546,5.22546,5.22546,23.30355387,121.77178858,2020-11-05,06:00:00
5.22546,5.22546,5.22546,5.22546,0.0,0.0,2020-11-05,07:00:00
5.25,5.25,5.23,5.23,40.9359577,214.52649858,2020-11-05,08:00:00
5.205,5.205,5.205,5.205,26.45168186,137.68100407,2020-11-05,09:00:00
5.188,5.2738,5.188,5.2738,43.24775987,225.22737819,2020-11-05,10:00:00
5.198,5.198,5.198,5.198,17.19779536,89.39414028,2020-11-05,11:00:00
5.198,5.198,5.198,5.198,0.0,0.0,2020-11-05,12:00:00
5.177,5.177,5.111,5.111,17.96142103,92.84873532,2020-11-05,13:00:00
5.1706,5.28998,5.1706,5.28998,1.94438754,10.10749775,2020-11-05,14:00:00
5.25,5.25,5.25,5.25,1.92194975,10.09023618,2020-11-05,15:00:00
5.26104,5.26104,5.26104,5.26104,7.2701701,38.2486557,2020-11-05,16:00:00
5.26104,5.26104,5.26104,5.26104,0.0,0.0,2020-11-05,17:00:00
5.26104,5.26104,5.26104,5.26104,0.0,0.0,2020-11-05,18:00:00
5.26104,5.26104,5.26104,5.26104,0.0,0.0,2020-11-05,19:00:00
5.26104,5.26104,5.26104,5.26104,0.0,0.0,2020-11-05,20:00:00
5.26104,5.3,5.26104,5.3,110.098,583.12598192,2020-11-05,21:00:00
5.25613,5.25613,5.25613,5.25613,100.0,525.613,2020-11-05,22:00:00
5.26002,5.26002,5.254,5.254,231.56512149,1217.67481939,2020-11-05,23:00:00
5.27998,5.31,5.27998,5.31,204.10550221,1081.24808526,2020-11-06,00:00:00
5.31,5.31,5.31,5.31,0.0,0.0,2020-11-06,01:00:00
5.35199,5.35199,5.35199,5.35199,2.0,10.70398,2020-11-06,02:00:00
5.35199,5.35199,5.35199,5.35199,0.0,0.0,2020-11-06,03:00:00
5.34001,5.34001,5.34001,5.34001,6.64037873,35.45968882,2020-11-06,04:00:00
5.34001,5.34001,5.34001,5.34001,100.0,534.00099999,2020-11-06,05:00:00
5.34001,5.34001,5.34001,5.34001,0.0,0.0,2020-11-06,06:00:00
5.34001,5.34001,5.34001,5.34001,0.0,0.0,2020-11-06,07:00:00
5.34001,5.34001,5.34001,5.34001,0.0,0.0,2020-11-06,08:00:00
5.365,5.365,5.365,5.365,1.7183,9.2186795,2020-11-06,09:00:00
5.365,5.365,5.365,5.365,0.0,0.0,2020-11-06,10:00:00
5.365,5.365,5.365,5.365,0.0,0.0,2020-11-06,11:00:00
5.365,5.365,5.365,5.365,0.0,0.0,2020-11-06,12:00:00
5.59998,5.66698,5.59997,5.66698,200.86698049,1126.51486157,2020-11-06,13:00:00
5.66698,5.66698,5.66698,5.66698,0.0,0.0,2020-11-06,14:00:00
5.51437,5.51437,5.51437,5.51437,1.98192482,10.92906676,2020-11-06,15:00:00
5.51437,5.51437,5.51437,5.51437,0.0,0.0,2020-11-06,16:00:00
5.51437,5.51437,5.51437,5.51437,0.0,0.0,2020-11-06,17:00:00
5.51437,5.51437,5.51437,5.51437,0.0,0.0,2020-11-06,18:00:00
5.51437,5.51437,5.51437,5.51437,0.0,0.0,2020-11-06,19:00:00
5.51437,5.51437,5.51437,5.51437,0.0,0.0,2020-11-06,20:00:00
5.51437,5.51437,5.51437,5.51437,0.0,0.0,2020-11-06,21:00:00
5.58615,5.58617,5.58615,5.58617,1002.57011354,5600.52691788,2020-11-06,22:00:00
5.58617,5.58617,5.58617,5.58617,0.0,0.0,2020-11-06,23:00:00
5.58617,5.58617,5.58617,5.58617,0.0,0.0,2020-11-07,00:00:00
5.667,5.79999,5.667,5.799,186.89134608,1073.38511526,2020-11-07,01:00:00
5.6431,5.6431,5.6431,5.6431,65.7495786,371.03144699,2020-11-07,02:00:00
5.6431,5.6431,5.6431,5.6431,0.0,0.0,2020-11-07,03:00:00
5.6431,5.6431,5.6431,5.6431,0.0,0.0,2020-11-07,04:00:00
5.86,5.86,5.86,5.86,38.63778949,226.4174464,2020-11-07,05:00:00
5.89999,5.9,5.89999,5.9,79.0,466.09993999,2020-11-07,06:00:00
5.9601,6.0,5.9601,6.0,57.02091165,341.6207788,2020-11-07,07:00:00
6.0,6.16,5.992,5.992,17.64040144,106.43239615,2020-11-07,08:00:00
6.03202,6.167,6.03202,6.167,1100.80171797,6653.25216101,2020-11-07,09:00:00
6.2,6.35,6.2,6.35,164.72227099,1037.47812891,2020-11-07,10:00:00
6.3012,6.3012,6.3,6.3,50.0,315.048,2020-11-07,11:00:00
6.3,6.3,6.3,6.3,0.0,0.0,2020-11-07,12:00:00
6.3,6.3,6.3,6.3,0.0,0.0,2020-11-07,13:00:00
6.00401,6.00401,5.949,5.949,215.70243731,1294.31951345,2020-11-07,14:00:00
5.949,5.949,5.949,5.949,0.0,0.0,2020-11-07,15:00:00
5.875,5.875,5.875,5.875,1.69787234,9.97499999,2020-11-07,16:00:00
5.875,5.875,5.875,5.875,0.0,0.0,2020-11-07,17:00:00
5.875,5.875,5.875,5.875,0.0,0.0,2020-11-07,18:00:00
5.875,5.875,5.875,5.875,0.0,0.0,2020-11-07,19:00:00
5.501,5.501,5.501,5.501,1.54504856,8.49931212,2020-11-07,20:00:00
5.501,5.501,5.501,5.501,0.0,0.0,2020-11-07,21:00:00
5.501,5.501,5.501,5.501,0.0,0.0,2020-11-07,22:00:00
5.501,5.501,5.501,5.501,0.0,0.0,2020-11-07,23:00:00
5.501,5.501,5.501,5.501,0.0,0.0,2020-11-08,00:00:00
5.981,6.0,5.981,6.0,276.13547062,1655.06176621,2020-11-08,01:00:00
6.022,6.022,6.022,6.022,1.38935822,8.3667152,2020-11-08,02:00:00
6.022,6.022,6.022,6.022,0.0,0.0,2020-11-08,03:00:00
6.082,6.082,6.082,6.082,7.10785492,43.22997361,2020-11-08,04:00:00
6.082,6.082,6.082,6.082,0.0,0.0,2020-11-08,05:00:00
6.24,6.24,6.213,6.213,167.54265565,1041.68617125,2020-11-08,06:00:00
6.213,6.213,6.213,6.213,0.0,0.0,2020-11-08,07:00:00
6.213,6.213,6.213,6.213,0.0,0.0,2020-11-08,08:00:00
6.213,6.213,6.213,6.213,0.0,0.0,2020-11-08,09:00:00
6.213,6.213,6.213,6.213,0.0,0.0,2020-11-08,10:00:00
6.213,6.213,6.213,6.213,0.0,0.0,2020-11-08,11:00:00
6.213,6.213,6.213,6.213,0.0,0.0,2020-11-08,12:00:00
6.137,6.138,6.137,6.137,101.82846128,624.92401306,2020-11-08,13:00:00
6.137,6.137,6.137,6.137,0.0,0.0,2020-11-08,14:00:00
6.137,6.137,6.137,6.137,0.0,0.0,2020-11-08,15:00:00
6.25298,6.25298,6.25298,6.25298,6.0,37.51788,2020-11-08,16:00:00
6.29737,6.29737,6.29737,6.29737,18.60961762,117.19164771,2020-11-08,17:00:00
6.25,6.25,6.24,6.24,153.21344597,956.68003491,2020-11-08,18:00:00
6.219,6.24,6.219,6.24,799.68268591,4977.64245375,2020-11-08,19:00:00
6.24,6.24,6.24,6.24,0.0,0.0,2020-11-08,20:00:00
6.24,6.24,6.24,6.24,0.0,0.0,2020-11-08,21:00:00
6.21899,6.21995,6.21899,6.21995,22.36831414,139.11786575,2020-11-08,22:00:00
6.2,6.217,6.2,6.217,24.65947681,153.11073967,2020-11-08,23:00:00
6.21701,6.21701,6.21701,6.21701,112.57318459,699.86861431,2020-11-09,00:00:00
6.21701,6.21701,6.21701,6.21701,0.0,0.0,2020-11-09,01:00:00
6.21701,6.21701,6.21701,6.21701,0.0,0.0,2020-11-09,02:00:00
6.21701,6.21701,6.21701,6.21701,0.0,0.0,2020-11-09,03:00:00
6.21701,6.21701,6.21701,6.21701,0.0,0.0,2020-11-09,04:00:00
6.21701,6.21701,6.21701,6.21701,0.0,0.0,2020-11-09,05:00:00
6.171,6.18,6.17,6.17,74.52461078,460.00041562,2020-11-09,06:00:00
6.17,6.17,6.17,6.17,0.0,0.0,2020-11-09,07:00:00
6.17,6.17,6.17,6.17,0.0,0.0,2020-11-09,08:00:00
5.9525,5.9525,5.9525,5.9525,8.63852349,51.42081107,2020-11-09,09:00:00
5.9525,5.9525,5.9525,5.9525,0.0,0.0,2020-11-09,10:00:00
5.9525,5.9525,5.9525,5.9525,0.0,0.0,2020-11-09,11:00:00
5.9525,5.9525,5.9525,5.9525,0.0,0.0,2020-11-09,12:00:00
5.9525,5.9525,5.9525,5.9525,0.0,0.0,2020-11-09,13:00:00
5.9525,5.9525,5.9525,5.9525,0.0,0.0,2020-11-09,14:00:00
5.9525,5.9525,5.9525,5.9525,0.0,0.0,2020-11-09,15:00:00
5.9525,5.9525,5.9525,5.9525,0.0,0.0,2020-11-09,16:00:00
5.96599,5.966,5.96599,5.966,50.0,298.2997978,2020-11-09,17:00:00
5.966,5.966,5.966,5.966,0.0,0.0,2020-11-09,18:00:00
5.966,5.966,5.966,5.966,0.0,0.0,2020-11-09,19:00:00
5.58605,5.58605,5.58605,5.58605,16.86237528,94.19407143,2020-11-09,20:00:00
5.58605,5.58605,5.58605,5.58605,0.0,0.0,2020-11-09,21:00:00
5.58605,5.58605,5.58605,5.58605,0.0,0.0,2020-11-09,22:00:00
5.73766,5.73766,5.73766,5.73766,0.8190346,4.69934206,2020-11-09,23:00:00
5.73766,5.73766,5.73766,5.73766,0.0,0.0,2020-11-10,00:00:00
5.73766,5.73766,5.73766,5.73766,0.0,0.0,2020-11-10,01:00:00
5.73766,5.73766,5.73766,5.73766,0.0,0.0,2020-11-10,02:00:00
6.183,6.185,6.183,6.185,31.36932226,194.00958453,2020-11-10,03:00:00
6.13404,6.19999,6.13403,6.19999,486.64981113,2985.19255905,2020-11-10,04:00:00
6.19999,6.19999,6.19999,6.19999,0.0,0.0,2020-11-10,05:00:00
6.07939,6.07939,6.07939,6.07939,0.48967874,2.97694803,2020-11-10,06:00:00
6.2,6.205,6.2,6.205,20.96121765,129.96423443,2020-11-10,07:00:00
6.32,6.449,6.32,6.44897,493.50443774,3167.21606514,2020-11-10,08:00:00
6.44897,6.44897,6.44897,6.44897,0.0,0.0,2020-11-10,09:00:00
6.44897,6.44897,6.44897,6.44897,0.0,0.0,2020-11-10,10:00:00
6.44897,6.44897,6.44897,6.44897,0.0,0.0,2020-11-10,11:00:00
6.44897,6.44897,6.44897,6.44897,0.0,0.0,2020-11-10,12:00:00
6.44897,6.44897,6.44897,6.44897,0.0,0.0,2020-11-10,13:00:00
6.44897,6.44897,6.44897,6.44897,0.0,0.0,2020-11-10,14:00:00
6.44897,6.44897,6.44897,6.44897,0.0,0.0,2020-11-10,15:00:00
6.2935,6.2935,6.2935,6.2935,0.73921847,4.65227144,2020-11-10,16:00:00
6.4,6.41,6.39999,6.41,101.23391288,647.91666145,2020-11-10,17:00:00
6.41,6.41,6.41,6.41,0.0,0.0,2020-11-10,18:00:00
6.41,6.41,6.41,6.41,0.0,0.0,2020-11-10,19:00:00
6.49946,6.49948,6.385,6.385,1556.86045612,9954.99853559,2020-11-10,20:00:00
6.385,6.385,6.385,6.385,0.0,0.0,2020-11-10,21:00:00
6.49998,6.8,6.49997,6.8,401.63413334,2658.95413004,2020-11-10,22:00:00
6.772,6.772,6.757,6.757,2.68360295,18.15342113,2020-11-10,23:00:00
6.765,6.765,6.765,6.765,1.362,9.21393,2020-11-11,00:00:00
6.761,6.761,6.47317,6.47317,401.95366913,2696.61892987,2020-11-11,01:00:00
6.56,6.56,6.56,6.56,1.4065,9.22664,2020-11-11,02:00:00
6.56,6.56,6.56,6.56,0.0,0.0,2020-11-11,03:00:00
6.56,6.56,6.56,6.56,0.0,0.0,2020-11-11,04:00:00
6.491,6.491,6.485,6.485,2.3973,15.5549523,2020-11-11,05:00:00
6.46,6.46507,6.46,6.46507,2.84282301,18.37179712,2020-11-11,06:00:00
6.46,6.46,6.449,6.449,5.60677958,36.20418818,2020-11-11,07:00:00
6.449,6.449,6.449,6.449,0.0,0.0,2020-11-11,08:00:00
6.411,6.411,6.411,6.411,1.4313,9.1760643,2020-11-11,09:00:00
6.411,6.411,6.411,6.411,0.0,0.0,2020-11-11,10:00:00
6.411,6.411,6.411,6.411,0.0,0.0,2020-11-11,11:00:00
6.482,6.5,6.482,6.499,423.48205481,2752.59228283,2020-11-11,12:00:00
6.51103,6.542,6.511,6.541,852.87669895,5553.17870227,2020-11-11,13:00:00
6.541,6.541,6.541,6.541,0.0,0.0,2020-11-11,14:00:00
6.541,6.541,6.541,6.541,0.0,0.0,2020-11-11,15:00:00
6.5191,6.5191,6.506,6.506,126.96950692,827.40721243,2020-11-11,16:00:00
6.427,6.427,6.427,6.427,1.4608,9.3885616,2020-11-11,17:00:00
6.336,6.345,6.336,6.345,144.85393302,918.55851958,2020-11-11,18:00:00
6.369,6.369,6.359,6.359,2.30550599,14.66877765,2020-11-11,19:00:00
6.31,6.31,6.31,6.31,1.4977,9.450487,2020-11-11,20:00:00
6.329,6.33,6.328,6.33,46.9996,297.50296799,2020-11-11,21:00:00
6.33,6.33,6.33,6.33,0.0,0.0,2020-11-11,22:00:00
6.33,6.33,6.33,6.33,0.0,0.0,2020-11-11,23:00:00
6.288,6.288,6.232,6.232,5.03359718,31.48472512,2020-11-12,00:00:00
6.232,6.232,6.232,6.232,0.0,0.0,2020-11-12,01:00:00
6.157,6.157,6.157,6.157,1.5069,9.2779833,2020-11-12,02:00:00
6.157,6.157,6.157,6.157,0.0,0.0,2020-11-12,03:00:00
6.16,6.16,6.16,6.16,63.068953,388.50475048,2020-11-12,04:00:00
6.209,6.209,6.208,6.208,3.0458,18.9098493,2020-11-12,05:00:00
6.241,6.241,6.24,6.24,3.048,19.021044,2020-11-12,06:00:00
6.236,6.27412,6.236,6.27412,10.85397579,68.00269848,2020-11-12,07:00:00
6.217,6.217,6.216,6.216,20.6005031,128.07180097,2020-11-12,08:00:00
6.269,6.269,6.219,6.219,4.6162,28.860484,2020-11-12,09:00:00
6.142,6.142,6.142,6.142,1.5638,9.6048596,2020-11-12,10:00:00
6.068,6.068,6.068,6.068,1.5524,9.4199632,2020-11-12,11:00:00
6.068,6.068,6.068,6.068,0.0,0.0,2020-11-12,12:00:00
6.106,6.106,6.106,6.106,1.5537,9.4868922,2020-11-12,13:00:00
6.106,6.106,6.106,6.106,0.0,0.0,2020-11-12,14:00:00
6.106,6.106,6.106,6.106,0.0,0.0,2020-11-12,15:00:00
6.11,6.11,6.11,6.11,19.0,116.09,2020-11-12,16:00:00
6.097,6.097,6.04,6.04,3.1652,19.2076115,2020-11-12,17:00:00
6.01,6.01,6.01,6.01,2.0,12.02,2020-11-12,18:00:00
6.003,6.003,6.00001,6.00001,6.5946,39.5724338,2020-11-12,19:00:00
5.969,6.10192,5.969,6.10192,8.35159124,50.44246562,2020-11-12,20:00:00
6.10192,6.10192,6.10192,6.10192,0.0,0.0,2020-11-12,21:00:00
6.10192,6.10192,6.10192,6.10192,0.0,0.0,2020-11-12,22:00:00
5.977,5.977,5.977,5.977,1.6251,9.7132227,2020-11-12,23:00:00
5.977,5.977,5.977,5.977,0.0,0.0,2020-11-13,00:00:00
6.042,6.042,6.042,6.042,1.02323255,6.18237106,2020-11-13,01:00:00
6.042,6.13,6.009,6.13,3912.94755531,23960.43839183,2020-11-13,02:00:00
6.13,6.13,6.13,6.13,0.0,0.0,2020-11-13,03:00:00
6.12,6.182,6.12,6.182,91.73660908,564.41875271,2020-11-13,04:00:00
6.201,6.201,6.161,6.175,344.43840064,2132.37860455,2020-11-13,05:00:00
6.175,6.175,6.175,6.175,0.0,0.0,2020-11-13,06:00:00
6.26129,6.26129,6.26129,6.26129,10.0,62.6129,2020-11-13,07:00:00
6.26129,6.26129,6.26129,6.26129,0.0,0.0,2020-11-13,08:00:00
6.241,6.258,6.241,6.258,3.139,19.6171805,2020-11-13,09:00:00
6.26143,6.26143,6.26143,6.26143,38.87767612,243.42984758,2020-11-13,10:00:00
6.30745,6.30745,6.30745,6.30745,11.87931565,74.92818949,2020-11-13,11:00:00
6.218,6.218,6.218,6.218,30.0,186.54,2020-11-13,12:00:00
6.287,6.34099,6.287,6.34099,14.74891489,93.43902653,2020-11-13,13:00:00
6.328,6.34125,6.328,6.34125,40.42287612,256.31108929,2020-11-13,14:00:00
6.314,6.314,6.314,6.314,89.3767,564.3244838,2020-11-13,15:00:00
6.309,6.309,6.309,6.309,1.5332,9.6729588,2020-11-13,16:00:00
6.29826,6.29827,6.29802,6.29802,9.87421677,62.18916287,2020-11-13,17:00:00
6.369,6.38687,6.32,6.38687,407.85746013,2578.40324432,2020-11-13,18:00:00
6.351,6.37699,6.351,6.37699,4.42318172,28.16613216,2020-11-13,19:00:00
6.38481,6.38484,6.38481,6.38484,100.0,638.48153589,2020-11-13,20:00:00
6.38484,6.38484,6.38484,6.38484,0.0,0.0,2020-11-13,21:00:00
6.282,6.282,6.282,6.282,1.5565,9.777933,2020-11-13,22:00:00
6.282,6.282,6.282,6.282,0.0,0.0,2020-11-13,23:00:00
6.25102,6.25102,6.245,6.245,44.57667453,278.63997048,2020-11-14,00:00:00
6.38291,6.38291,6.38291,6.38291,8.0,51.06328,2020-11-14,01:00:00
6.38291,6.38291,6.38291,6.38291,0.0,0.0,2020-11-14,02:00:00
6.38291,6.38291,6.38291,6.38291,0.0,0.0,2020-11-14,03:00:00
6.38291,6.38291,6.38291,6.38291,0.0,0.0,2020-11-14,04:00:00
6.255,6.255,6.216,6.216,3.0956,19.3026099,2020-11-14,05:00:00
6.21601,6.243,6.21601,6.243,12.09848406,75.46177265,2020-11-14,06:00:00
6.243,6.243,6.243,6.243,0.0,0.0,2020-11-14,07:00:00
6.211,6.211,6.211,6.211,1.5621,9.7022031,2020-11-14,08:00:00
6.155,6.155,6.155,6.155,1.5458,9.514399,2020-11-14,09:00:00
6.083,6.083,6.083,6.083,1.554,9.452982,2020-11-14,10:00:00
6.083,6.083,6.083,6.083,0.0,0.0,2020-11-14,11:00:00
6.142,6.142,6.142,6.142,9.13002129,56.07659076,2020-11-14,12:00:00
6.14,6.14,6.14,6.14,2.0,12.28,2020-11-14,13:00:00
6.14,6.14,6.08,6.08,459.48411694,2819.11146661,2020-11-14,14:00:00
6.052,6.052,6.052,6.052,5.33915973,32.31259468,2020-11-14,15:00:00
6.052,6.052,6.052,6.052,0.0,0.0,2020-11-14,16:00:00
6.051,6.051,6.051,6.051,7.70342195,46.61340621,2020-11-14,17:00:00
6.16291,6.163,6.16291,6.163,107.89784484,664.96590997,2020-11-14,18:00:00
6.174,6.174,6.161,6.161,3.78199321,23.32099326,2020-11-14,19:00:00
6.19,6.19,6.19,6.19,1.5511,9.601309,2020-11-14,20:00:00
6.19,6.201,6.189,6.191,20.21797029,125.18032766,2020-11-14,21:00:00
6.203,6.204,6.203,6.204,3.1015,19.2401545,2020-11-14,22:00:00
6.22233,6.25022,6.213,6.213,16.14499905,100.65241765,2020-11-14,23:00:00
6.199,6.242,6.199,6.242,12.46353415,77.32795199,2020-11-15,00:00:00
6.27824,6.27824,6.273,6.273,125.22714106,785.58234742,2020-11-15,01:00:00
6.273,6.273,6.273,6.273,0.0,0.0,2020-11-15,02:00:00
6.257,6.257,6.256,6.256,5.84041884,36.53968766,2020-11-15,03:00:00
6.256,6.256,6.256,6.256,0.0,0.0,2020-11-15,04:00:00
6.27672,6.27672,6.246,6.246,2.40460558,15.03302301,2020-11-15,05:00:00
6.249,6.249,6.249,6.249,1.51023502,9.43745863,2020-11-15,06:00:00
6.26,6.26,6.26,6.26,14.38548298,90.05312345,2020-11-15,07:00:00
6.26,6.26,6.26,6.26,0.0,0.0,2020-11-15,08:00:00
6.26,6.26,6.26,6.26,0.0,0.0,2020-11-15,09:00:00
6.254,6.254,6.254,6.254,25.32132557,158.35957011,2020-11-15,10:00:00
6.30639,6.30639,6.299,6.299,6.71156707,42.32198398,2020-11-15,11:00:00
6.33466,6.33466,6.33466,6.33466,6.20067962,39.27919715,2020-11-15,12:00:00
6.36306,6.36306,6.36306,6.36306,6.20067962,39.45529646,2020-11-15,13:00:00
6.36306,6.36306,6.36306,6.36306,0.0,0.0,2020-11-15,14:00:00
6.39158,6.39158,6.39158,6.39158,6.20067962,39.63213983,2020-11-15,15:00:00
6.382,6.4,6.382,6.4,48.95999941,312.82308834,2020-11-15,16:00:00
6.42,6.44,6.367,6.367,69.06046497,443.43496905,2020-11-15,17:00:00
6.367,6.367,6.367,6.367,0.0,0.0,2020-11-15,18:00:00
6.367,6.367,6.367,6.367,0.0,0.0,2020-11-15,19:00:00
6.417,6.417,6.417,6.417,2.03088196,13.03216953,2020-11-15,20:00:00
6.388,6.44,6.388,6.44,19.07347676,122.79722869,2020-11-15,21:00:00
6.43,6.44902,6.402,6.402,367.80167471,2365.23709016,2020-11-15,22:00:00
6.432,6.44902,6.416,6.416,194.02073561,1250.60495835,2020-11-15,23:00:00
6.39478,6.39478,6.39478,6.39478,5.97591543,38.21466446,2020-11-16,00:00:00
6.39478,6.39478,6.39478,6.39478,0.0,0.0,2020-11-16,01:00:00
6.375,6.375,6.30954,6.30954,21.60479079,136.92611108,2020-11-16,02:00:00
6.30954,6.30954,6.30954,6.30954,0.0,0.0,2020-11-16,03:00:00
6.30954,6.30954,6.30954,6.30954,0.0,0.0,2020-11-16,04:00:00
6.341,6.36306,6.341,6.36306,7.58154826,48.20820717,2020-11-16,05:00:00
6.357,6.36306,6.30954,6.30954,10.20792874,64.55874931,2020-11-16,06:00:00
6.30954,6.30954,6.30954,6.30954,0.0,0.0,2020-11-16,07:00:00
6.3,6.3,6.289,6.289,119.5533,753.1687037,2020-11-16,08:00:00
6.28138,6.28138,6.28138,6.28138,6.08380077,38.21466448,2020-11-16,09:00:00
6.28138,6.28138,6.28138,6.28138,0.0,0.0,2020-11-16,10:00:00
6.261,6.261,6.261,6.261,3.71515985,23.26061582,2020-11-16,11:00:00
6.33465,6.44901,6.33464,6.39,83.42540161,533.13605325,2020-11-16,12:00:00
6.36624,6.36624,6.344,6.344,13.00270559,82.62266443,2020-11-16,13:00:00
6.344,6.344,6.344,6.344,0.0,0.0,2020-11-16,14:00:00
6.409,6.409,6.408,6.408,3.0839,19.7631732,2020-11-16,15:00:00
6.367,6.42024,6.367,6.408,8.8507368,56.72577662,2020-11-16,16:00:00
6.439,6.44902,6.439,6.44902,9.09291543,58.61227872,2020-11-16,17:00:00
6.44902,6.44902,6.44902,6.44902,0.0,0.0,2020-11-16,18:00:00
6.44902,6.44902,6.44902,6.44902,0.0,0.0,2020-11-16,19:00:00
6.4495,6.4495,6.4495,6.4495,580.62834328,3744.76249997,2020-11-16,20:00:00
6.401,6.401,6.36624,6.36624,624.27268374,3995.71894792,2020-11-16,21:00:00
6.355,6.355,6.33782,6.33782,8.80522288,55.84887568,2020-11-16,22:00:00
6.31605,6.31605,6.31605,6.31605,50.43704351,318.56288866,2020-11-16,23:00:00
6.31605,6.31605,6.31605,6.31605,0.0,0.0,2020-11-17,00:00:00
6.37,6.37,6.339,6.339,87.5098861,557.2561652,2020-11-17,01:00:00
6.34,6.34,6.34,6.34,15.68581959,99.4480962,2020-11-17,02:00:00
6.34,6.34,6.34,6.34,0.0,0.0,2020-11-17,03:00:00
6.34,6.34,6.34,6.34,0.0,0.0,2020-11-17,04:00:00
6.39156,6.39156,6.39156,6.39156,43.35699744,277.11885054,2020-11-17,05:00:00
6.39156,6.39156,6.39156,6.39156,0.0,0.0,2020-11-17,06:00:00
6.39158,6.39158,6.379,6.379,7.60732288,48.6029653,2020-11-17,07:00:00
6.379,6.379,6.379,6.379,0.0,0.0,2020-11-17,08:00:00
6.42024,6.42024,6.358,6.358,23.06861899,147.00652708,2020-11-17,09:00:00
6.387,6.387,6.358,6.358,3.1471,20.0548266,2020-11-17,10:00:00
6.349,6.41299,6.339,6.339,19.31884423,122.88286892,2020-11-17,11:00:00
6.35,6.363,6.30954,6.35,1137.40910358,7225.05275168,2020-11-17,12:00:00
6.286,6.467,6.265,6.265,883.65271647,5613.4497434,2020-11-17,13:00:00
6.33466,6.335,6.33466,6.335,7.70400077,48.80277638,2020-11-17,14:00:00
6.354,6.4847,6.354,6.42344,49.06689254,314.43749496,2020-11-17,15:00:00
6.398,6.50089,6.39478,6.50089,25.29162643,163.39305289,2020-11-17,16:00:00
6.451,6.47771,6.356,6.356,71.32001401,458.85812572,2020-11-17,17:00:00
6.33782,6.405,6.30954,6.338,62.0278175,394.06389211,2020-11-17,18:00:00
6.33782,6.392,6.314,6.392,130.15171921,826.25739825,2020-11-17,19:00:00
6.392,6.392,6.392,6.392,0.0,0.0,2020-11-17,20:00:00
6.378,6.405,6.378,6.405,25.77239557,165.02743842,2020-11-17,21:00:00
6.405,6.50697,6.39478,6.50697,1128.45343699,7308.34681442,2020-11-17,22:00:00
6.519,6.62,6.519,6.62,285.63090079,1878.70534004,2020-11-17,23:00:00
6.62,6.62444,6.593,6.593,87.23603932,575.65983926,2020-11-18,00:00:00
6.571,6.571,6.569,6.569,17.2483,113.3072947,2020-11-18,01:00:00
6.633,6.66053,6.633,6.66053,46.68095574,310.8361642,2020-11-18,02:00:00
6.629,6.629,6.586,6.586,9.00290656,59.43225997,2020-11-18,03:00:00
6.6,6.6,6.6,6.6,181.13108924,1195.46518898,2020-11-18,04:00:00
6.65414,6.694,6.28138,6.33466,296.68456448,1900.24919893,2020-11-18,05:00:00
6.33466,6.39158,6.33466,6.39158,104.82037191,665.00873555,2020-11-18,06:00:00
6.33787,6.33787,6.30954,6.335,328.30953414,2078.61958462,2020-11-18,07:00:00
6.335,6.36306,6.315,6.315,270.28178126,1710.3234798,2020-11-18,08:00:00
6.315,6.315,6.199,6.199,210.26922911,1314.03629314,2020-11-18,09:00:00
6.27822,6.33466,6.27822,6.33466,74.16038358,466.35235527,2020-11-18,10:00:00
6.33466,6.33466,6.33466,6.33466,0.0,0.0,2020-11-18,11:00:00
6.33466,6.42023,6.33466,6.42023,34.75993663,222.5657114,2020-11-18,12:00:00
6.41799,6.42,6.348,6.348,390.33313801,2505.77564981,2020-11-18,13:00:00
6.34,6.34205,6.34,6.34205,33.83695552,214.53306232,2020-11-18,14:00:00
6.33808,6.36306,6.22544,6.31424,2021.73619276,12709.97336907,2020-11-18,15:00:00
6.39158,6.392,6.302,6.302,78.23632256,498.46774011,2020-11-18,16:00:00
6.284,6.284,6.282,6.282,16.2500754,102.1123676,2020-11-18,17:00:00
6.282,6.282,6.282,6.282,0.15240033,0.95737887,2020-11-18,18:00:00
6.28138,6.28138,6.257,6.257,194.45966247,1217.88644867,2020-11-18,19:00:00
6.25335,6.25335,6.237,6.237,66.01368526,412.51243105,2020-11-18,20:00:00
6.238,6.238,6.238,6.238,19.01901527,118.64061725,2020-11-18,21:00:00
6.238,6.238,6.238,6.238,0.0,0.0,2020-11-18,22:00:00
6.238,6.238,6.238,6.238,0.0,0.0,2020-11-18,23:00:00
6.238,6.33466,6.238,6.28138,90.54646807,568.17061709,2020-11-19,00:00:00
6.33466,6.33466,6.33466,6.33466,2.90971059,18.43202728,2020-11-19,01:00:00
6.33466,6.33466,6.282,6.282,19.97516011,125.55952235,2020-11-19,02:00:00
6.264,6.264,6.264,6.264,2.89870726,18.15750227,2020-11-19,03:00:00
6.28466,6.28466,6.28466,6.28466,2.18739424,13.74702908,2020-11-19,04:00:00
6.285,6.33466,6.285,6.33466,168.82360127,1068.74487585,2020-11-19,05:00:00
6.283,6.283,6.25335,6.25335,54.90661655,344.75469857,2020-11-19,06:00:00
6.237,6.237,6.228,6.228,79.06141217,493.09061699,2020-11-19,07:00:00
6.22544,6.22544,6.15,6.15,492.05939687,3043.93810197,2020-11-19,08:00:00
6.15,6.15,6.15,6.15,0.0,0.0,2020-11-19,09:00:00
6.067,6.067,6.067,6.067,1.7354,10.5286718,2020-11-19,10:00:00
6.116,6.116,6.116,6.116,3.19351921,19.53156348,2020-11-19,11:00:00
6.116,6.212,6.116,6.211,12.23218848,75.14041284,2020-11-19,12:00:00
6.22233,6.30596,6.22233,6.227,109.58383065,689.56731626,2020-11-19,13:00:00
6.22701,6.22701,6.22701,6.22701,3.5,21.794535,2020-11-19,14:00:00
6.30508,6.30508,6.30508,6.30508,5.05255373,31.85675547,2020-11-19,15:00:00
6.22544,6.22544,6.213,6.213,7.13846804,44.42766447,2020-11-19,16:00:00
6.212,6.212,6.198,6.198,10.87985695,67.46506393,2020-11-19,17:00:00
6.20202,6.238,6.20202,6.238,3.8375,23.862767,2020-11-19,18:00:00
6.199,6.199,6.199,6.199,9.42442593,58.42201634,2020-11-19,19:00:00
6.199,6.199,6.199,6.199,0.0,0.0,2020-11-19,20:00:00
6.199,6.199,6.199,6.199,0.0,0.0,2020-11-19,21:00:00
6.199,6.199,6.199,6.199,0.0,0.0,2020-11-19,22:00:00
6.208,6.208,6.171,6.171,115.92249808,717.8452792,2020-11-19,23:00:00
6.171,6.171,6.171,6.171,0.0,0.0,2020-11-20,00:00:00
6.244,6.25022,6.244,6.25022,7.89209267,49.3165791,2020-11-20,01:00:00
6.27699,6.27699,6.27699,6.27699,33.4423,209.91698267,2020-11-20,02:00:00
6.27697,6.27699,6.226,6.27699,55.02560949,345.13576408,2020-11-20,03:00:00
6.27699,6.33466,6.27699,6.33466,203.3323282,1280.59316024,2020-11-20,04:00:00
6.33464,6.33464,6.33464,6.33464,42.81621998,271.22533973,2020-11-20,05:00:00
6.29,6.304,6.29,6.304,9.11532365,57.35955115,2020-11-20,06:00:00
6.36,6.36306,6.36,6.36306,80.05434381,509.38529941,2020-11-20,07:00:00
6.31027,6.31027,6.31023,6.31023,200.0,1262.05194686,2020-11-20,08:00:00
6.31023,6.31023,6.31023,6.31023,0.0,0.0,2020-11-20,09:00:00
6.379,6.3881,6.379,6.3881,20.0,127.74627975,2020-11-20,10:00:00
6.3881,6.3881,6.3881,6.3881,0.0,0.0,2020-11-20,11:00:00
6.386,6.44865,6.386,6.44865,111.92461122,717.46032831,2020-11-20,12:00:00
6.445,6.44902,6.445,6.44902,8.62661543,55.62445762,2020-11-20,13:00:00
6.47792,6.499,6.459,6.459,81.52251814,527.87260395,2020-11-20,14:00:00
6.398,6.398,6.371,6.371,8.30448897,52.95487382,2020-11-20,15:00:00
6.42602,6.42602,6.426,6.426,400.0,2570.4021874,2020-11-20,16:00:00
6.426,6.426,6.426,6.426,0.0,0.0,2020-11-20,17:00:00
6.42344,6.42344,6.338,6.338,24.1360732,154.17321412,2020-11-20,18:00:00
6.352,6.352,6.352,6.352,1.7612,11.1871424,2020-11-20,19:00:00
6.33782,6.33782,6.30954,6.30954,13.84747114,87.56363534,2020-11-20,20:00:00
6.29,6.29,6.238,6.238,25.31431679,158.63287761,2020-11-20,21:00:00
6.238,6.238,6.236,6.236,73.15586562,456.27582473,2020-11-20,22:00:00
6.237,6.237,6.237,6.237,30.69089119,191.41908835,2020-11-20,23:00:00
6.238,6.30548,6.238,6.281,86.5239792,545.28984581,2020-11-21,00:00:00
6.281,6.281,6.281,6.281,0.0,0.0,2020-11-21,01:00:00
6.30639,6.30639,6.22602,6.22602,26.3955266,165.25504101,2020-11-21,02:00:00
6.22602,6.22602,6.22602,6.22602,0.0,0.0,2020-11-21,03:00:00
6.22544,6.277,6.211,6.277,61.94906804,388.15831103,2020-11-21,04:00:00
6.277,6.277,6.277,6.277,0.0,0.0,2020-11-21,05:00:00
6.276,6.27824,6.275,6.27824,9.72236804,61.02954168,2020-11-21,06:00:00
6.305,6.33466,6.305,6.33466,13.98237155,88.34779253,2020-11-21,07:00:00
6.36306,6.49921,6.361,6.49921,215.48663841,1386.47447096,2020-11-21,08:00:00
6.50697,6.521,6.5,6.5,27.6492973,179.79797225,2020-11-21,09:00:00
6.53613,6.69,6.53613,6.566,823.27585646,5491.30225626,2020-11-21,10:00:00
6.623,6.77426,6.623,6.77426,267.35915875,1790.48811264,2020-11-21,11:00:00
6.752,7.23234,6.752,7.18327,945.60622261,6646.2294524,2020-11-21,12:00:00
7.18327,7.3,7.15302,7.3,214.95042134,1562.00921541,2020-11-21,13:00:00
7.34565,7.48498,7.31288,7.479,195.52854374,1450.61090243,2020-11-21,14:00:00
7.49224,8.0,7.49224,7.78138,1357.07692117,10631.80567397,2020-11-21,15:00:00
7.943,7.943,7.78602,7.78602,77.64482164,607.71163858,2020-11-21,16:00:00
7.88644,8.25413,7.88644,8.15,639.54264669,5182.40161954,2020-11-21,17:00:00
8.09291,8.51823,8.09291,8.39998,1179.65498291,9849.94273167,2020-11-21,18:00:00
8.47123,8.55,8.28807,8.35837,195.16532826,1643.35121176,2020-11-21,19:00:00
8.253,8.39583,8.00001,8.329,163.66114376,1335.37460269,2020-11-21,20:00:00
8.407,9.4,8.407,8.98263,1573.1511949,14020.65324886,2020-11-21,21:00:00
9.05882,9.12635,8.744,8.97819,133.34964749,1189.68596004,2020-11-21,22:00:00
8.918,8.918,8.5,8.58562,1601.18638431,13845.65243611,2020-11-21,23:00:00
8.47543,8.50919,8.114,8.21023,4143.36989917,34469.8506901,2020-11-22,00:00:00
8.17,8.21,7.73784,7.78104,173.35429552,1402.39403254,2020-11-22,01:00:00
7.959,7.959,7.84496,7.84496,9.402,73.918198,2020-11-22,02:00:00
8.09,8.174,8.09,8.174,40.07973661,324.75388102,2020-11-22,03:00:00
8.17,8.17,8.072,8.072,61.79301554,504.03622814,2020-11-22,04:00:00
7.96206,8.11001,7.96206,8.11,29.47871874,238.80268242,2020-11-22,05:00:00
8.1736,8.32109,8.098,8.19686,504.44240402,4128.80110482,2020-11-22,06:00:00
8.14201,8.49999,8.14201,8.49999,87.17084949,724.34068948,2020-11-22,07:00:00
8.49999,8.81906,8.327,8.33208,414.3896751,3476.73728091,2020-11-22,08:00:00
8.32521,8.32521,8.21429,8.299,177.54958953,1466.0559719,2020-11-22,09:00:00
8.299,8.299,8.10485,8.10485,40.34334308,330.68796547,2020-11-22,10:00:00
8.059,8.059,7.74,7.74,412.74619322,3239.42467849,2020-11-22,11:00:00
7.8279,7.89,7.8279,7.89,26.17326348,205.60642755,2020-11-22,12:00:00
7.9,7.93799,7.9,7.93799,151.91179882,1201.79575887,2020-11-22,13:00:00
7.9,7.93799,7.889,7.93799,83.36213214,660.81965179,2020-11-22,14:00:00
8.16171,8.16172,8.16171,8.16172,46.07580174,376.05775963,2020-11-22,15:00:00
8.165,8.227,8.165,8.227,24.43478772,199.99413515,2020-11-22,16:00:00
8.221,8.235,8.2,8.235,13.34144965,109.4653072,2020-11-22,17:00:00
8.245,8.97819,8.21902,8.97819,673.23810375,5751.32636436,2020-11-22,18:00:00
8.978,9.16566,8.58988,8.98263,572.39482401,5179.88739341,2020-11-22,19:00:00
9.09942,9.1,9.02288,9.02288,6.53815456,59.17044314,2020-11-22,20:00:00
8.98263,8.991,8.945,8.945,15.68644957,140.68736432,2020-11-22,21:00:00
9.05882,9.16566,9.051,9.051,46.36327954,423.53593715,2020-11-22,22:00:00
9.139,9.25939,8.94256,9.14011,271.03611577,2484.87525353,2020-11-22,23:00:00
9.02288,9.02288,8.82342,8.82603,282.22493923,2515.09539326,2020-11-23,00:00:00
8.82702,8.93812,8.82702,8.83109,34.39827258,303.96303838,2020-11-23,01:00:00
8.88,8.88,8.88,8.88,5.14276559,45.66775843,2020-11-23,02:00:00
8.873,9.0,8.74488,8.89826,453.80958255,4031.45981437,2020-11-23,03:00:00
8.93814,8.98,8.937,8.97919,88.02244716,789.38781156,2020-11-23,04:00:00
8.938,9.4,8.938,9.27202,243.98582326,2278.59392397,2020-11-23,05:00:00
9.45827,11.12002,9.45827,10.606,2682.86581173,27187.73987006,2020-11-23,06:00:00
10.87279,11.43749,10.677,11.43749,127.24426639,1419.66426856,2020-11-23,07:00:00
11.435,12.72734,11.02404,12.022,1658.7609247,19437.09309247,2020-11-23,08:00:00
12.3,12.82398,11.5,11.667,428.80084486,5046.03656787,2020-11-23,09:00:00
11.41302,11.997,10.00001,11.65507,901.00323218,10163.08029293,2020-11-23,10:00:00
11.85851,11.85851,10.7,10.7,61.95158197,696.0363959,2020-11-23,11:00:00
10.703,11.00001,10.51306,10.945,131.12392601,1438.80950375,2020-11-23,12:00:00
10.77602,10.77602,10.60503,10.77,74.32572037,800.25123694,2020-11-23,13:00:00
10.95,11.11,10.57514,11.11,101.52271005,1112.79744245,2020-11-23,14:00:00
11.109,11.42299,11.105,11.12003,456.67810108,5110.43265046,2020-11-23,15:00:00
11.275,12.97815,11.09504,12.402,4982.44166864,59992.16341796,2020-11-23,16:00:00
12.089,12.48123,11.764,12.48123,288.00981065,3520.69811543,2020-11-23,17:00:00
12.19502,13.0,12.19502,12.83505,1597.71148442,20110.40268635,2020-11-23,18:00:00
12.451,12.661,12.258,12.258,97.28484998,1221.26998441,2020-11-23,19:00:00
12.514,12.83505,12.00001,12.02675,65.58684777,811.02611334,2020-11-23,20:00:00
12.00001,13.0,11.23253,12.027,2649.09308245,32098.45594872,2020-11-23,21:00:00
11.776,11.815,11.28427,11.40602,103.02714151,1189.0241785,2020-11-23,22:00:00
11.47,11.80995,11.00002,11.00003,716.70866906,8155.07966207,2020-11-23,23:00:00
11.7,11.80996,10.503,10.79997,608.09797955,6815.49953168,2020-11-24,00:00:00
10.77997,11.546,10.77997,10.947,763.56238163,8292.7713704,2020-11-24,01:00:00
10.865,11.17399,10.50809,10.9401,356.24783584,3842.63487102,2020-11-24,02:00:00
11.148,11.81,11.148,11.809,109.71230197,1272.705145,2020-11-24,03:00:00
11.99999,12.60999,11.69301,12.60999,223.50293183,2686.57238559,2020-11-24,04:00:00
12.51085,12.531,12.053,12.397,152.38760216,1889.82302962,2020-11-24,05:00:00
12.162,12.162,11.77303,11.783,11.92277793,140.82201296,2020-11-24,06:00:00
12.11598,13.2,12.11297,13.2,752.11673119,9615.55702028,2020-11-24,07:00:00
12.38412,12.916,12.38305,12.543,316.66785347,3939.92444707,2020-11-24,08:00:00
13.03,13.03,11.78602,12.5,614.91816226,7984.59946199,2020-11-24,09:00:00
12.632,12.67397,11.97451,11.97451,367.06498463,4501.95195132,2020-11-24,10:00:00
12.00303,13.06996,12.00303,13.06996,190.67422043,2402.82519404,2020-11-24,11:00:00
12.422,12.422,11.9931,12.00001,105.04983459,1268.67155819,2020-11-24,12:00:00
12.00001,12.302,11.28061,12.25795,2029.66840749,23876.43472787,2020-11-24,13:00:00
11.83207,12.228,11.83207,12.228,12.70793691,150.74255885,2020-11-24,14:00:00
11.966,12.24984,11.52,12.23956,132.52116959,1600.94295045,2020-11-24,15:00:00
12.23957,12.23957,11.86647,12.17169,138.82404912,1654.66348492,2020-11-24,16:00:00
11.89,11.89,11.86647,11.86647,34.58400009,410.40743701,2020-11-24,17:00:00
11.83002,12.16851,11.83,11.833,112.57153929,1333.76865535,2020-11-24,18:00:00
11.87017,12.083,11.87016,12.083,97.64035598,1159.31883007,2020-11-24,19:00:00
11.913,12.035,11.64604,12.035,119.31734904,1415.71169786,2020-11-24,20:00:00
11.541,11.762,11.455,11.52,85.47532446,984.89837195,2020-11-24,21:00:00
11.51999,11.861,11.506,11.54206,163.693407,1893.63602149,2020-11-24,22:00:00
11.60002,11.60002,11.54,11.54,57.79764866,667.85208699,2020-11-24,23:00:00
11.40768,11.88195,11.296,11.728,344.07402927,3943.4336485,2020-11-25,00:00:00
11.728,11.98533,11.728,11.98533,280.78730858,3319.88384017,2020-11-25,01:00:00
11.98533,11.98533,11.60209,11.83555,361.6995201,4253.02289758,2020-11-25,02:00:00
11.83555,11.98111,11.33666,11.60504,423.63523998,4991.38681251,2020-11-25,03:00:00
11.98105,12.53876,11.98105,12.53876,1874.26597768,22964.76566302,2020-11-25,04:00:00
12.53876,13.228,12.53876,13.228,1563.97490323,20068.39515191,2020-11-25,05:00:00
13.228,13.8,13.09401,13.18457,767.10644402,10352.00072969,2020-11-25,06:00:00
13.193,14.1,13.193,14.09858,1500.11139829,20665.46574514,2020-11-25,07:00:00
14.09849,14.29678,13.98,14.29678,484.28840067,6876.48145919,2020-11-25,08:00:00
14.361,14.44441,14.057,14.057,254.83833571,3663.14404331,2020-11-25,09:00:00
14.43668,14.44441,13.76559,14.44441,2060.91038427,29562.00622331,2020-11-25,10:00:00
14.4444,15.0,14.3,15.0,1385.26309315,20104.92585828,2020-11-25,11:00:00
15.0,15.44995,14.29204,14.35114,2058.72112353,30934.34113887,2020-11-25,12:00:00
14.514,14.8611,13.89876,14.31901,551.83941682,7975.02324745,2020-11-25,13:00:00
14.28722,14.686,14.28102,14.488,282.8122119,4108.27474537,2020-11-25,14:00:00
14.297,14.84065,14.28838,14.28838,85.66136479,1229.60423848,2020-11-25,15:00:00
14.28838,14.56999,14.00001,14.46651,189.67979222,2724.54404645,2020-11-25,16:00:00
14.463,15.62232,14.463,15.30068,1386.37709908,20939.11602993,2020-11-25,17:00:00
15.62232,15.8,14.465,14.468,1074.54021176,16815.04156613,2020-11-25,18:00:00
14.47909,14.89991,13.89,13.89,1607.96854853,22925.81041168,2020-11-25,19:00:00
13.89,13.89,11.655,12.68314,507.87917096,6668.63603589,2020-11-25,20:00:00
12.86604,13.3,11.054,12.7,1041.98610765,13452.96975339,2020-11-25,21:00:00
12.68893,13.14913,12.49999,12.99999,337.07716603,4347.56418915,2020-11-25,22:00:00
12.557,12.799,12.13159,12.799,171.58356069,2157.52514446,2020-11-25,23:00:00
12.99999,13.61,12.99999,13.487,379.06403552,4996.13569467,2020-11-26,00:00:00
13.33,14.0,13.325,13.99911,180.83503806,2469.03012793,2020-11-26,01:00:00
13.24705,13.38997,13.00001,13.38997,176.44587523,2310.93336758,2020-11-26,02:00:00
12.84689,12.84689,11.04575,11.895,385.96679405,4628.59891203,2020-11-26,03:00:00
12.293,12.87386,11.77,11.77,342.82152254,4172.01605839,2020-11-26,04:00:00
11.59811,12.435,11.59511,12.435,29.20766102,346.95999273,2020-11-26,05:00:00
12.70797,12.712,12.47001,12.47001,107.52081334,1365.75023755,2020-11-26,06:00:00
12.53202,12.99992,12.1,12.1,211.82736262,2643.25650645,2020-11-26,07:00:00
12.27186,13.3,12.022,12.05102,922.34632794,11700.76633147,2020-11-26,08:00:00
12.8,13.49999,12.68817,13.49999,438.45946097,5640.58691545,2020-11-26,09:00:00
13.24603,13.24603,12.993,12.993,232.1416471,3041.68498465,2020-11-26,10:00:00
13.438,13.94183,12.981,12.982,473.45447698,6149.65063473,2020-11-26,11:00:00
12.98907,12.98907,12.982,12.982,92.05714426,1195.10238073,2020-11-26,12:00:00
13.425,13.44995,12.95002,12.951,18.96083679,251.45559474,2020-11-26,13:00:00
12.604,12.604,12.217,12.35,273.97849339,3413.12779935,2020-11-26,14:00:00
12.65,12.728,12.65,12.728,181.45861685,2295.51541633,2020-11-26,15:00:00
12.509,12.85409,12.00001,12.00001,89.81688624,1118.25991862,2020-11-26,16:00:00
11.75,11.75,11.05201,11.533,580.25163501,6726.34013717,2020-11-26,17:00:00
11.533,11.533,11.533,11.533,0.0,0.0,2020-11-26,18:00:00
11.51796,11.519,10.92,10.96926,312.23781164,3476.11362159,2020-11-26,19:00:00
11.2588,11.976,11.25862,11.976,242.0904003,2756.11607167,2020-11-26,20:00:00
11.558,11.558,11.558,11.558,0.8794,10.1641052,2020-11-26,21:00:00
11.255,11.34,11.08,11.34,122.30643893,1375.35423832,2020-11-26,22:00:00
11.599,11.83,11.49,11.49,26.7009147,314.94578873,2020-11-26,23:00:00
11.66977,12.5,11.66977,12.5,70.29168842,845.2038693,2020-11-27,00:00:00
12.99999,12.99999,12.406,12.406,21.3889892,269.87430075,2020-11-27,01:00:00
12.418,12.418,11.745,11.745,204.65222522,2404.99194655,2020-11-27,02:00:00
12.2767,12.2767,11.941,11.941,32.52921281,399.07952407,2020-11-27,03:00:00
12.27966,12.58262,12.27966,12.5821,11.0159847,138.05165811,2020-11-27,04:00:00
12.61896,12.87799,12.61896,12.87799,15.25941125,195.54720834,2020-11-27,05:00:00
12.9747,13.658,12.562,12.562,55.75700983,735.36727133,2020-11-27,06:00:00
12.526,12.526,12.02618,12.02618,27.111901,327.20743842,2020-11-27,07:00:00
12.0,12.0,11.51803,11.51803,41.4344397,478.73043735,2020-11-27,08:00:00
12.142,12.142,12.142,12.142,0.8561,10.3947662,2020-11-27,09:00:00
11.77418,12.28745,11.732,11.78107,57.29130763,679.2548695,2020-11-27,10:00:00
11.895,11.895,11.895,11.895,0.8497,10.1071815,2020-11-27,11:00:00
12.22091,12.22091,12.00001,12.003,81.34369596,976.90860684,2020-11-27,12:00:00
12.1,12.155,11.69822,11.69822,24.25461816,285.95573559,2020-11-27,13:00:00
11.50001,11.50001,11.50001,11.50001,0.99509566,11.44361004,2020-11-27,14:00:00
11.6,11.6,11.50001,11.50001,6.35342889,73.4201168,2020-11-27,15:00:00
11.50001,11.50001,11.50001,11.50001,0.0,0.0,2020-11-27,16:00:00
11.55498,11.6,11.09255,11.352,9.81287976,112.04104767,2020-11-27,17:00:00
11.26,11.27,11.26,11.27,7.0179876,79.04272025,2020-11-27,18:00:00
11.27,11.27,11.27,11.27,0.0,0.0,2020-11-27,19:00:00
11.69797,11.69798,11.684,11.684,79.62696963,931.45099332,2020-11-27,20:00:00
11.684,11.684,11.684,11.684,0.0,0.0,2020-11-27,21:00:00
11.63201,11.63801,11.63201,11.63801,15.801623,183.8156352,2020-11-27,22:00:00
11.63701,11.63701,11.63701,11.63701,16.80297182,195.53635109,2020-11-27,23:00:00
12.167,12.167,12.167,12.167,0.655,7.969385,2020-11-28,00:00:00
12.166,12.166,11.918,11.97,18.39260056,221.08911469,2020-11-28,01:00:00
11.948,11.948,11.948,11.948,0.8557,10.2239036,2020-11-28,02:00:00
11.779,11.779,11.779,11.779,0.8565,10.0887135,2020-11-28,03:00:00
11.828,11.828,11.828,11.828,20.0,236.55999999,2020-11-28,04:00:00
11.8421,11.8421,11.84111,11.84111,6.15519903,72.88668777,2020-11-28,05:00:00
11.84111,11.84111,11.84111,11.84111,0.0,0.0,2020-11-28,06:00:00
11.84111,11.84111,11.84111,11.84111,0.0,0.0,2020-11-28,07:00:00
11.84111,11.84111,11.84111,11.84111,0.0,0.0,2020-11-28,08:00:00
11.84111,11.84111,11.84111,11.84111,0.0,0.0,2020-11-28,09:00:00
12.49998,12.81,12.49998,12.81,52.67163583,672.31696037,2020-11-28,10:00:00
12.45401,12.89474,12.45401,12.89474,4.6925778,60.05870763,2020-11-28,11:00:00
12.99,14.16808,12.99,14.16808,293.58647673,4074.6929067,2020-11-28,12:00:00
13.829,15.02499,13.829,14.63907,766.66234622,11251.47232312,2020-11-28,13:00:00
15.02296,15.0904,14.994,15.07095,30.43579615,457.70912875,2020-11-28,14:00:00
14.71101,15.33853,14.71101,15.33853,60.24881271,909.92056781,2020-11-28,15:00:00
15.33856,15.46796,14.85187,14.9,878.31319685,13419.22401259,2020-11-28,16:00:00
14.9,14.9,14.66,14.66,96.41073506,1417.89517245,2020-11-28,17:00:00
14.66,15.5,14.66,15.5,335.20514518,5089.08936165,2020-11-28,18:00:00
15.5,15.5,15.151,15.4151,81.84844912,1257.91372656,2020-11-28,19:00:00
15.45,15.45,14.50002,14.812,363.2725012,5549.65536621,2020-11-28,20:00:00
14.62702,14.62702,14.626,14.626,13.89393974,203.21341937,2020-11-28,21:00:00
14.742,14.742,14.68245,14.68245,105.75010174,1558.7735719,2020-11-28,22:00:00
14.68245,14.68245,14.68245,14.68245,8.43152345,123.79542147,2020-11-28,23:00:00
14.8,14.8,14.50001,14.50001,12.83343626,189.06770702,2020-11-29,00:00:00
14.32802,14.32802,14.01903,14.01903,53.31701518,750.4113989,2020-11-29,01:00:00
14.08404,14.5,14.08404,14.49998,181.04089301,2604.29386846,2020-11-29,02:00:00
14.49999,15.4,14.49998,15.4,381.21536467,5559.76987383,2020-11-29,03:00:00
15.15,15.15,14.856,14.856,1.4332,21.5003298,2020-11-29,04:00:00
14.598,14.598,14.45708,14.45708,39.77221573,575.43384006,2020-11-29,05:00:00
14.456,14.456,14.456,14.456,0.7334,10.6020304,2020-11-29,06:00:00
14.622,14.973,14.622,14.65,21.4595,314.5945469,2020-11-29,07:00:00
14.77306,14.9,14.77306,14.9,4.32961517,64.31202915,2020-11-29,08:00:00
14.824,14.824,14.824,14.824,0.7287,10.8022488,2020-11-29,09:00:00
14.948,15.11,14.948,15.11,108.34831769,1631.21446065,2020-11-29,10:00:00
15.11207,15.244,15.1,15.1,4.58693707,69.39899195,2020-11-29,11:00:00
15.294,15.294,15.065,15.065,83.89498751,1266.99648898,2020-11-29,12:00:00
15.065,15.065,15.065,15.065,0.0,0.0,2020-11-29,13:00:00
14.91999,14.92,14.919,14.92,125.40623173,1871.0602304,2020-11-29,14:00:00
14.88005,14.88005,14.88005,14.88005,57.3,852.626865,2020-11-29,15:00:00
14.86,14.86,14.14327,14.14327,2.43349219,35.32152589,2020-11-29,16:00:00
14.64379,14.64379,14.51399,14.51399,17.49531874,254.23580522,2020-11-29,17:00:00
14.28917,14.28917,14.243,14.243,1.85085798,26.41239829,2020-11-29,18:00:00
14.1474,14.1474,14.0,14.0,5.96424493,83.75098772,2020-11-29,19:00:00
13.73252,13.931,13.582,13.89498,14.62117997,201.20499824,2020-11-29,20:00:00
13.89498,13.89498,13.89498,13.89498,0.0,0.0,2020-11-29,21:00:00
13.722,13.96199,13.638,13.95899,29.56107152,409.98544399,2020-11-29,22:00:00
13.95899,13.95899,13.95899,13.95899,0.0,0.0,2020-11-29,23:00:00
14.23681,14.455,14.23681,14.455,46.51269443,667.59502067,2020-11-30,00:00:00
14.523,14.523,14.3986,14.3986,244.280362,3528.82492119,2020-11-30,01:00:00
14.693,14.7047,14.693,14.7047,2.95820291,43.49056625,2020-11-30,02:00:00
14.7047,14.7047,14.7047,14.7047,0.0,0.0,2020-11-30,03:00:00
14.654,14.654,14.153,14.153,2.2926,33.1400083,2020-11-30,04:00:00
13.87302,14.25299,13.873,13.975,161.52055159,2244.75029004,2020-11-30,05:00:00
13.975,13.975,13.975,13.975,0.0,0.0,2020-11-30,06:00:00
14.189,14.189,14.189,14.189,0.8006,11.3597134,2020-11-30,07:00:00
13.994,13.994,13.991,13.991,11.47683239,160.60442396,2020-11-30,08:00:00
13.88602,13.88602,13.824,13.824,49.05518102,680.89193125,2020-11-30,09:00:00
13.824,13.824,13.824,13.824,0.0,0.0,2020-11-30,10:00:00
13.771,13.771,13.771,13.771,1.06875858,14.7178744,2020-11-30,11:00:00
14.153,14.153,14.153,14.153,0.7917,11.2049301,2020-11-30,12:00:00
13.986,14.093,13.9747,14.0869,24.02551175,338.276565,2020-11-30,13:00:00
14.087,14.5,14.05152,14.315,668.30676062,9604.67715787,2020-11-30,14:00:00
14.273,14.99999,14.273,14.99999,77.68731197,1157.02061024,2020-11-30,15:00:00
14.499,15.4,11.0,14.68961,1682.1319696,24460.44960064,2020-11-30,16:00:00
14.99877,14.99877,14.87456,14.87456,54.47968375,810.56449353,2020-11-30,17:00:00
14.87456,15.00179,14.84805,14.84805,101.74360004,1514.26596688,2020-11-30,18:00:00
14.88,14.88,14.88,14.88,25.0,372.0,2020-11-30,19:00:00
14.809,14.809,14.60551,14.60551,19.47095598,284.54241048,2020-11-30,20:00:00
15.0497,15.05,15.0497,15.05,4.20198621,63.23886601,2020-11-30,21:00:00
14.884,15.0,14.868,15.0,6.13525428,91.860881,2020-11-30,22:00:00
15.0,15.0,15.0,15.0,0.0,0.0,2020-11-30,23:00:00
15.257,15.263,15.257,15.263,3.56538748,54.4138531,2020-12-01,00:00:00
15.391,16.18064,15.391,16.18064,1990.95545957,31217.7336899,2020-12-01,01:00:00
16.18064,16.8,16.077,16.41988,177.55719072,2906.27385321,2020-12-01,02:00:00
16.074,16.074,15.87902,15.87902,214.38426449,3423.91739665,2020-12-01,03:00:00
15.879,16.0,15.814,15.835,712.74095152,11294.22004671,2020-12-01,04:00:00
15.818,16.25,15.818,16.25,165.92946383,2678.63858392,2020-12-01,05:00:00
16.26605,16.34,16.2507,16.2507,58.51894199,952.27756847,2020-12-01,06:00:00
16.15,16.27,15.894,16.17522,32.3867021,525.84259039,2020-12-01,07:00:00
15.80915,15.81205,15.80812,15.81205,121.71246949,1924.15285509,2020-12-01,08:00:00
15.81205,15.81205,15.81205,15.81205,0.0,0.0,2020-12-01,09:00:00
15.86603,15.86603,15.86603,15.86603,12.38654208,196.52524823,2020-12-01,10:00:00
15.802,15.802,14.96071,15.26,126.70302321,1920.98539049,2020-12-01,11:00:00
15.10014,15.10014,13.50002,14.185,274.17997592,3915.24333699,2020-12-01,12:00:00
14.093,14.53998,14.0,14.53998,131.17137846,1895.09754452,2020-12-01,13:00:00
14.229,14.548,14.1474,14.548,75.13552953,1075.3812364,2020-12-01,14:00:00
14.20304,14.72497,14.20304,14.33106,54.21785264,782.67155219,2020-12-01,15:00:00
14.2741,14.2741,13.943,14.147,188.20665747,2684.95887206,2020-12-01,16:00:00
13.67603,14.18955,13.67602,14.13796,82.54838342,1144.7802039,2020-12-01,17:00:00
13.98875,13.98875,13.836,13.836,1.82343063,25.38317672,2020-12-01,18:00:00
13.969,14.0,13.969,14.0,1.97355197,27.60441918,2020-12-01,19:00:00
14.2137,14.2137,14.2137,14.2137,2.83206013,40.25405306,2020-12-01,20:00:00
14.2137,14.2137,14.2137,14.2137,0.0,0.0,2020-12-01,21:00:00
14.2137,14.2137,14.2137,14.2137,0.0,0.0,2020-12-01,22:00:00
13.92,14.2079,13.66509,13.81107,40.50623754,562.50684931,2020-12-01,23:00:00
13.81107,13.81107,13.2,13.61093,76.99736468,1027.31491488,2020-12-02,00:00:00
13.697,13.697,13.697,13.697,0.83,11.36851,2020-12-02,01:00:00
14.01756,14.01758,14.01756,14.01758,4.00543915,56.14648665,2020-12-02,02:00:00
14.01758,14.01758,14.01758,14.01758,0.0,0.0,2020-12-02,03:00:00
13.61319,13.61319,13.602,13.602,81.86675954,1114.4585597,2020-12-02,04:00:00
13.602,13.602,13.602,13.602,0.0,0.0,2020-12-02,05:00:00
13.713,14.085,13.713,14.085,132.81531633,1839.56916234,2020-12-02,06:00:00
14.085,14.085,14.085,14.085,0.0,0.0,2020-12-02,07:00:00
14.08615,14.08615,14.08,14.08,20.7995,292.97996,2020-12-02,08:00:00
14.383,14.383,14.149,14.149,1.6156,23.0485942,2020-12-02,09:00:00
14.216,14.5,14.216,14.5,14.17603296,205.30004895,2020-12-02,10:00:00
14.336,14.336,14.336,14.336,0.7961,11.4128896,2020-12-02,11:00:00
14.32994,14.33191,14.32992,14.33191,83.39370656,1195.10532208,2020-12-02,12:00:00
14.50194,14.50194,14.50194,14.50194,16.092442,233.37162833,2020-12-02,13:00:00
14.50194,14.50194,14.50194,14.50194,0.0,0.0,2020-12-02,14:00:00
13.904,14.02868,13.5481,13.749,101.35285168,1398.26116837,2020-12-02,15:00:00
13.50001,13.50001,13.50001,13.50001,2.5,33.750025,2020-12-02,16:00:00
13.50001,13.50001,13.50001,13.50001,0.0,0.0,2020-12-02,17:00:00
13.54704,13.54704,13.54011,13.54011,34.04781677,461.19161454,2020-12-02,18:00:00
13.54011,13.54011,13.54011,13.54011,0.0,0.0,2020-12-02,19:00:00
13.54011,13.54011,13.54011,13.54011,0.0,0.0,2020-12-02,20:00:00
13.81199,13.812,13.536,13.55011,610.73403959,8288.89799644,2020-12-02,21:00:00
13.518,13.518,13.518,13.518,83.98584481,1135.32065012,2020-12-02,22:00:00
14.07186,14.07186,14.07186,14.07186,6.0,84.43116,2020-12-02,23:00:00
14.07186,14.07186,14.07186,14.07186,0.0,0.0,2020-12-03,00:00:00
14.07186,14.07186,14.07186,14.07186,0.0,0.0,2020-12-03,01:00:00
13.925,13.925,13.925,13.925,0.823,11.460275,2020-12-03,02:00:00
13.89213,13.89213,13.879,13.879,9.64378551,133.96195802,2020-12-03,03:00:00
13.879,13.879,13.879,13.879,0.0,0.0,2020-12-03,04:00:00
13.583,13.583,13.43002,13.43002,233.03482977,3149.99873259,2020-12-03,05:00:00
13.43002,13.43002,13.43002,13.43002,0.0,0.0,2020-12-03,06:00:00
13.509,13.641,13.509,13.641,5.8417,79.0266297,2020-12-03,07:00:00
13.699,13.699,13.699,13.699,0.8433,11.5523667,2020-12-03,08:00:00
13.83829,13.83829,13.5,13.5,42.54487944,577.21066477,2020-12-03,09:00:00
13.356,13.54,13.356,13.54,189.63487832,2567.49822519,2020-12-03,10:00:00
13.59899,13.59899,13.59899,13.59899,9.0,122.39091,2020-12-03,11:00:00
13.63098,13.661,13.63098,13.661,125.0,1706.95361875,2020-12-03,12:00:00
13.68799,13.68799,13.3872,13.3872,4.86453947,65.836165,2020-12-03,13:00:00
13.3872,13.3872,13.3872,13.3872,0.0,0.0,2020-12-03,14:00:00
13.83829,14.0,13.83829,14.0,145.06310292,2014.45205815,2020-12-03,15:00:00
13.83131,13.83131,13.3872,13.7777,1456.43775229,19909.42115226,2020-12-03,16:00:00
13.91416,13.915,13.91199,13.91199,150.0,2087.09776455,2020-12-03,17:00:00
13.91199,13.912,13.91199,13.912,466.1821853,6485.52190841,2020-12-03,18:00:00
13.8411,14.04976,13.835,13.835,52.27957499,734.03404804,2020-12-03,19:00:00
13.835,13.835,13.835,13.835,0.0,0.0,2020-12-03,20:00:00
13.96496,13.96497,13.96496,13.96497,10.0,139.64962641,2020-12-03,21:00:00
13.96497,13.96497,13.96497,13.96497,0.0,0.0,2020-12-03,22:00:00
14.0697,14.06972,13.852,13.852,104.08575321,1449.0406584,2020-12-03,23:00:00
13.98588,13.98588,13.98588,13.98588,3.0,41.95764,2020-12-04,00:00:00
13.98588,13.98588,13.98588,13.98588,133.15887899,1862.34410248,2020-12-04,01:00:00
13.98588,13.98588,13.57,13.57,150.26464235,2088.24451166,2020-12-04,02:00:00
13.5559,13.5559,13.46977,13.46977,502.30974636,6766.74622954,2020-12-04,03:00:00
13.5917,13.5917,13.5917,13.5917,28.62734236,389.09424915,2020-12-04,04:00:00
13.5917,13.5917,13.5917,13.5917,0.0,0.0,2020-12-04,05:00:00
13.651,13.651,13.651,13.651,0.8526,11.6388426,2020-12-04,06:00:00
13.651,13.651,13.651,13.651,0.0,0.0,2020-12-04,07:00:00
13.73497,13.73874,13.672,13.672,90.13784742,1238.05941193,2020-12-04,08:00:00
13.67516,13.67516,13.638,13.638,142.75572411,1952.17516185,2020-12-04,09:00:00
13.4,13.4,12.77777,12.99181,1447.36632904,18968.48062769,2020-12-04,10:00:00
12.892,13.072,12.70015,12.70015,210.9276579,2698.85821227,2020-12-04,11:00:00
12.66666,13.008,12.58101,12.884,249.97946004,3180.26071405,2020-12-04,12:00:00
12.86,12.86,12.86,12.86,0.8963,11.526418,2020-12-04,13:00:00
12.58801,12.802,12.58801,12.801,2.80891052,35.74229934,2020-12-04,14:00:00
12.664,12.664,12.599,12.599,108.93205809,1374.90698132,2020-12-04,15:00:00
12.55555,12.55555,11.88888,12.27298,1761.87376365,21484.75699112,2020-12-04,16:00:00
12.27298,12.27298,12.27298,12.27298,0.0,0.0,2020-12-04,17:00:00
12.266,12.329,12.266,12.312,31.8597,392.7215737,2020-12-04,18:00:00
12.362,12.362,12.362,12.362,25.89015911,320.05414691,2020-12-04,19:00:00
12.202,12.202,12.202,12.202,0.9295,11.341759,2020-12-04,20:00:00
12.0,12.006,11.66671,11.79278,994.31533286,11680.44052705,2020-12-04,21:00:00
11.667,11.712,11.33333,11.33333,799.88738409,9245.81974855,2020-12-04,22:00:00
11.55,11.67899,11.55,11.641,61.28968991,713.10820277,2020-12-04,23:00:00
11.46802,11.92094,11.33334,11.92094,546.32557764,6259.08318944,2020-12-05,00:00:00
11.632,11.648,11.632,11.648,1.6089,18.7276672,2020-12-05,01:00:00
11.59999,12.22098,11.59999,12.22098,604.71599462,7173.22395714,2020-12-05,02:00:00
12.22098,12.22098,12.22098,12.22098,0.0,0.0,2020-12-05,03:00:00
12.49999,12.49999,12.49999,12.49999,2.5,31.249975,2020-12-05,04:00:00
12.49999,12.68998,12.49999,12.68998,598.5509559,7588.65887519,2020-12-05,05:00:00
12.638,12.638,12.28584,12.28584,10.0,123.1238582,2020-12-05,06:00:00
12.28584,12.28584,12.28584,12.28584,0.0,0.0,2020-12-05,07:00:00
12.77,12.77,12.77,12.77,0.7501,9.578777,2020-12-05,08:00:00
12.895,12.895,12.67134,12.67134,193.04038794,2489.01600778,2020-12-05,09:00:00
12.67134,12.67134,12.67134,12.67134,0.0,0.0,2020-12-05,10:00:00
12.63705,12.638,12.637,12.637,8.61651178,108.88785407,2020-12-05,11:00:00
12.637,12.637,12.637,12.637,0.0,0.0,2020-12-05,12:00:00
12.6049,12.61899,12.601,12.605,12.85547596,162.0580138,2020-12-05,13:00:00
12.605,12.605,12.605,12.605,0.0,0.0,2020-12-05,14:00:00
12.842,12.842,12.842,12.842,0.02589017,0.33248156,2020-12-05,15:00:00
12.842,12.842,12.842,12.842,0.0,0.0,2020-12-05,16:00:00
12.842,12.842,12.842,12.842,0.0,0.0,2020-12-05,17:00:00
12.842,12.842,12.842,12.842,0.0,0.0,2020-12-05,18:00:00
12.609,12.609,12.609,12.609,4.19728689,52.92359039,2020-12-05,19:00:00
12.609,12.609,12.561,12.561,42.22222222,532.34509683,2020-12-05,20:00:00
12.17401,12.17413,12.17401,12.17413,16.17432057,196.90710235,2020-12-05,21:00:00
12.35699,12.357,12.35699,12.357,15.0,185.354947,2020-12-05,22:00:00
12.357,12.357,12.357,12.357,0.0,0.0,2020-12-05,23:00:00
12.357,12.357,12.357,12.357,0.0,0.0,2020-12-06,00:00:00
12.14151,12.14151,12.14151,12.14151,11.2783,136.93559223,2020-12-06,01:00:00
12.46999,12.46999,12.46999,12.46999,22.98660339,286.6427144,2020-12-06,02:00:00
12.46999,12.46999,12.46999,12.46999,0.0,0.0,2020-12-06,03:00:00
12.46999,12.46999,12.46999,12.46999,0.0,0.0,2020-12-06,04:00:00
12.46999,12.46999,12.46999,12.46999,0.0,0.0,2020-12-06,05:00:00
12.224,12.224,12.224,12.224,112.3086665,1372.86113928,2020-12-06,06:00:00
12.224,12.224,12.224,12.224,0.0,0.0,2020-12-06,07:00:00
12.289,12.289,12.289,12.289,0.7768,9.5460952,2020-12-06,08:00:00
12.306,12.306,12.306,12.306,0.7825,9.629445,2020-12-06,09:00:00
12.306,12.306,12.306,12.306,0.0,0.0,2020-12-06,10:00:00
12.306,12.306,12.306,12.306,0.0,0.0,2020-12-06,11:00:00
12.306,12.306,12.306,12.306,0.0,0.0,2020-12-06,12:00:00
12.049,12.049,11.50922,11.775,62.47194336,725.90121637,2020-12-06,13:00:00
11.775,11.775,11.775,11.775,0.0,0.0,2020-12-06,14:00:00
11.775,11.775,11.775,11.775,0.0,0.0,2020-12-06,15:00:00
11.775,11.775,11.775,11.775,0.0,0.0,2020-12-06,16:00:00
11.85535,11.85535,11.85535,11.85535,0.49030932,5.81278859,2020-12-06,17:00:00
11.937,11.937,11.937,11.937,0.8033,9.5889921,2020-12-06,18:00:00
11.937,11.937,11.937,11.937,0.0,0.0,2020-12-06,19:00:00
12.03698,12.03698,12.03698,12.03698,1.8573,22.35628295,2020-12-06,20:00:00
12.03698,12.03698,12.03698,12.03698,454.35373167,5469.04678101,2020-12-06,21:00:00
12.0,12.0,11.959,11.959,21.08980591,253.04491602,2020-12-06,22:00:00
12.086,12.086,12.086,12.086,0.7977,9.6410022,2020-12-06,23:00:00
12.36499,12.36499,12.36499,12.36499,1.66206459,20.55141203,2020-12-07,00:00:00
12.211,12.211,12.12501,12.12501,7.74713032,94.01462242,2020-12-07,01:00:00
12.2,12.217,12.2,12.217,144.83989998,1767.26494047,2020-12-07,02:00:00
12.105,12.105,11.707,11.72,571.68898617,6757.58475502,2020-12-07,03:00:00
11.72,11.72,11.72,11.72,0.0,0.0,2020-12-07,04:00:00
11.88,11.94,11.88,11.88,24.14872665,286.97267409,2020-12-07,05:00:00
11.88,11.88,11.88,11.88,0.0,0.0,2020-12-07,06:00:00
11.88,11.88,11.88,11.88,0.0,0.0,2020-12-07,07:00:00
11.835,11.835,11.835,11.835,0.9783,11.5781805,2020-12-07,08:00:00
11.835,11.835,11.835,11.835,0.0,0.0,2020-12-07,09:00:00
11.835,11.835,11.835,11.835,0.0,0.0,2020-12-07,10:00:00
11.711,11.711,11.711,11.711,0.9844,11.5283084,2020-12-07,11:00:00
11.87999,11.88,11.87999,11.88,21.73040685,258.1572089,2020-12-07,12:00:00
11.88,11.88,11.88,11.88,0.0,0.0,2020-12-07,13:00:00
11.99101,11.99101,11.99101,11.99101,0.78853498,9.45533083,2020-12-07,14:00:00
11.97,11.97,11.97,11.97,0.9496,11.366712,2020-12-07,15:00:00
11.98799,11.988,11.98799,11.988,12.66028448,151.77146026,2020-12-07,16:00:00
11.94724,11.94724,11.94724,11.94724,3.0,35.84172,2020-12-07,17:00:00
11.925,11.925,11.925,11.925,0.9596,11.44323,2020-12-07,18:00:00
11.8597,11.86,11.8597,11.86,126.64719341,1502.0342259,2020-12-07,19:00:00
11.86,11.86,11.86,11.86,12.61593592,149.62500001,2020-12-07,20:00:00
11.73764,11.73764,11.73764,11.73764,23.74980743,278.76668968,2020-12-07,21:00:00
11.816,11.816,11.816,11.816,0.972,11.485152,2020-12-07,22:00:00
11.816,11.816,11.816,11.816,0.0,0.0,2020-12-07,23:00:00
11.925,12.7,11.925,12.7,88.56704342,1091.83151812,2020-12-08,00:00:00
12.68,12.68,12.35225,12.35225,550.28445997,6810.53626328,2020-12-08,01:00:00
12.40977,12.40977,12.40878,12.40878,44.94346055,557.72571425,2020-12-08,02:00:00
12.40878,12.40878,12.40878,12.40878,0.0,0.0,2020-12-08,03:00:00
12.456,12.456,12.12414,12.12414,53.6010689,651.10807642,2020-12-08,04:00:00
12.32611,12.32611,12.32611,12.32611,170.75620568,2104.75977438,2020-12-08,05:00:00
12.32611,12.37399,12.32611,12.37399,3.2451878,40.1128278,2020-12-08,06:00:00
12.25,12.25,12.1,12.1,18.94845636,230.31529126,2020-12-08,07:00:00
12.1,12.1,12.1,12.1,0.0,0.0,2020-12-08,08:00:00
11.65,11.65,11.24,11.24,317.6919849,3599.08222449,2020-12-08,09:00:00
11.30932,11.30932,11.30932,11.30932,89.66344269,1014.03256566,2020-12-08,10:00:00
11.22222,11.22222,11.153,11.153,292.11304347,3269.50433867,2020-12-08,11:00:00
11.15,11.3027,10.88889,10.88889,725.65798551,8006.68273016,2020-12-08,12:00:00
11.1,11.1,10.91865,10.91865,37.05904549,406.82165493,2020-12-08,13:00:00
11.01868,11.06499,10.92822,10.92823,18.62482361,204.16710457,2020-12-08,14:00:00
11.13199,11.13199,11.09299,11.09299,66.77933349,743.03714278,2020-12-08,15:00:00
10.88889,10.88889,10.85714,10.85714,148.36874312,1615.25244327,2020-12-08,16:00:00
10.922,10.94211,10.922,10.94211,66.91776359,732.02043015,2020-12-08,17:00:00
11.12998,11.12998,10.98827,11.08399,755.48791333,8373.83543915,2020-12-08,18:00:00
11.08399,11.16237,11.08399,11.08399,1322.52053158,14659.00098539,2020-12-08,19:00:00
10.95001,10.95001,10.80001,10.80001,271.11172636,2960.11996015,2020-12-08,20:00:00
10.8,10.8,10.71429,10.71701,90.88076186,980.94040371,2020-12-08,21:00:00
10.72019,10.95454,10.5,10.5,604.051297,6414.93862906,2020-12-08,22:00:00
10.44444,10.44444,10.39305,10.39305,245.66016332,2560.99374698,2020-12-08,23:00:00
10.38,10.38,10.28571,10.28571,196.48447091,2028.58075774,2020-12-09,00:00:00
10.28571,10.28571,10.226,10.226,26.50783643,272.12147152,2020-12-09,01:00:00
10.226,10.226,10.226,10.226,0.0,0.0,2020-12-09,02:00:00
10.226,10.226,10.226,10.226,0.0,0.0,2020-12-09,03:00:00
10.56881,10.56881,10.56881,10.56881,0.95862997,10.13157801,2020-12-09,04:00:00
10.56881,10.56881,10.56881,10.56881,0.0,0.0,2020-12-09,05:00:00
10.43601,10.66,10.43601,10.65999,61.57939061,656.20827891,2020-12-09,06:00:00
10.233,10.233,10.22222,10.22222,146.7836841,1501.26908762,2020-12-09,07:00:00
10.22222,10.22222,9.88888,9.94874,1263.22202017,12661.65317976,2020-12-09,08:00:00
10.21499,10.21499,10.21499,10.21499,27.31535597,279.02608807,2020-12-09,09:00:00
10.29897,10.29993,10.29897,10.29993,92.44196357,952.07969363,2020-12-09,10:00:00
10.3,10.3,10.24334,10.24334,54.45622592,560.59348901,2020-12-09,11:00:00
10.49669,10.49696,10.49,10.49,25.23523437,264.86542608,2020-12-09,12:00:00
10.34899,10.349,10.34899,10.349,106.26046466,1099.68849683,2020-12-09,13:00:00
10.49999,10.5,10.49999,10.5,55.22733051,579.88688863,2020-12-09,14:00:00
10.46799,10.468,10.46799,10.468,71.8597411,752.22772902,2020-12-09,15:00:00
10.5,10.5,10.5,10.5,52.8706478,555.1418019,2020-12-09,16:00:00
