Open,High,Low,Close,Volume,Time,Base Value
565.298,565.298,565.298,565.298,0.0,2020-10-09T22:00:00,0.0
565.298,565.298,565.298,565.298,0.0,2020-10-09T23:00:00,0.0
565.298,565.298,565.298,565.298,0.0,2020-10-10T00:00:00,0.0
565.298,565.298,565.298,565.298,0.0,2020-10-10T01:00:00,0.0
565.298,565.298,565.298,565.298,0.0,2020-10-10T02:00:00,0.0
565.298,565.298,565.298,565.298,0.0,2020-10-10T03:00:00,0.0
565.298,565.298,565.298,565.298,0.0,2020-10-10T04:00:00,0.0
565.298,565.298,565.298,565.298,0.0,2020-10-10T05:00:00,0.0
565.298,565.298,565.298,565.298,0.0,2020-10-10T06:00:00,0.0
565.298,565.298,565.298,565.298,0.0,2020-10-10T07:00:00,0.0
565.298,565.298,565.298,565.298,0.0,2020-10-10T08:00:00,0.0
565.298,565.298,565.298,565.298,0.0,2020-10-10T09:00:00,0.0
565.298,565.298,565.298,565.298,0.0,2020-10-10T10:00:00,0.0
565.298,565.298,565.298,565.298,0.0,2020-10-10T11:00:00,0.0
565.298,565.298,565.298,565.298,0.0,2020-10-10T12:00:00,0.0
565.298,565.298,565.298,565.298,0.0,2020-10-10T13:00:00,0.0
565.298,565.298,565.298,565.298,0.0,2020-10-10T14:00:00,0.0
596.27,598.65,596.27,598.65,0.058,2020-10-10T15:00:00,34.65268
598.65,598.65,598.65,598.65,0.0,2020-10-10T16:00:00,0.0
601.024,601.025,601.024,601.025,0.03731914,2020-10-10T17:00:00,22.42972779
601.025,601.025,601.025,601.025,0.0,2020-10-10T18:00:00,0.0
621.845,621.846,621.845,621.846,0.85439316,2020-10-10T19:00:00,531.30020454
621.846,621.846,621.846,621.846,0.0,2020-10-10T20:00:00,0.0
621.846,621.846,621.846,621.846,0.0,2020-10-10T21:00:00,0.0
621.846,621.846,621.846,621.846,0.0,2020-10-10T22:00:00,0.0
621.846,621.846,621.846,621.846,0.0,2020-10-10T23:00:00,0.0
571.797,571.8,571.797,571.8,0.15672784,2020-10-11T00:00:00,89.61677872
571.8,571.8,571.8,571.8,0.0,2020-10-11T01:00:00,0.0
571.8,571.8,571.8,571.8,0.0,2020-10-11T02:00:00,0.0
571.8,571.8,571.8,571.8,0.0,2020-10-11T03:00:00,0.0
571.8,571.8,571.8,571.8,0.0,2020-10-11T04:00:00,0.0
571.8,571.8,571.8,571.8,0.0,2020-10-11T05:00:00,0.0
571.8,571.8,571.8,571.8,0.0,2020-10-11T06:00:00,0.0
571.8,571.8,571.8,571.8,0.0,2020-10-11T07:00:00,0.0
571.8,571.8,571.8,571.8,0.0,2020-10-11T08:00:00,0.0
571.8,571.8,571.8,571.8,0.0,2020-10-11T09:00:00,0.0
571.8,571.8,571.8,571.8,0.0,2020-10-11T10:00:00,0.0
571.8,571.8,571.8,571.8,0.0,2020-10-11T11:00:00,0.0
571.8,571.8,571.8,571.8,0.0,2020-10-11T12:00:00,0.0
571.8,571.8,571.8,571.8,0.0,2020-10-11T13:00:00,0.0
571.8,571.8,571.8,571.8,0.0,2020-10-11T14:00:00,0.0
571.8,571.8,571.8,571.8,0.0,2020-10-11T15:00:00,0.0
571.8,571.8,571.8,571.8,0.0,2020-10-11T16:00:00,0.0
571.8,571.8,571.8,571.8,0.0,2020-10-11T17:00:00,0.0
571.8,571.8,571.8,571.8,0.0,2020-10-11T18:00:00,0.0
571.8,571.8,571.8,571.8,0.0,2020-10-11T19:00:00,0.0
571.8,571.8,571.8,571.8,0.0,2020-10-11T20:00:00,0.0
571.8,571.8,571.8,571.8,0.0,2020-10-11T21:00:00,0.0
589.983,589.983,589.983,589.983,0.02358701,2020-10-11T22:00:00,13.91593492
589.983,589.983,589.983,589.983,0.0,2020-10-11T23:00:00,0.0
589.983,589.983,589.983,589.983,0.0,2020-10-12T00:00:00,0.0
589.983,589.983,589.983,589.983,0.0,2020-10-12T01:00:00,0.0
589.983,589.983,589.983,589.983,0.0,2020-10-12T02:00:00,0.0
589.983,589.983,589.983,589.983,0.0,2020-10-12T03:00:00,0.0
589.983,589.983,589.983,589.983,0.0,2020-10-12T04:00:00,0.0
589.983,589.983,589.983,589.983,0.0,2020-10-12T05:00:00,0.0
589.983,589.983,589.983,589.983,0.0,2020-10-12T06:00:00,0.0
589.983,589.983,589.983,589.983,0.0,2020-10-12T07:00:00,0.0
589.983,589.983,589.983,589.983,0.0,2020-10-12T08:00:00,0.0
589.983,589.983,589.983,589.983,0.0,2020-10-12T09:00:00,0.0
589.983,589.983,589.983,589.983,0.0,2020-10-12T10:00:00,0.0
589.983,589.983,589.983,589.983,0.0,2020-10-12T11:00:00,0.0
589.983,589.983,589.983,589.983,0.0,2020-10-12T12:00:00,0.0
589.983,589.983,589.983,589.983,0.0,2020-10-12T13:00:00,0.0
589.983,589.983,589.983,589.983,0.0,2020-10-12T14:00:00,0.0
589.983,589.983,589.983,589.983,0.0,2020-10-12T15:00:00,0.0
589.983,589.983,589.983,589.983,0.0,2020-10-12T16:00:00,0.0
589.983,589.983,589.983,589.983,0.0,2020-10-12T17:00:00,0.0
589.983,589.983,589.983,589.983,0.0,2020-10-12T18:00:00,0.0
589.983,589.983,589.983,589.983,0.0,2020-10-12T19:00:00,0.0
589.983,589.983,589.983,589.983,0.0,2020-10-12T20:00:00,0.0
589.983,589.983,589.983,589.983,0.0,2020-10-12T21:00:00,0.0
589.983,589.983,589.983,589.983,0.0,2020-10-12T22:00:00,0.0
589.983,589.983,589.983,589.983,0.0,2020-10-12T23:00:00,0.0
589.983,589.983,589.983,589.983,0.0,2020-10-13T00:00:00,0.0
589.983,589.983,589.983,589.983,0.0,2020-10-13T01:00:00,0.0
589.983,589.983,589.983,589.983,0.0,2020-10-13T02:00:00,0.0
589.983,589.983,589.983,589.983,0.0,2020-10-13T03:00:00,0.0
589.983,589.983,589.983,589.983,0.0,2020-10-13T04:00:00,0.0
589.983,589.983,589.983,589.983,0.0,2020-10-13T05:00:00,0.0
589.983,589.983,589.983,589.983,0.0,2020-10-13T06:00:00,0.0
589.983,589.983,589.983,589.983,0.0,2020-10-13T07:00:00,0.0
589.983,589.983,589.983,589.983,0.0,2020-10-13T08:00:00,0.0
589.983,589.983,589.983,589.983,0.0,2020-10-13T09:00:00,0.0
571.663,571.665,571.663,571.665,0.06347793,2020-10-13T10:00:00,36.28805084
571.665,571.665,571.665,571.665,0.0,2020-10-13T11:00:00,0.0
571.665,571.665,571.665,571.665,0.0,2020-10-13T12:00:00,0.0
569.503,569.503,569.503,569.503,0.03,2020-10-13T13:00:00,17.08509
569.503,569.503,569.503,569.503,0.0,2020-10-13T14:00:00,0.0
569.503,569.503,569.503,569.503,0.0,2020-10-13T15:00:00,0.0
569.503,569.503,569.503,569.503,0.0,2020-10-13T16:00:00,0.0
569.503,569.503,569.503,569.503,0.0,2020-10-13T17:00:00,0.0
569.503,569.503,569.503,569.503,0.0,2020-10-13T18:00:00,0.0
569.503,569.503,569.503,569.503,0.0,2020-10-13T19:00:00,0.0
598.645,598.65,598.645,598.65,0.24901186,2020-10-13T20:00:00,149.07003279
598.65,598.65,598.65,598.65,0.0,2020-10-13T21:00:00,0.0
598.65,598.65,598.65,598.65,0.0,2020-10-13T22:00:00,0.0
598.65,598.65,598.65,598.65,0.0,2020-10-13T23:00:00,0.0
598.65,598.65,598.65,598.65,0.0,2020-10-14T00:00:00,0.0
598.65,598.65,598.65,598.65,0.0,2020-10-14T01:00:00,0.0
598.65,598.65,598.65,598.65,0.0,2020-10-14T02:00:00,0.0
598.65,598.65,598.65,598.65,0.0,2020-10-14T03:00:00,0.0
598.65,598.65,598.65,598.65,0.0,2020-10-14T04:00:00,0.0
598.65,598.65,598.65,598.65,0.0,2020-10-14T05:00:00,0.0
598.65,598.65,598.65,598.65,0.0,2020-10-14T06:00:00,0.0
598.65,598.65,598.65,598.65,0.0,2020-10-14T07:00:00,0.0
598.65,598.65,598.65,598.65,0.0,2020-10-14T08:00:00,0.0
598.65,598.65,598.65,598.65,0.0,2020-10-14T09:00:00,0.0
598.65,598.65,598.65,598.65,0.0,2020-10-14T10:00:00,0.0
598.65,598.65,598.65,598.65,0.0,2020-10-14T11:00:00,0.0
598.65,598.65,598.65,598.65,0.0,2020-10-14T12:00:00,0.0
598.65,598.65,598.65,598.65,0.0,2020-10-14T13:00:00,0.0
598.65,598.65,598.65,598.65,0.0,2020-10-14T14:00:00,0.0
598.65,598.65,598.65,598.65,0.0,2020-10-14T15:00:00,0.0
598.65,598.65,598.65,598.65,0.0,2020-10-14T16:00:00,0.0
598.65,598.65,598.65,598.65,0.0,2020-10-14T17:00:00,0.0
598.65,598.65,598.65,598.65,0.0,2020-10-14T18:00:00,0.0
598.65,598.65,598.65,598.65,0.0,2020-10-14T19:00:00,0.0
598.65,598.65,598.65,598.65,0.0,2020-10-14T20:00:00,0.0
598.65,598.65,598.65,598.65,0.0,2020-10-14T21:00:00,0.0
598.65,598.65,598.65,598.65,0.0,2020-10-14T22:00:00,0.0
598.65,598.65,598.65,598.65,0.0,2020-10-14T23:00:00,0.0
599.999,599.999,551.585,551.585,0.02430856,2020-10-15T00:00:00,13.99667437
599.999,650.0,599.999,650.0,1.07582897,2020-10-15T01:00:00,647.13719163
650.0,650.0,650.0,650.0,0.0,2020-10-15T02:00:00,0.0
650.0,650.0,650.0,650.0,0.0,2020-10-15T03:00:00,0.0
650.0,650.0,650.0,650.0,0.0,2020-10-15T04:00:00,0.0
650.0,650.0,650.0,650.0,0.0,2020-10-15T05:00:00,0.0
650.0,650.0,650.0,650.0,0.0,2020-10-15T06:00:00,0.0
650.0,650.0,650.0,650.0,0.0,2020-10-15T07:00:00,0.0
650.0,650.0,650.0,650.0,0.0,2020-10-15T08:00:00,0.0
650.0,650.0,650.0,650.0,0.0,2020-10-15T09:00:00,0.0
650.0,650.0,650.0,650.0,0.0,2020-10-15T10:00:00,0.0
650.0,650.0,650.0,650.0,0.0,2020-10-15T11:00:00,0.0
650.0,650.0,650.0,650.0,0.0,2020-10-15T12:00:00,0.0
650.0,650.0,650.0,650.0,0.0,2020-10-15T13:00:00,0.0
650.0,650.0,650.0,650.0,0.0,2020-10-15T14:00:00,0.0
650.0,650.0,650.0,650.0,0.0,2020-10-15T15:00:00,0.0
650.0,650.0,650.0,650.0,0.0,2020-10-15T16:00:00,0.0
650.0,650.0,650.0,650.0,0.0,2020-10-15T17:00:00,0.0
650.0,650.0,650.0,650.0,0.0,2020-10-15T18:00:00,0.0
650.0,650.0,650.0,650.0,0.0,2020-10-15T19:00:00,0.0
650.0,650.0,650.0,650.0,0.0,2020-10-15T20:00:00,0.0
650.0,650.0,650.0,650.0,0.0,2020-10-15T21:00:00,0.0
650.0,650.0,650.0,650.0,0.0,2020-10-15T22:00:00,0.0
650.0,650.0,650.0,650.0,0.0,2020-10-15T23:00:00,0.0
650.0,650.0,650.0,650.0,0.0,2020-10-16T00:00:00,0.0
650.0,650.0,650.0,650.0,0.0,2020-10-16T01:00:00,0.0
650.0,650.0,650.0,650.0,0.0,2020-10-16T02:00:00,0.0
650.0,650.0,650.0,650.0,0.0,2020-10-16T03:00:00,0.0
551.541,551.541,551.532,551.532,0.074,2020-10-16T04:00:00,40.813764
551.532,551.532,551.532,551.532,0.0,2020-10-16T05:00:00,0.0
551.532,551.532,551.532,551.532,0.0,2020-10-16T06:00:00,0.0
551.532,551.532,551.532,551.532,0.0,2020-10-16T07:00:00,0.0
537.033,537.033,537.033,537.033,0.022,2020-10-16T08:00:00,11.814726
537.033,537.033,537.033,537.033,0.0,2020-10-16T09:00:00,0.0
537.033,537.033,537.033,537.033,0.0,2020-10-16T10:00:00,0.0
537.033,537.033,537.033,537.033,0.0,2020-10-16T11:00:00,0.0
537.033,537.033,537.033,537.033,0.0,2020-10-16T12:00:00,0.0
537.033,537.033,537.033,537.033,0.0,2020-10-16T13:00:00,0.0
537.033,537.033,537.033,537.033,0.0,2020-10-16T14:00:00,0.0
537.033,537.033,537.033,537.033,0.0,2020-10-16T15:00:00,0.0
537.033,537.033,537.033,537.033,0.0,2020-10-16T16:00:00,0.0
537.033,537.033,537.033,537.033,0.0,2020-10-16T17:00:00,0.0
537.033,537.033,537.033,537.033,0.0,2020-10-16T18:00:00,0.0
537.033,537.033,537.033,537.033,0.0,2020-10-16T19:00:00,0.0
537.033,537.033,537.033,537.033,0.0,2020-10-16T20:00:00,0.0
537.033,537.033,537.033,537.033,0.0,2020-10-16T21:00:00,0.0
537.033,537.033,537.033,537.033,0.0,2020-10-16T22:00:00,0.0
537.033,537.033,537.033,537.033,0.0,2020-10-16T23:00:00,0.0
537.033,537.033,537.033,537.033,0.02124083,2020-10-17T00:00:00,11.40702665
537.033,537.033,537.033,537.033,0.0,2020-10-17T01:00:00,0.0
537.033,537.033,537.033,537.033,0.0,2020-10-17T02:00:00,0.0
537.033,537.033,537.033,537.033,0.0,2020-10-17T03:00:00,0.0
537.033,537.033,537.033,537.033,0.0,2020-10-17T04:00:00,0.0
537.033,537.033,537.033,537.033,0.0,2020-10-17T05:00:00,0.0
537.033,537.033,537.033,537.033,0.0,2020-10-17T06:00:00,0.0
537.033,537.033,537.033,537.033,0.0,2020-10-17T07:00:00,0.0
537.033,537.033,537.033,537.033,0.0,2020-10-17T08:00:00,0.0
537.033,537.033,537.033,537.033,0.0,2020-10-17T09:00:00,0.0
537.033,537.033,537.033,537.033,0.0,2020-10-17T10:00:00,0.0
537.033,537.033,537.033,537.033,0.0,2020-10-17T11:00:00,0.0
537.033,537.033,537.033,537.033,0.0,2020-10-17T12:00:00,0.0
537.033,537.033,537.033,537.033,0.0,2020-10-17T13:00:00,0.0
537.033,537.033,537.033,537.033,0.0,2020-10-17T14:00:00,0.0
537.033,537.033,537.033,537.033,0.0,2020-10-17T15:00:00,0.0
537.033,537.033,537.033,537.033,0.0,2020-10-17T16:00:00,0.0
537.033,537.033,537.033,537.033,0.0,2020-10-17T17:00:00,0.0
537.033,537.033,537.033,537.033,0.0,2020-10-17T18:00:00,0.0
537.033,537.033,537.033,537.033,0.0,2020-10-17T19:00:00,0.0
537.033,537.033,537.033,537.033,0.0,2020-10-17T20:00:00,0.0
537.033,537.033,537.033,537.033,0.0,2020-10-17T21:00:00,0.0
537.033,537.033,537.033,537.033,0.0,2020-10-17T22:00:00,0.0
537.033,537.033,537.033,537.033,0.0,2020-10-17T23:00:00,0.0
537.033,537.033,537.033,537.033,0.0,2020-10-18T00:00:00,0.0
537.033,537.033,537.033,537.033,0.0,2020-10-18T01:00:00,0.0
537.033,537.033,537.033,537.033,0.0,2020-10-18T02:00:00,0.0
537.033,537.033,537.033,537.033,0.0,2020-10-18T03:00:00,0.0
537.033,537.033,537.033,537.033,0.0,2020-10-18T04:00:00,0.0
537.033,537.033,537.033,537.033,0.0,2020-10-18T05:00:00,0.0
537.033,537.033,537.033,537.033,0.0,2020-10-18T06:00:00,0.0
537.033,537.033,537.033,537.033,0.0,2020-10-18T07:00:00,0.0
537.033,537.033,537.033,537.033,0.0,2020-10-18T08:00:00,0.0
537.033,537.033,537.033,537.033,0.0,2020-10-18T09:00:00,0.0
537.033,537.033,537.033,537.033,0.0,2020-10-18T10:00:00,0.0
537.033,537.033,537.033,537.033,0.0,2020-10-18T11:00:00,0.0
537.033,537.033,537.033,537.033,0.0,2020-10-18T12:00:00,0.0
537.033,537.033,537.033,537.033,0.0,2020-10-18T13:00:00,0.0
537.033,537.033,537.033,537.033,0.0,2020-10-18T14:00:00,0.0
537.033,537.033,537.033,537.033,0.0,2020-10-18T15:00:00,0.0
537.033,537.033,537.033,537.033,0.0,2020-10-18T16:00:00,0.0
537.033,537.033,537.033,537.033,0.0,2020-10-18T17:00:00,0.0
537.033,537.033,537.033,537.033,0.0,2020-10-18T18:00:00,0.0
537.033,537.033,537.033,537.033,0.0,2020-10-18T19:00:00,0.0
537.033,537.033,537.033,537.033,0.0,2020-10-18T20:00:00,0.0
537.033,537.033,537.033,537.033,0.0,2020-10-18T21:00:00,0.0
537.033,537.033,537.033,537.033,0.0,2020-10-18T22:00:00,0.0
537.033,537.033,537.033,537.033,0.0,2020-10-18T23:00:00,0.0
537.033,537.033,537.033,537.033,0.0,2020-10-19T00:00:00,0.0
537.033,537.033,537.033,537.033,0.0,2020-10-19T01:00:00,0.0
537.033,537.033,537.033,537.033,0.0,2020-10-19T02:00:00,0.0
537.033,537.033,537.033,537.033,0.0,2020-10-19T03:00:00,0.0
537.033,537.033,537.033,537.033,0.0,2020-10-19T04:00:00,0.0
537.033,537.033,537.033,537.033,0.0,2020-10-19T05:00:00,0.0
537.033,537.033,537.033,537.033,0.0,2020-10-19T06:00:00,0.0
537.033,537.033,537.033,537.033,0.0,2020-10-19T07:00:00,0.0
537.033,537.033,537.033,537.033,0.0,2020-10-19T08:00:00,0.0
537.033,537.033,537.033,537.033,0.0,2020-10-19T09:00:00,0.0
537.033,537.033,537.033,537.033,0.0,2020-10-19T10:00:00,0.0
537.033,537.033,537.033,537.033,0.0,2020-10-19T11:00:00,0.0
537.033,537.033,537.033,537.033,0.0,2020-10-19T12:00:00,0.0
537.033,537.033,537.033,537.033,0.0,2020-10-19T13:00:00,0.0
537.033,537.033,537.033,537.033,0.0,2020-10-19T14:00:00,0.0
537.033,537.033,537.033,537.033,0.0,2020-10-19T15:00:00,0.0
537.033,537.033,537.033,537.033,0.0,2020-10-19T16:00:00,0.0
537.033,537.033,537.033,537.033,0.0,2020-10-19T17:00:00,0.0
537.033,537.033,537.033,537.033,0.0,2020-10-19T18:00:00,0.0
537.033,537.033,537.033,537.033,0.0,2020-10-19T19:00:00,0.0
596.275,596.275,545.128,545.128,0.54469275,2020-10-19T20:00:00,319.68242903
545.128,545.128,545.128,545.128,0.0,2020-10-19T21:00:00,0.0
545.128,545.128,545.128,545.128,0.0,2020-10-19T22:00:00,0.0
545.128,545.128,545.128,545.128,0.0,2020-10-19T23:00:00,0.0
545.128,545.128,545.128,545.128,0.0,2020-10-20T00:00:00,0.0
545.128,545.128,545.128,545.128,0.0,2020-10-20T01:00:00,0.0
545.128,545.128,545.128,545.128,0.0,2020-10-20T02:00:00,0.0
545.128,545.128,545.128,545.128,0.0,2020-10-20T03:00:00,0.0
545.128,545.128,545.128,545.128,0.0,2020-10-20T04:00:00,0.0
545.128,545.128,545.128,545.128,0.0,2020-10-20T05:00:00,0.0
545.128,545.128,545.128,545.128,0.0,2020-10-20T06:00:00,0.0
545.128,545.128,545.128,545.128,0.0,2020-10-20T07:00:00,0.0
545.128,545.128,545.128,545.128,0.0,2020-10-20T08:00:00,0.0
545.128,545.128,545.128,545.128,0.0,2020-10-20T09:00:00,0.0
545.55,545.55,545.55,545.55,0.00893328,2020-10-20T10:00:00,4.8735509
545.55,545.55,545.55,545.55,0.03122765,2020-10-20T11:00:00,17.03624445
545.55,545.55,545.55,545.55,0.0,2020-10-20T12:00:00,0.0
545.55,545.55,545.55,545.55,0.0,2020-10-20T13:00:00,0.0
545.55,545.55,545.55,545.55,0.0,2020-10-20T14:00:00,0.0
545.55,545.55,545.55,545.55,0.0,2020-10-20T15:00:00,0.0
545.55,545.55,545.55,545.55,0.0,2020-10-20T16:00:00,0.0
545.55,545.55,545.55,545.55,0.0,2020-10-20T17:00:00,0.0
545.502,545.502,545.502,545.502,0.44489725,2020-10-20T18:00:00,242.69233965
545.502,545.502,545.502,545.502,0.0,2020-10-20T19:00:00,0.0
545.502,545.502,545.502,545.502,0.0,2020-10-20T20:00:00,0.0
545.502,545.502,545.502,545.502,0.0,2020-10-20T21:00:00,0.0
545.502,545.502,545.502,545.502,0.0,2020-10-20T22:00:00,0.0
545.502,545.502,545.502,545.502,0.0,2020-10-20T23:00:00,0.0
545.502,545.502,545.502,545.502,0.0,2020-10-21T00:00:00,0.0
545.502,545.502,545.502,545.502,0.0,2020-10-21T01:00:00,0.0
545.502,545.502,545.502,545.502,0.0,2020-10-21T02:00:00,0.0
545.502,545.502,545.502,545.502,0.0,2020-10-21T03:00:00,0.0
545.502,545.502,545.502,545.502,0.0,2020-10-21T04:00:00,0.0
545.502,545.502,545.502,545.502,0.0,2020-10-21T05:00:00,0.0
545.502,545.502,545.502,545.502,0.0,2020-10-21T06:00:00,0.0
545.502,545.502,545.502,545.502,0.0,2020-10-21T07:00:00,0.0
545.502,545.502,545.502,545.502,0.0,2020-10-21T08:00:00,0.0
545.502,545.502,545.502,545.502,0.0,2020-10-21T09:00:00,0.0
545.502,545.502,545.502,545.502,0.0,2020-10-21T10:00:00,0.0
545.502,545.502,545.502,545.502,0.0,2020-10-21T11:00:00,0.0
545.502,545.502,545.502,545.502,0.0,2020-10-21T12:00:00,0.0
545.502,545.502,545.502,545.502,0.0,2020-10-21T13:00:00,0.0
545.5,545.5,545.5,545.5,0.01559717,2020-10-21T14:00:00,8.50825623
545.5,545.5,545.5,545.5,0.0,2020-10-21T15:00:00,0.0
545.5,545.5,545.5,545.5,0.0,2020-10-21T16:00:00,0.0
545.5,545.5,545.5,545.5,0.0,2020-10-21T17:00:00,0.0
545.5,545.5,545.5,545.5,0.0,2020-10-21T18:00:00,0.0
545.5,545.5,545.5,545.5,0.0,2020-10-21T19:00:00,0.0
545.5,545.5,545.5,545.5,0.0,2020-10-21T20:00:00,0.0
545.5,545.5,545.5,545.5,0.0,2020-10-21T21:00:00,0.0
545.5,545.5,545.5,545.5,0.0,2020-10-21T22:00:00,0.0
545.5,545.5,545.5,545.5,0.0,2020-10-21T23:00:00,0.0
545.5,545.5,545.5,545.5,0.0,2020-10-22T00:00:00,0.0
545.5,545.5,545.5,545.5,0.0,2020-10-22T01:00:00,0.0
545.5,545.5,545.5,545.5,0.0,2020-10-22T02:00:00,0.0
598.649,598.649,598.649,598.649,0.012,2020-10-22T03:00:00,7.183788
598.649,598.649,598.649,598.649,0.0,2020-10-22T04:00:00,0.0
598.649,598.649,598.649,598.649,0.0,2020-10-22T05:00:00,0.0
598.649,598.649,598.649,598.649,0.0,2020-10-22T06:00:00,0.0
598.649,598.649,598.649,598.649,0.0,2020-10-22T07:00:00,0.0
598.649,598.649,598.649,598.649,0.0,2020-10-22T08:00:00,0.0
598.649,598.649,598.649,598.649,0.0,2020-10-22T09:00:00,0.0
598.649,598.649,598.649,598.649,0.0,2020-10-22T10:00:00,0.0
598.649,598.649,598.649,598.649,0.0,2020-10-22T11:00:00,0.0
546.234,601.025,546.234,566.463,0.07468108,2020-10-22T12:00:00,44.32466621
566.463,566.463,566.463,566.463,0.0,2020-10-22T13:00:00,0.0
566.463,566.463,566.463,566.463,0.0,2020-10-22T14:00:00,0.0
566.463,566.463,566.463,566.463,0.0,2020-10-22T15:00:00,0.0
566.463,566.463,566.463,566.463,0.0,2020-10-22T16:00:00,0.0
566.463,566.463,566.463,566.463,0.0,2020-10-22T17:00:00,0.0
566.514,566.514,566.514,566.514,0.02505166,2020-10-22T18:00:00,14.19211611
566.514,566.514,566.514,566.514,0.0,2020-10-22T19:00:00,0.0
566.514,566.514,566.514,566.514,0.0,2020-10-22T20:00:00,0.0
566.514,566.514,566.514,566.514,0.0,2020-10-22T21:00:00,0.0
566.514,566.514,566.514,566.514,0.0,2020-10-22T22:00:00,0.0
566.514,566.514,566.514,566.514,0.0,2020-10-22T23:00:00,0.0
566.514,566.514,566.514,566.514,0.0,2020-10-23T00:00:00,0.0
566.514,566.514,566.514,566.514,0.0,2020-10-23T01:00:00,0.0
566.514,566.514,566.514,566.514,0.0,2020-10-23T02:00:00,0.0
566.514,566.514,566.514,566.514,0.0,2020-10-23T03:00:00,0.0
566.514,566.514,566.514,566.514,0.0,2020-10-23T04:00:00,0.0
566.514,566.514,566.514,566.514,0.0,2020-10-23T05:00:00,0.0
566.514,566.514,566.514,566.514,0.0,2020-10-23T06:00:00,0.0
566.514,566.514,566.514,566.514,0.0,2020-10-23T07:00:00,0.0
606.488,606.488,606.488,606.488,0.01600379,2020-10-23T08:00:00,9.70610658
606.488,606.488,606.488,606.488,0.0,2020-10-23T09:00:00,0.0
606.488,606.488,606.488,606.488,0.0,2020-10-23T10:00:00,0.0
606.488,606.488,606.488,606.488,0.0,2020-10-23T11:00:00,0.0
606.488,606.488,606.488,606.488,0.0,2020-10-23T12:00:00,0.0
606.488,606.488,606.488,606.488,0.0,2020-10-23T13:00:00,0.0
606.488,606.488,606.488,606.488,0.0,2020-10-23T14:00:00,0.0
606.488,606.488,606.488,606.488,0.0,2020-10-23T15:00:00,0.0
606.488,606.488,606.488,606.488,0.0,2020-10-23T16:00:00,0.0
606.488,606.488,606.488,606.488,0.0,2020-10-23T17:00:00,0.0
566.571,566.571,566.571,566.571,0.01360824,2020-10-23T18:00:00,7.71003414
566.571,566.571,566.571,566.571,0.0,2020-10-23T19:00:00,0.0
566.571,566.571,566.571,566.571,0.0,2020-10-23T20:00:00,0.0
566.571,566.571,566.571,566.571,0.0,2020-10-23T21:00:00,0.0
566.571,566.571,566.571,566.571,0.0,2020-10-23T22:00:00,0.0
566.571,566.571,566.571,566.571,0.0,2020-10-23T23:00:00,0.0
566.571,566.571,566.571,566.571,0.0,2020-10-24T00:00:00,0.0
566.571,566.571,566.571,566.571,0.0,2020-10-24T01:00:00,0.0
566.571,566.571,566.571,566.571,0.0,2020-10-24T02:00:00,0.0
566.571,566.571,566.571,566.571,0.0,2020-10-24T03:00:00,0.0
566.571,566.571,566.571,566.571,0.0,2020-10-24T04:00:00,0.0
566.571,566.571,566.571,566.571,0.0,2020-10-24T05:00:00,0.0
566.571,566.571,566.571,566.571,0.0,2020-10-24T06:00:00,0.0
566.571,566.571,566.571,566.571,0.0,2020-10-24T07:00:00,0.0
566.571,566.571,566.571,566.571,0.0,2020-10-24T08:00:00,0.0
566.571,566.571,566.571,566.571,0.0,2020-10-24T09:00:00,0.0
566.571,566.571,566.571,566.571,0.0,2020-10-24T10:00:00,0.0
566.571,566.571,566.571,566.571,0.0,2020-10-24T11:00:00,0.0
566.571,566.571,566.571,566.571,0.0,2020-10-24T12:00:00,0.0
566.571,566.571,566.571,566.571,0.0,2020-10-24T13:00:00,0.0
566.571,566.571,566.571,566.571,0.0,2020-10-24T14:00:00,0.0
566.571,566.571,566.571,566.571,0.0,2020-10-24T15:00:00,0.0
566.571,566.571,566.571,566.571,0.0,2020-10-24T16:00:00,0.0
566.571,566.571,566.571,566.571,0.0,2020-10-24T17:00:00,0.0
566.571,566.571,566.571,566.571,0.0,2020-10-24T18:00:00,0.0
566.571,566.571,566.571,566.571,0.0,2020-10-24T19:00:00,0.0
566.571,566.571,566.571,566.571,0.0,2020-10-24T20:00:00,0.0
566.571,566.571,566.571,566.571,0.0,2020-10-24T21:00:00,0.0
566.571,566.571,566.571,566.571,0.0,2020-10-24T22:00:00,0.0
566.571,566.571,566.571,566.571,0.0,2020-10-24T23:00:00,0.0
566.571,566.571,566.571,566.571,0.0,2020-10-25T00:00:00,0.0
566.571,566.571,566.571,566.571,0.0,2020-10-25T01:00:00,0.0
566.571,566.571,566.571,566.571,0.0,2020-10-25T02:00:00,0.0
566.571,566.571,566.571,566.571,0.0,2020-10-25T03:00:00,0.0
566.571,566.571,566.571,566.571,0.0,2020-10-25T04:00:00,0.0
566.571,566.571,566.571,566.571,0.0,2020-10-25T05:00:00,0.0
566.571,566.571,566.571,566.571,0.0,2020-10-25T06:00:00,0.0
566.571,566.571,566.571,566.571,0.0,2020-10-25T07:00:00,0.0
566.571,566.571,566.571,566.571,0.0,2020-10-25T08:00:00,0.0
566.571,566.571,566.571,566.571,0.0,2020-10-25T09:00:00,0.0
566.571,566.571,566.571,566.571,0.0,2020-10-25T10:00:00,0.0
566.571,566.571,566.571,566.571,0.0,2020-10-25T11:00:00,0.0
566.571,566.571,566.571,566.571,0.0,2020-10-25T12:00:00,0.0
566.571,566.571,566.571,566.571,0.0,2020-10-25T13:00:00,0.0
566.571,566.571,566.571,566.571,0.0,2020-10-25T14:00:00,0.0
566.571,566.571,566.571,566.571,0.0,2020-10-25T15:00:00,0.0
566.571,566.571,566.571,566.571,0.0,2020-10-25T16:00:00,0.0
566.571,566.571,566.571,566.571,0.0,2020-10-25T17:00:00,0.0
566.571,566.571,566.571,566.571,0.0,2020-10-25T18:00:00,0.0
566.571,566.571,566.571,566.571,0.0,2020-10-25T19:00:00,0.0
566.571,566.571,566.571,566.571,0.0,2020-10-25T20:00:00,0.0
566.571,566.571,566.571,566.571,0.0,2020-10-25T21:00:00,0.0
606.488,606.488,606.488,606.488,0.09975504,2020-10-25T22:00:00,60.50023468
606.488,606.488,606.488,606.488,0.0,2020-10-25T23:00:00,0.0
606.488,606.488,606.488,606.488,0.0,2020-10-26T00:00:00,0.0
606.488,606.488,606.488,606.488,0.0,2020-10-26T01:00:00,0.0
606.488,606.488,606.488,606.488,0.0,2020-10-26T02:00:00,0.0
606.488,606.488,606.488,606.488,0.0,2020-10-26T03:00:00,0.0
606.488,606.488,606.488,606.488,0.0,2020-10-26T04:00:00,0.0
606.488,606.488,606.488,606.488,0.0,2020-10-26T05:00:00,0.0
606.488,606.488,606.488,606.488,0.0,2020-10-26T06:00:00,0.0
606.488,606.488,606.488,606.488,0.0,2020-10-26T07:00:00,0.0
606.488,606.488,606.488,606.488,0.0,2020-10-26T08:00:00,0.0
606.488,606.488,606.488,606.488,0.0,2020-10-26T09:00:00,0.0
606.488,606.488,606.488,606.488,0.0,2020-10-26T10:00:00,0.0
606.488,606.488,606.488,606.488,0.0,2020-10-26T11:00:00,0.0
606.488,606.488,606.488,606.488,0.0,2020-10-26T12:00:00,0.0
606.488,606.488,606.488,606.488,0.0,2020-10-26T13:00:00,0.0
606.488,606.488,606.488,606.488,0.0,2020-10-26T14:00:00,0.0
606.488,606.488,606.488,606.488,0.0,2020-10-26T15:00:00,0.0
570.0,570.0,568.044,568.044,0.08412599,2020-10-26T16:00:00,47.95156786
568.044,568.044,562.699,562.699,0.03259238,2020-10-26T17:00:00,18.47029125
562.699,562.699,562.699,562.699,0.0,2020-10-26T18:00:00,0.0
562.699,562.699,562.699,562.699,0.0,2020-10-26T19:00:00,0.0
562.699,562.699,562.699,562.699,0.0,2020-10-26T20:00:00,0.0
562.699,562.699,562.699,562.699,0.0,2020-10-26T21:00:00,0.0
562.7,562.7,562.7,562.7,0.0072,2020-10-26T22:00:00,4.05144
562.7,562.7,562.7,562.7,0.0,2020-10-26T23:00:00,0.0
562.7,562.7,562.7,562.7,0.0,2020-10-27T00:00:00,0.0
562.7,562.7,562.7,562.7,0.0,2020-10-27T01:00:00,0.0
562.7,562.7,562.7,562.7,0.0,2020-10-27T02:00:00,0.0
562.7,562.7,562.7,562.7,0.0,2020-10-27T03:00:00,0.0
562.7,562.7,562.7,562.7,0.0,2020-10-27T04:00:00,0.0
562.7,562.7,562.7,562.7,0.0,2020-10-27T05:00:00,0.0
562.7,562.7,562.7,562.7,0.0,2020-10-27T06:00:00,0.0
562.7,562.7,562.7,562.7,0.0,2020-10-27T07:00:00,0.0
562.7,562.7,562.7,562.7,0.0,2020-10-27T08:00:00,0.0
562.7,562.7,562.7,562.7,0.0,2020-10-27T09:00:00,0.0
562.7,562.7,562.7,562.7,0.0,2020-10-27T10:00:00,0.0
562.7,562.7,562.7,562.7,0.0,2020-10-27T11:00:00,0.0
562.7,562.7,562.7,562.7,0.0,2020-10-27T12:00:00,0.0
562.7,562.7,562.7,562.7,0.0,2020-10-27T13:00:00,0.0
562.7,562.7,562.7,562.7,0.0,2020-10-27T14:00:00,0.0
562.7,562.7,562.7,562.7,0.0,2020-10-27T15:00:00,0.0
562.7,562.7,562.7,562.7,0.0,2020-10-27T16:00:00,0.0
562.7,562.7,562.7,562.7,0.0,2020-10-27T17:00:00,0.0
562.7,562.7,562.7,562.7,0.0,2020-10-27T18:00:00,0.0
562.7,562.7,562.7,562.7,0.0,2020-10-27T19:00:00,0.0
562.7,562.7,562.7,562.7,0.0,2020-10-27T20:00:00,0.0
562.7,562.7,562.7,562.7,0.0,2020-10-27T21:00:00,0.0
562.7,562.7,562.7,562.7,0.0,2020-10-27T22:00:00,0.0
562.703,562.714,562.703,562.714,0.0594,2020-10-27T23:00:00,33.4247216
562.714,562.714,562.714,562.714,0.0,2020-10-28T00:00:00,0.0
562.714,562.714,562.714,562.714,0.0,2020-10-28T01:00:00,0.0
562.714,562.714,562.714,562.714,0.0,2020-10-28T02:00:00,0.0
562.714,562.714,562.714,562.714,0.0,2020-10-28T03:00:00,0.0
562.714,562.714,562.714,562.714,0.0,2020-10-28T04:00:00,0.0
562.707,562.707,562.707,562.707,0.0069,2020-10-28T05:00:00,3.8826783
562.707,562.707,562.707,562.707,0.0,2020-10-28T06:00:00,0.0
562.7,562.7,562.7,562.7,0.02931249,2020-10-28T07:00:00,16.49413812
562.7,562.7,562.7,562.7,0.0083,2020-10-28T08:00:00,4.67041
562.7,562.7,562.7,562.7,0.28809485,2020-10-28T09:00:00,162.11097203
562.7,562.7,562.699,562.699,0.19798218,2020-10-28T10:00:00,111.40454897
562.699,562.699,546.01,546.01,0.07884703,2020-10-28T11:00:00,43.10378763
546.01,546.01,546.01,546.01,0.0148,2020-10-28T12:00:00,8.080948
546.01,546.01,546.01,546.01,0.0083,2020-10-28T13:00:00,4.531883
546.008,546.008,546.0,546.0,0.10455716,2020-10-28T14:00:00,57.08843736
546.0,546.0,546.0,546.0,0.0,2020-10-28T15:00:00,0.0
546.0,546.0,546.0,546.0,2.19896323,2020-10-28T16:00:00,1200.63392358
546.0,546.0,546.0,546.0,0.0,2020-10-28T17:00:00,0.0
546.0,546.0,546.0,546.0,0.0,2020-10-28T18:00:00,0.0
546.0,546.0,546.0,546.0,0.0,2020-10-28T19:00:00,0.0
546.0,546.0,546.0,546.0,0.0,2020-10-28T20:00:00,0.0
546.0,546.0,546.0,546.0,0.0,2020-10-28T21:00:00,0.0
546.0,546.0,546.0,546.0,0.0,2020-10-28T22:00:00,0.0
546.0,546.0,546.0,546.0,0.0,2020-10-28T23:00:00,0.0
546.0,546.0,546.0,546.0,0.0,2020-10-29T00:00:00,0.0
546.0,546.0,546.0,546.0,0.0,2020-10-29T01:00:00,0.0
546.0,546.0,546.0,546.0,0.0,2020-10-29T02:00:00,0.0
546.0,546.0,546.0,546.0,0.0,2020-10-29T03:00:00,0.0
546.0,546.0,546.0,546.0,0.0,2020-10-29T04:00:00,0.0
546.0,546.0,546.0,546.0,0.0,2020-10-29T05:00:00,0.0
546.0,546.0,546.0,546.0,0.0,2020-10-29T06:00:00,0.0
546.0,546.0,546.0,546.0,0.0,2020-10-29T07:00:00,0.0
546.0,546.0,546.0,546.0,0.0,2020-10-29T08:00:00,0.0
546.0,546.0,546.0,546.0,0.0,2020-10-29T09:00:00,0.0
546.0,546.0,546.0,546.0,0.0,2020-10-29T10:00:00,0.0
537.033,537.033,537.033,537.033,0.01236375,2020-10-29T11:00:00,6.63974175
537.033,537.033,537.033,537.033,0.0,2020-10-29T12:00:00,0.0
530.763,530.763,530.762,530.762,0.02293194,2020-10-29T13:00:00,12.17142433
530.762,530.762,530.762,530.762,0.0,2020-10-29T14:00:00,0.0
530.762,530.762,530.762,530.762,0.0,2020-10-29T15:00:00,0.0
530.762,530.762,530.762,530.762,0.0,2020-10-29T16:00:00,0.0
595.0,660.0,530.772,530.772,0.17,2020-10-29T17:00:00,102.77762395
530.772,530.772,530.772,530.772,0.0,2020-10-29T18:00:00,0.0
530.772,530.772,530.772,530.772,0.0,2020-10-29T19:00:00,0.0
530.772,530.772,530.772,530.772,0.0,2020-10-29T20:00:00,0.0
530.772,530.772,530.772,530.772,0.0,2020-10-29T21:00:00,0.0
530.772,530.772,530.772,530.772,0.0,2020-10-29T22:00:00,0.0
530.772,530.772,530.772,530.772,0.0,2020-10-29T23:00:00,0.0
530.762,530.762,518.96,518.96,0.12480574,2020-10-30T00:00:00,65.71813537
518.96,518.96,518.96,518.96,0.0,2020-10-30T01:00:00,0.0
518.96,518.96,518.96,518.96,0.0,2020-10-30T02:00:00,0.0
518.96,518.96,518.96,518.96,0.0,2020-10-30T03:00:00,0.0
518.96,518.96,518.96,518.96,0.0,2020-10-30T04:00:00,0.0
518.96,518.96,518.96,518.96,0.0,2020-10-30T05:00:00,0.0
518.96,518.96,518.96,518.96,0.0,2020-10-30T06:00:00,0.0
518.944,518.944,518.942,518.942,0.0184,2020-10-30T07:00:00,9.548553
518.942,518.942,518.942,518.942,0.0083,2020-10-30T08:00:00,4.3072186
518.942,518.942,518.942,518.942,0.0,2020-10-30T09:00:00,0.0
518.942,518.942,518.942,518.942,0.0,2020-10-30T10:00:00,0.0
518.942,518.942,518.942,518.942,0.0,2020-10-30T11:00:00,0.0
518.942,518.942,518.942,518.942,0.0,2020-10-30T12:00:00,0.0
518.942,518.942,518.942,518.942,0.0,2020-10-30T13:00:00,0.0
518.942,518.942,518.942,518.942,0.0,2020-10-30T14:00:00,0.0
518.942,518.942,518.937,518.937,0.0723,2020-10-30T15:00:00,37.5193206
518.937,518.937,518.937,518.937,0.0,2020-10-30T16:00:00,0.0
518.937,518.937,518.937,518.937,0.0,2020-10-30T17:00:00,0.0
518.937,518.937,518.937,518.937,0.0,2020-10-30T18:00:00,0.0
518.937,518.937,518.937,518.937,0.0,2020-10-30T19:00:00,0.0
518.937,518.937,518.937,518.937,0.0,2020-10-30T20:00:00,0.0
518.937,518.937,518.937,518.937,0.0,2020-10-30T21:00:00,0.0
518.937,518.937,518.937,518.937,0.0,2020-10-30T22:00:00,0.0
518.937,518.937,518.937,518.937,0.0,2020-10-30T23:00:00,0.0
518.937,518.937,518.937,518.937,0.0,2020-10-31T00:00:00,0.0
525.75,525.75,525.75,525.75,0.12886172,2020-10-31T01:00:00,67.74904928
525.75,525.75,525.75,525.75,0.12113828,2020-10-31T02:00:00,63.6884507
525.75,525.75,525.75,525.75,0.0,2020-10-31T03:00:00,0.0
525.75,525.75,525.75,525.75,0.0,2020-10-31T04:00:00,0.0
525.75,525.75,525.75,525.75,0.0,2020-10-31T05:00:00,0.0
525.75,525.75,525.75,525.75,0.0,2020-10-31T06:00:00,0.0
525.75,525.75,525.75,525.75,0.0,2020-10-31T07:00:00,0.0
525.749,525.75,525.748,525.75,0.32959507,2020-10-31T08:00:00,173.28450176
523.75,523.75,523.748,523.75,2.51962756,2020-10-31T09:00:00,1319.65465998
523.75,523.75,523.75,523.75,0.0,2020-10-31T10:00:00,0.0
523.75,523.75,523.75,523.75,0.0,2020-10-31T11:00:00,0.0
523.75,523.75,523.75,523.75,0.0,2020-10-31T12:00:00,0.0
523.75,523.75,523.75,523.75,0.0,2020-10-31T13:00:00,0.0
523.75,523.75,523.75,523.75,0.0,2020-10-31T14:00:00,0.0
523.75,523.75,523.75,523.75,0.0,2020-10-31T15:00:00,0.0
523.75,523.75,523.75,523.75,0.0,2020-10-31T16:00:00,0.0
523.75,523.75,523.75,523.75,0.0,2020-10-31T17:00:00,0.0
523.75,523.75,523.75,523.75,0.0,2020-10-31T18:00:00,0.0
523.75,523.75,523.75,523.75,0.0,2020-10-31T19:00:00,0.0
523.75,523.75,523.75,523.75,0.0,2020-10-31T20:00:00,0.0
523.75,523.75,523.75,523.75,0.0,2020-10-31T21:00:00,0.0
523.75,523.75,523.749,523.75,6.90729287,2020-10-31T22:00:00,3617.69454868
523.75,523.75,523.749,523.749,1.34997156,2020-10-31T23:00:00,707.04750152
523.75,523.75,523.75,523.75,2.52399784,2020-11-01T00:00:00,1321.94386869
523.75,523.75,523.75,523.75,0.0,2020-11-01T01:00:00,0.0
523.75,523.75,523.75,523.75,0.0,2020-11-01T02:00:00,0.0
523.75,523.75,523.75,523.75,0.0,2020-11-01T03:00:00,0.0
523.75,523.75,523.75,523.75,0.0,2020-11-01T04:00:00,0.0
523.75,523.75,523.75,523.75,0.0,2020-11-01T05:00:00,0.0
523.75,523.75,523.75,523.75,0.0,2020-11-01T06:00:00,0.0
523.75,523.75,523.75,523.75,0.0,2020-11-01T07:00:00,0.0
523.75,523.75,523.75,523.75,0.0,2020-11-01T08:00:00,0.0
523.75,523.75,523.75,523.75,0.0,2020-11-01T09:00:00,0.0
523.75,523.75,523.75,523.75,0.0,2020-11-01T10:00:00,0.0
523.75,523.75,523.75,523.75,0.0,2020-11-01T11:00:00,0.0
543.616,545.711,543.616,545.711,0.032,2020-11-01T12:00:00,17.429232
545.711,545.711,545.711,545.711,0.0,2020-11-01T13:00:00,0.0
545.711,545.711,545.711,545.711,0.0,2020-11-01T14:00:00,0.0
545.711,545.711,545.711,545.711,0.0,2020-11-01T15:00:00,0.0
545.711,545.711,545.711,545.711,0.0,2020-11-01T16:00:00,0.0
545.711,545.711,545.711,545.711,0.0,2020-11-01T17:00:00,0.0
547.805,547.805,547.805,547.805,0.016,2020-11-01T18:00:00,8.76488
547.805,547.805,547.805,547.805,0.0,2020-11-01T19:00:00,0.0
547.805,547.805,547.805,547.805,0.0,2020-11-01T20:00:00,0.0
547.805,547.805,547.805,547.805,0.0,2020-11-01T21:00:00,0.0
547.805,547.805,547.805,547.805,0.0,2020-11-01T22:00:00,0.0
547.805,547.805,547.805,547.805,0.0,2020-11-01T23:00:00,0.0
554.3,554.3,554.3,554.3,0.027,2020-11-02T00:00:00,14.96609999
554.3,554.3,554.3,554.3,0.0,2020-11-02T01:00:00,0.0
554.3,554.3,554.3,554.3,0.0,2020-11-02T02:00:00,0.0
554.3,554.3,554.3,554.3,0.0,2020-11-02T03:00:00,0.0
554.3,554.3,554.3,554.3,0.0,2020-11-02T04:00:00,0.0
554.3,554.3,554.3,554.3,0.0,2020-11-02T05:00:00,0.0
554.3,554.3,554.3,554.3,0.0,2020-11-02T06:00:00,0.0
558.7,558.7,558.7,558.7,0.027,2020-11-02T07:00:00,15.0849
558.7,558.7,558.7,558.7,0.0,2020-11-02T08:00:00,0.0
558.7,558.7,558.7,558.7,0.0,2020-11-02T09:00:00,0.0
558.7,558.7,558.7,558.7,0.0,2020-11-02T10:00:00,0.0
558.7,558.7,558.7,558.7,0.0,2020-11-02T11:00:00,0.0
558.7,558.7,558.7,558.7,0.0,2020-11-02T12:00:00,0.0
558.7,558.7,558.7,558.7,0.0,2020-11-02T13:00:00,0.0
558.7,558.7,558.7,558.7,0.0,2020-11-02T14:00:00,0.0
558.7,558.7,558.7,558.7,0.0,2020-11-02T15:00:00,0.0
558.7,558.7,558.7,558.7,0.0,2020-11-02T16:00:00,0.0
558.7,558.7,558.7,558.7,0.0,2020-11-02T17:00:00,0.0
558.7,558.7,558.7,558.7,0.0,2020-11-02T18:00:00,0.0
558.7,558.7,558.7,558.7,0.0,2020-11-02T19:00:00,0.0
565.3,596.275,565.3,596.275,0.034,2020-11-02T20:00:00,19.437025
596.275,596.275,596.275,596.275,0.0,2020-11-02T21:00:00,0.0
596.275,596.275,596.275,596.275,0.0,2020-11-02T22:00:00,0.0
596.275,596.275,596.275,596.275,0.0,2020-11-02T23:00:00,0.0
596.275,596.275,525.001,525.001,0.15001304,2020-11-03T00:00:00,84.73359958
525.001,525.001,525.001,525.001,0.0,2020-11-03T01:00:00,0.0
525.001,525.001,525.0,525.0,1.06924029,2020-11-03T02:00:00,561.35119309
520.415,520.415,518.425,518.425,0.04240823,2020-11-03T03:00:00,22.01732663
518.425,518.425,518.425,518.425,0.0,2020-11-03T04:00:00,0.0
518.425,518.425,518.425,518.425,0.0,2020-11-03T05:00:00,0.0
518.425,518.425,518.425,518.425,0.0,2020-11-03T06:00:00,0.0
518.425,518.425,518.425,518.425,0.0,2020-11-03T07:00:00,0.0
518.425,518.425,518.425,518.425,0.0,2020-11-03T08:00:00,0.0
518.425,518.425,518.425,518.425,0.0,2020-11-03T09:00:00,0.0
518.425,518.425,518.425,518.425,0.0,2020-11-03T10:00:00,0.0
518.425,518.425,518.425,518.425,0.0,2020-11-03T11:00:00,0.0
518.425,518.425,518.425,518.425,0.0,2020-11-03T12:00:00,0.0
518.425,518.425,518.425,518.425,0.0,2020-11-03T13:00:00,0.0
518.425,518.425,518.425,518.425,0.0,2020-11-03T14:00:00,0.0
518.425,518.425,518.425,518.425,0.0,2020-11-03T15:00:00,0.0
518.425,518.425,518.425,518.425,0.0,2020-11-03T16:00:00,0.0
518.425,518.425,518.425,518.425,0.0,2020-11-03T17:00:00,0.0
518.425,518.425,518.425,518.425,0.0,2020-11-03T18:00:00,0.0
518.425,518.425,518.425,518.425,0.0,2020-11-03T19:00:00,0.0
518.425,518.425,518.425,518.425,0.0,2020-11-03T20:00:00,0.0
518.425,518.425,518.425,518.425,0.0,2020-11-03T21:00:00,0.0
518.425,518.425,518.425,518.425,0.0,2020-11-03T22:00:00,0.0
518.425,518.425,518.425,518.425,0.0,2020-11-03T23:00:00,0.0
507.706,507.706,507.706,507.706,0.08385391,2020-11-04T00:00:00,42.57313323
507.706,507.706,507.706,507.706,0.0,2020-11-04T01:00:00,0.0
506.825,506.825,506.825,506.825,0.00883904,2020-11-04T02:00:00,4.47984644
506.825,506.825,506.825,506.825,0.0,2020-11-04T03:00:00,0.0
506.825,506.825,506.825,506.825,0.0,2020-11-04T04:00:00,0.0
506.825,506.825,506.825,506.825,0.0,2020-11-04T05:00:00,0.0
506.825,506.825,506.825,506.825,0.0,2020-11-04T06:00:00,0.0
506.825,506.825,506.825,506.825,0.0,2020-11-04T07:00:00,0.0
506.825,506.825,506.825,506.825,0.0,2020-11-04T08:00:00,0.0
506.825,506.825,506.825,506.825,0.0,2020-11-04T09:00:00,0.0
506.825,506.825,506.825,506.825,0.0,2020-11-04T10:00:00,0.0
506.825,506.825,506.825,506.825,0.0,2020-11-04T11:00:00,0.0
506.825,506.825,506.825,506.825,0.0,2020-11-04T12:00:00,0.0
506.815,506.815,506.815,506.815,0.016,2020-11-04T13:00:00,8.10904
506.815,506.815,506.815,506.815,0.0,2020-11-04T14:00:00,0.0
506.815,506.815,506.815,506.815,0.0,2020-11-04T15:00:00,0.0
506.815,506.815,506.815,506.815,0.0,2020-11-04T16:00:00,0.0
506.815,506.815,506.815,506.815,0.0,2020-11-04T17:00:00,0.0
506.815,506.815,506.815,506.815,0.0,2020-11-04T18:00:00,0.0
506.815,506.815,506.815,506.815,0.0,2020-11-04T19:00:00,0.0
506.815,506.815,506.815,506.815,0.0,2020-11-04T20:00:00,0.0
506.815,506.815,506.815,506.815,0.0,2020-11-04T21:00:00,0.0
506.815,506.815,506.815,506.815,0.0,2020-11-04T22:00:00,0.0
506.815,506.815,506.815,506.815,0.0,2020-11-04T23:00:00,0.0
506.815,506.815,506.815,506.815,0.0,2020-11-05T00:00:00,0.0
506.815,506.815,506.815,506.815,0.0,2020-11-05T01:00:00,0.0
506.815,506.815,506.815,506.815,0.0,2020-11-05T02:00:00,0.0
506.815,506.815,506.815,506.815,0.0,2020-11-05T03:00:00,0.0
506.815,506.815,506.815,506.815,0.0,2020-11-05T04:00:00,0.0
506.815,506.815,506.815,506.815,0.0,2020-11-05T05:00:00,0.0
506.815,506.815,506.815,506.815,0.0,2020-11-05T06:00:00,0.0
506.815,506.815,506.815,506.815,0.0,2020-11-05T07:00:00,0.0
547.393,547.393,547.393,547.393,0.00555492,2020-11-05T08:00:00,3.04072432
547.393,547.393,547.393,547.393,0.0,2020-11-05T09:00:00,0.0
547.393,547.393,547.393,547.393,0.0,2020-11-05T10:00:00,0.0
547.393,547.393,547.393,547.393,0.0,2020-11-05T11:00:00,0.0
547.393,547.393,547.393,547.393,0.0,2020-11-05T12:00:00,0.0
547.393,547.393,547.393,547.393,0.0,2020-11-05T13:00:00,0.0
547.395,548.645,547.395,548.645,0.049,2020-11-05T14:00:00,26.846105
548.645,548.645,548.645,548.645,0.0,2020-11-05T15:00:00,0.0
548.645,548.645,548.645,548.645,0.0,2020-11-05T16:00:00,0.0
548.645,548.645,548.645,548.645,0.0,2020-11-05T17:00:00,0.0
548.645,548.645,548.645,548.645,0.0,2020-11-05T18:00:00,0.0
548.645,548.645,548.645,548.645,0.0,2020-11-05T19:00:00,0.0
548.645,548.645,548.645,548.645,0.0,2020-11-05T20:00:00,0.0
548.645,548.645,548.645,548.645,0.0,2020-11-05T21:00:00,0.0
548.645,548.645,548.645,548.645,0.0,2020-11-05T22:00:00,0.0
542.659,542.659,542.659,542.659,0.00919916,2020-11-05T23:00:00,4.99200696
542.659,542.659,542.659,542.659,0.0,2020-11-06T00:00:00,0.0
542.659,542.659,542.659,542.659,0.0,2020-11-06T01:00:00,0.0
542.659,542.659,542.659,542.659,0.0,2020-11-06T02:00:00,0.0
542.659,542.659,542.659,542.659,0.0,2020-11-06T03:00:00,0.0
542.659,542.659,542.659,542.659,0.0,2020-11-06T04:00:00,0.0
542.659,542.659,542.659,542.659,0.0,2020-11-06T05:00:00,0.0
542.659,542.659,542.659,542.659,0.17643323,2020-11-06T06:00:00,95.74308014
542.659,542.659,542.659,542.659,0.00633327,2020-11-06T07:00:00,3.43680596
554.3,565.3,537.035,537.035,0.09365091,2020-11-06T08:00:00,52.04088645
660.0,660.0,660.0,660.0,0.01370791,2020-11-06T09:00:00,9.0472206
660.0,660.0,660.0,660.0,0.0,2020-11-06T10:00:00,0.0
660.0,660.0,660.0,660.0,0.0,2020-11-06T11:00:00,0.0
660.0,660.0,660.0,660.0,0.0,2020-11-06T12:00:00,0.0
660.0,660.0,660.0,660.0,0.0,2020-11-06T13:00:00,0.0
660.0,660.0,660.0,660.0,0.0,2020-11-06T14:00:00,0.0
660.0,660.0,660.0,660.0,0.0,2020-11-06T15:00:00,0.0
537.035,537.035,526.585,526.585,0.21374654,2020-11-06T16:00:00,113.4717774
526.585,526.585,526.585,526.585,0.0,2020-11-06T17:00:00,0.0
526.585,526.585,526.585,526.585,0.0,2020-11-06T18:00:00,0.0
526.585,526.585,526.585,526.585,0.0,2020-11-06T19:00:00,0.0
526.585,526.585,526.585,526.585,0.0,2020-11-06T20:00:00,0.0
526.585,526.585,526.585,526.585,0.0,2020-11-06T21:00:00,0.0
526.585,526.585,526.585,526.585,0.0,2020-11-06T22:00:00,0.0
526.585,526.585,526.585,526.585,0.0,2020-11-06T23:00:00,0.0
526.585,526.585,526.585,526.585,0.0,2020-11-07T00:00:00,0.0
526.585,526.585,526.585,526.585,0.0,2020-11-07T01:00:00,0.0
526.585,526.585,526.585,526.585,0.0,2020-11-07T02:00:00,0.0
526.585,526.585,526.585,526.585,0.0,2020-11-07T03:00:00,0.0
526.585,526.585,526.585,526.585,0.0,2020-11-07T04:00:00,0.0
526.585,526.585,526.585,526.585,0.0,2020-11-07T05:00:00,0.0
526.585,526.585,526.585,526.585,0.0,2020-11-07T06:00:00,0.0
526.585,526.585,526.585,526.585,0.0,2020-11-07T07:00:00,0.0
526.585,526.585,526.585,526.585,0.0,2020-11-07T08:00:00,0.0
526.585,526.585,526.585,526.585,0.0,2020-11-07T09:00:00,0.0
526.585,526.585,526.585,526.585,0.0,2020-11-07T10:00:00,0.0
526.585,526.585,526.585,526.585,0.0,2020-11-07T11:00:00,0.0
526.585,526.585,526.585,526.585,0.0,2020-11-07T12:00:00,0.0
526.585,526.585,526.585,526.585,0.0,2020-11-07T13:00:00,0.0
526.585,526.585,526.585,526.585,0.0,2020-11-07T14:00:00,0.0
526.585,526.585,526.585,526.585,0.0,2020-11-07T15:00:00,0.0
526.585,526.585,526.585,526.585,0.0,2020-11-07T16:00:00,0.0
526.585,526.585,526.585,526.585,0.0,2020-11-07T17:00:00,0.0
526.585,526.585,521.213,521.213,0.08691299,2020-11-07T18:00:00,45.66565159
521.213,521.213,521.213,521.213,0.0,2020-11-07T19:00:00,0.0
521.213,521.213,521.213,521.213,0.0,2020-11-07T20:00:00,0.0
521.213,521.213,521.213,521.213,0.0,2020-11-07T21:00:00,0.0
521.213,521.213,521.213,521.213,0.0,2020-11-07T22:00:00,0.0
521.213,521.213,521.213,521.213,0.0,2020-11-07T23:00:00,0.0
521.213,521.213,521.213,521.213,0.0,2020-11-08T00:00:00,0.0
521.213,521.213,521.213,521.213,0.0,2020-11-08T01:00:00,0.0
521.213,521.213,521.213,521.213,0.0,2020-11-08T02:00:00,0.0
521.213,521.213,521.213,521.213,0.0,2020-11-08T03:00:00,0.0
521.213,521.213,521.213,521.213,0.0,2020-11-08T04:00:00,0.0
521.213,521.213,521.213,521.213,0.0,2020-11-08T05:00:00,0.0
521.213,521.213,521.213,521.213,0.0,2020-11-08T06:00:00,0.0
521.213,521.213,521.213,521.213,0.0,2020-11-08T07:00:00,0.0
530.426,530.426,530.426,530.426,0.01040822,2020-11-08T08:00:00,5.5207905
530.426,530.426,530.426,530.426,0.0,2020-11-08T09:00:00,0.0
530.426,530.426,530.426,530.426,0.0,2020-11-08T10:00:00,0.0
530.426,530.426,530.426,530.426,0.0,2020-11-08T11:00:00,0.0
530.426,530.426,530.426,530.426,0.0,2020-11-08T12:00:00,0.0
530.426,530.426,530.426,530.426,0.0,2020-11-08T13:00:00,0.0
530.426,530.426,530.426,530.426,0.0,2020-11-08T14:00:00,0.0
530.426,530.426,530.426,530.426,0.0,2020-11-08T15:00:00,0.0
530.426,530.426,530.426,530.426,0.0,2020-11-08T16:00:00,0.0
530.426,530.426,530.426,530.426,0.0,2020-11-08T17:00:00,0.0
530.426,530.426,530.426,530.426,0.0,2020-11-08T18:00:00,0.0
530.426,530.426,530.426,530.426,0.0,2020-11-08T19:00:00,0.0
530.426,530.426,530.426,530.426,0.0,2020-11-08T20:00:00,0.0
530.426,530.426,530.426,530.426,0.0,2020-11-08T21:00:00,0.0
530.426,530.426,530.426,530.426,0.0,2020-11-08T22:00:00,0.0
530.426,530.426,530.426,530.426,0.0,2020-11-08T23:00:00,0.0
530.426,530.426,530.426,530.426,0.0,2020-11-09T00:00:00,0.0
530.426,530.426,530.426,530.426,0.0,2020-11-09T01:00:00,0.0
530.426,530.426,530.426,530.426,0.0,2020-11-09T02:00:00,0.0
530.426,530.426,530.426,530.426,0.0,2020-11-09T03:00:00,0.0
530.426,530.426,530.426,530.426,0.0,2020-11-09T04:00:00,0.0
530.426,530.426,530.426,530.426,0.0,2020-11-09T05:00:00,0.0
530.426,530.426,530.426,530.426,0.0,2020-11-09T06:00:00,0.0
530.426,530.426,530.426,530.426,0.0,2020-11-09T07:00:00,0.0
530.426,530.426,530.426,530.426,0.01959178,2020-11-09T08:00:00,10.39198949
530.426,530.426,530.426,530.426,0.0,2020-11-09T09:00:00,0.0
530.426,530.426,530.426,530.426,0.0,2020-11-09T10:00:00,0.0
530.426,530.426,530.426,530.426,0.0,2020-11-09T11:00:00,0.0
530.426,530.426,530.426,530.426,0.0,2020-11-09T12:00:00,0.0
530.426,530.426,530.426,530.426,0.0,2020-11-09T13:00:00,0.0
530.426,530.426,530.426,530.426,0.0,2020-11-09T14:00:00,0.0
530.426,530.426,530.426,530.426,0.0,2020-11-09T15:00:00,0.0
530.426,530.426,530.426,530.426,0.0,2020-11-09T16:00:00,0.0
530.426,530.426,530.426,530.426,0.0,2020-11-09T17:00:00,0.0
530.426,530.426,530.426,530.426,0.0,2020-11-09T18:00:00,0.0
530.426,530.426,530.426,530.426,0.0,2020-11-09T19:00:00,0.0
530.426,530.426,530.426,530.426,0.0,2020-11-09T20:00:00,0.0
530.426,530.426,530.426,530.426,0.0,2020-11-09T21:00:00,0.0
530.426,530.426,530.426,530.426,0.0,2020-11-09T22:00:00,0.0
530.426,530.426,530.426,530.426,0.0,2020-11-09T23:00:00,0.0
530.426,530.426,530.426,530.426,0.0,2020-11-10T00:00:00,0.0
530.426,530.426,530.426,530.426,0.0,2020-11-10T01:00:00,0.0
530.426,530.426,530.426,530.426,0.0,2020-11-10T02:00:00,0.0
530.426,530.426,530.426,530.426,0.0,2020-11-10T03:00:00,0.0
530.426,530.426,530.426,530.426,0.0,2020-11-10T04:00:00,0.0
530.426,530.426,530.426,530.426,0.0,2020-11-10T05:00:00,0.0
530.426,530.426,530.426,530.426,0.0,2020-11-10T06:00:00,0.0
546.693,546.693,509.699,509.699,0.37384784,2020-11-10T07:00:00,197.46493369
509.699,509.699,509.699,509.699,0.0,2020-11-10T08:00:00,0.0
509.699,509.699,509.699,509.699,0.0,2020-11-10T09:00:00,0.0
509.699,509.699,509.699,509.699,0.0,2020-11-10T10:00:00,0.0
509.699,509.699,509.699,509.699,0.0,2020-11-10T11:00:00,0.0
509.699,509.699,509.699,509.699,0.0,2020-11-10T12:00:00,0.0
546.692,546.692,546.692,546.692,0.02182303,2020-11-10T13:00:00,11.93047591
546.692,546.692,546.692,546.692,0.0,2020-11-10T14:00:00,0.0
546.692,546.692,546.692,546.692,0.0,2020-11-10T15:00:00,0.0
546.692,546.692,546.692,546.692,0.0,2020-11-10T16:00:00,0.0
546.692,546.692,546.692,546.692,0.0,2020-11-10T17:00:00,0.0
546.692,546.692,546.692,546.692,0.0,2020-11-10T18:00:00,0.0
546.692,546.692,546.692,546.692,0.0,2020-11-10T19:00:00,0.0
546.692,547.585,546.692,547.585,0.25600554,2020-11-10T20:00:00,139.97998766
547.585,547.585,547.585,547.585,0.0,2020-11-10T21:00:00,0.0
552.1,554.3,552.1,554.3,0.18627232,2020-11-10T22:00:00,102.90034785
554.3,554.3,554.3,554.3,0.0,2020-11-10T23:00:00,0.0
554.3,554.3,554.3,554.3,0.0,2020-11-11T00:00:00,0.0
556.5,556.5,556.5,556.5,0.027,2020-11-11T01:00:00,15.0255
556.5,556.5,556.5,556.5,0.0,2020-11-11T02:00:00,0.0
556.5,556.5,556.5,556.5,0.0,2020-11-11T03:00:00,0.0
556.5,556.5,556.5,556.5,0.0,2020-11-11T04:00:00,0.0
556.5,556.5,556.5,556.5,0.0,2020-11-11T05:00:00,0.0
556.5,556.5,556.5,556.5,0.0,2020-11-11T06:00:00,0.0
556.5,556.5,556.5,556.5,0.0,2020-11-11T07:00:00,0.0
556.5,556.5,556.5,556.5,0.0,2020-11-11T08:00:00,0.0
556.5,556.5,556.5,556.5,0.0,2020-11-11T09:00:00,0.0
556.5,556.5,556.5,556.5,0.0,2020-11-11T10:00:00,0.0
539.284,539.284,539.284,539.284,0.00614059,2020-11-11T11:00:00,3.31152193
539.284,539.284,539.284,539.284,0.0,2020-11-11T12:00:00,0.0
539.284,539.284,539.284,539.284,0.0,2020-11-11T13:00:00,0.0
539.284,539.284,539.284,539.284,0.0,2020-11-11T14:00:00,0.0
539.284,539.284,539.284,539.284,0.0,2020-11-11T15:00:00,0.0
539.284,539.284,539.284,539.284,0.0,2020-11-11T16:00:00,0.0
539.284,539.284,539.284,539.284,0.0,2020-11-11T17:00:00,0.0
539.284,539.284,539.284,539.284,0.0,2020-11-11T18:00:00,0.0
539.284,539.284,539.284,539.284,0.0,2020-11-11T19:00:00,0.0
539.284,539.284,539.284,539.284,0.0,2020-11-11T20:00:00,0.0
539.284,539.284,539.284,539.284,0.0,2020-11-11T21:00:00,0.0
539.284,539.284,539.284,539.284,0.0,2020-11-11T22:00:00,0.0
539.284,539.284,539.284,539.284,0.0,2020-11-11T23:00:00,0.0
539.284,539.284,537.117,537.117,0.10604222,2020-11-12T00:00:00,57.12741856
537.117,537.117,537.117,537.117,0.0,2020-11-12T01:00:00,0.0
537.117,537.117,537.117,537.117,0.0,2020-11-12T02:00:00,0.0
537.117,537.117,537.117,537.117,0.0,2020-11-12T03:00:00,0.0
537.117,537.117,537.117,537.117,0.0,2020-11-12T04:00:00,0.0
537.117,537.117,537.117,537.117,0.0,2020-11-12T05:00:00,0.0
537.117,537.117,537.117,537.117,0.0,2020-11-12T06:00:00,0.0
537.117,537.117,537.117,537.117,0.0,2020-11-12T07:00:00,0.0
537.117,537.117,537.117,537.117,0.0,2020-11-12T08:00:00,0.0
537.117,537.117,537.117,537.117,0.0,2020-11-12T09:00:00,0.0
537.117,537.117,537.117,537.117,0.05269958,2020-11-12T10:00:00,28.30584031
534.985,534.985,534.985,534.985,0.027,2020-11-12T11:00:00,14.444595
534.985,534.985,534.985,534.985,0.0,2020-11-12T12:00:00,0.0
534.985,534.985,534.985,534.985,0.0,2020-11-12T13:00:00,0.0
534.985,534.985,534.985,534.985,0.0,2020-11-12T14:00:00,0.0
534.985,534.985,534.985,534.985,0.0,2020-11-12T15:00:00,0.0
534.985,534.985,534.985,534.985,0.0,2020-11-12T16:00:00,0.0
529.878,546.475,529.878,546.475,0.01608643,2020-11-12T17:00:00,8.65499285
546.475,546.475,546.475,546.475,0.0,2020-11-12T18:00:00,0.0
546.474,546.474,546.474,546.474,0.06587687,2020-11-12T19:00:00,35.99999664
546.474,546.474,546.474,546.474,0.0,2020-11-12T20:00:00,0.0
546.474,546.474,546.474,546.474,0.0,2020-11-12T21:00:00,0.0
546.474,546.474,546.474,546.474,0.0,2020-11-12T22:00:00,0.0
546.474,546.474,546.474,546.474,0.0,2020-11-12T23:00:00,0.0
546.474,546.474,546.474,546.474,0.0,2020-11-13T00:00:00,0.0
546.474,546.474,546.474,546.474,0.0,2020-11-13T01:00:00,0.0
546.474,546.474,546.474,546.474,0.0,2020-11-13T02:00:00,0.0
546.474,546.474,546.474,546.474,0.0,2020-11-13T03:00:00,0.0
546.474,546.474,546.474,546.474,0.0,2020-11-13T04:00:00,0.0
546.474,546.474,546.474,546.474,0.0,2020-11-13T05:00:00,0.0
546.474,546.474,546.474,546.474,0.0,2020-11-13T06:00:00,0.0
546.474,546.474,546.474,546.474,0.0,2020-11-13T07:00:00,0.0
546.474,546.474,546.474,546.474,0.0,2020-11-13T08:00:00,0.0
546.474,546.474,546.474,546.474,0.0,2020-11-13T09:00:00,0.0
546.474,546.474,546.474,546.474,0.0,2020-11-13T10:00:00,0.0
546.474,546.474,546.474,546.474,0.0,2020-11-13T11:00:00,0.0
546.474,546.474,546.474,546.474,0.0,2020-11-13T12:00:00,0.0
546.474,546.474,546.474,546.474,0.0,2020-11-13T13:00:00,0.0
546.474,546.474,546.474,546.474,0.0,2020-11-13T14:00:00,0.0
546.474,546.474,546.474,546.474,0.0,2020-11-13T15:00:00,0.0
546.474,546.474,546.474,546.474,0.0,2020-11-13T16:00:00,0.0
546.474,546.474,546.474,546.474,0.0,2020-11-13T17:00:00,0.0
546.474,546.474,546.474,546.474,0.0,2020-11-13T18:00:00,0.0
546.474,546.474,546.474,546.474,0.0,2020-11-13T19:00:00,0.0
546.474,546.474,546.474,546.474,0.0,2020-11-13T20:00:00,0.0
546.474,546.474,546.474,546.474,0.0,2020-11-13T21:00:00,0.0
546.474,546.474,546.474,546.474,0.0,2020-11-13T22:00:00,0.0
546.474,546.474,546.474,546.474,0.0,2020-11-13T23:00:00,0.0
546.474,546.474,546.474,546.474,0.0,2020-11-14T00:00:00,0.0
546.474,546.474,546.474,546.474,0.0,2020-11-14T01:00:00,0.0
546.474,546.474,546.474,546.474,0.0,2020-11-14T02:00:00,0.0
546.474,546.474,546.474,546.474,0.0,2020-11-14T03:00:00,0.0
546.474,546.474,546.474,546.474,0.0,2020-11-14T04:00:00,0.0
546.474,546.474,546.474,546.474,0.0,2020-11-14T05:00:00,0.0
546.474,546.474,546.474,546.474,0.0,2020-11-14T06:00:00,0.0
546.474,546.474,546.474,546.474,0.0,2020-11-14T07:00:00,0.0
546.474,546.474,546.474,546.474,0.0,2020-11-14T08:00:00,0.0
546.474,546.474,546.474,546.474,0.0,2020-11-14T09:00:00,0.0
546.474,546.474,546.474,546.474,0.0,2020-11-14T10:00:00,0.0
546.474,546.474,546.474,546.474,0.0,2020-11-14T11:00:00,0.0
546.474,546.474,546.474,546.474,0.0,2020-11-14T12:00:00,0.0
546.474,546.474,546.474,546.474,0.0,2020-11-14T13:00:00,0.0
546.474,546.474,546.474,546.474,0.0,2020-11-14T14:00:00,0.0
546.474,546.474,546.474,546.474,0.0,2020-11-14T15:00:00,0.0
546.474,546.474,546.474,546.474,0.0,2020-11-14T16:00:00,0.0
546.474,546.474,546.474,546.474,0.0,2020-11-14T17:00:00,0.0
546.474,546.474,546.474,546.474,0.0,2020-11-14T18:00:00,0.0
546.474,546.474,546.474,546.474,0.0,2020-11-14T19:00:00,0.0
546.474,546.474,546.474,546.474,0.0,2020-11-14T20:00:00,0.0
546.474,546.474,546.474,546.474,0.0,2020-11-14T21:00:00,0.0
546.474,546.474,546.474,546.474,0.0,2020-11-14T22:00:00,0.0
546.474,546.474,546.474,546.474,0.0,2020-11-14T23:00:00,0.0
546.474,546.474,546.474,546.474,0.0,2020-11-15T00:00:00,0.0
546.474,546.474,546.474,546.474,0.0,2020-11-15T01:00:00,0.0
546.474,546.474,546.474,546.474,0.0,2020-11-15T02:00:00,0.0
529.875,529.875,529.875,529.875,0.006947,2020-11-15T03:00:00,3.68104162
529.875,529.875,529.875,529.875,0.0,2020-11-15T04:00:00,0.0
529.875,529.875,529.875,529.875,0.0,2020-11-15T05:00:00,0.0
529.875,529.875,529.875,529.875,0.0,2020-11-15T06:00:00,0.0
529.875,529.875,529.875,529.875,0.0,2020-11-15T07:00:00,0.0
529.875,529.875,529.875,529.875,0.0,2020-11-15T08:00:00,0.0
529.875,529.875,529.875,529.875,0.0,2020-11-15T09:00:00,0.0
529.875,529.875,529.875,529.875,0.0,2020-11-15T10:00:00,0.0
529.875,529.875,529.774,529.774,0.08514477,2020-11-15T11:00:00,45.11416602
529.774,529.774,529.774,529.774,0.0,2020-11-15T12:00:00,0.0
529.774,529.774,529.774,529.774,0.0,2020-11-15T13:00:00,0.0
529.774,529.774,529.774,529.774,0.0,2020-11-15T14:00:00,0.0
529.774,529.774,529.774,529.774,0.0,2020-11-15T15:00:00,0.0
529.774,529.774,529.774,529.774,0.0,2020-11-15T16:00:00,0.0
529.774,529.774,529.774,529.774,0.0,2020-11-15T17:00:00,0.0
529.774,529.774,529.774,529.774,0.0,2020-11-15T18:00:00,0.0
529.774,529.774,529.774,529.774,0.0,2020-11-15T19:00:00,0.0
529.774,529.774,529.774,529.774,0.0,2020-11-15T20:00:00,0.0
529.774,529.774,529.774,529.774,0.0,2020-11-15T21:00:00,0.0
529.774,529.774,506.009,506.009,2.9932185,2020-11-15T22:00:00,1515.08795166
660.0,660.0,660.0,660.0,0.00070418,2020-11-15T23:00:00,0.4647588
660.0,660.0,660.0,660.0,0.0,2020-11-16T00:00:00,0.0
660.0,660.0,660.0,660.0,0.0,2020-11-16T01:00:00,0.0
525.0,525.015,525.0,525.008,0.25534927,2020-11-16T02:00:00,134.05968109
525.008,525.008,525.008,525.008,0.0,2020-11-16T03:00:00,0.0
525.008,525.008,525.008,525.008,0.0,2020-11-16T04:00:00,0.0
525.008,525.008,525.008,525.008,0.0,2020-11-16T05:00:00,0.0
525.008,525.008,525.008,525.008,0.0,2020-11-16T06:00:00,0.0
525.008,525.008,525.008,525.008,0.0,2020-11-16T07:00:00,0.0
525.008,525.008,525.008,525.008,0.0,2020-11-16T08:00:00,0.0
525.008,525.008,525.008,525.008,0.0,2020-11-16T09:00:00,0.0
525.008,525.008,525.008,525.008,0.0,2020-11-16T10:00:00,0.0
525.008,525.008,525.008,525.008,0.0,2020-11-16T11:00:00,0.0
525.008,525.008,525.008,525.008,0.0,2020-11-16T12:00:00,0.0
525.008,525.008,525.008,525.008,0.0,2020-11-16T13:00:00,0.0
525.008,525.008,525.008,525.008,0.0,2020-11-16T14:00:00,0.0
525.008,525.008,525.008,525.008,0.0,2020-11-16T15:00:00,0.0
526.0,526.0,526.0,526.0,0.01485038,2020-11-16T16:00:00,7.81129988
526.0,526.0,526.0,526.0,0.0,2020-11-16T17:00:00,0.0
526.0,526.0,526.0,526.0,0.0,2020-11-16T18:00:00,0.0
526.0,526.0,526.0,526.0,0.34538425,2020-11-16T19:00:00,181.6721155
526.0,526.0,526.0,526.0,0.13265261,2020-11-16T20:00:00,69.77527286
526.0,526.0,526.0,526.0,0.0,2020-11-16T21:00:00,0.0
526.0,526.0,526.0,526.0,0.0,2020-11-16T22:00:00,0.0
526.0,526.0,526.0,526.0,0.0,2020-11-16T23:00:00,0.0
526.0,526.0,526.0,526.0,0.0,2020-11-17T00:00:00,0.0
526.0,526.0,526.0,526.0,0.0,2020-11-17T01:00:00,0.0
526.0,526.0,526.0,526.0,0.0,2020-11-17T02:00:00,0.0
526.0,526.0,526.0,526.0,0.0,2020-11-17T03:00:00,0.0
526.0,526.0,526.0,526.0,0.0,2020-11-17T04:00:00,0.0
526.0,526.0,526.0,526.0,0.0,2020-11-17T05:00:00,0.0
526.0,526.0,526.0,526.0,0.0,2020-11-17T06:00:00,0.0
506.35,506.35,485.402,485.402,0.10233342,2020-11-17T07:00:00,51.46274715
485.402,485.402,485.402,485.402,0.0,2020-11-17T08:00:00,0.0
523.004,523.004,523.004,523.004,0.0304815,2020-11-17T09:00:00,15.94194642
523.004,523.004,523.004,523.004,0.02211,2020-11-17T10:00:00,11.56361844
523.004,523.004,523.004,523.004,0.1083915,2020-11-17T11:00:00,56.68918805
527.963,527.963,527.427,527.427,0.17190032,2020-11-17T12:00:00,90.68624197
527.427,527.427,527.427,527.427,0.0,2020-11-17T13:00:00,0.0
527.427,527.427,527.427,527.427,0.0,2020-11-17T14:00:00,0.0
527.427,527.427,527.427,527.427,0.0,2020-11-17T15:00:00,0.0
526.34,528.363,526.34,528.363,0.13847901,2020-11-17T16:00:00,72.98788258
528.363,528.363,528.363,528.363,0.0,2020-11-17T17:00:00,0.0
528.363,528.363,528.363,528.363,0.0,2020-11-17T18:00:00,0.0
528.363,528.363,528.363,528.363,0.0,2020-11-17T19:00:00,0.0
528.363,528.363,528.363,528.363,0.0,2020-11-17T20:00:00,0.0
528.004,528.005,492.607,492.607,0.18138678,2020-11-17T21:00:00,90.59131015
492.607,492.607,492.607,492.607,0.0,2020-11-17T22:00:00,0.0
492.607,492.607,492.607,492.607,0.0,2020-11-17T23:00:00,0.0
527.811,552.097,518.0,518.0,2.17397899,2020-11-18T00:00:00,1144.59219625
518.0,518.0,518.0,518.0,0.0,2020-11-18T01:00:00,0.0
518.0,518.0,518.0,518.0,0.0,2020-11-18T02:00:00,0.0
518.0,518.0,518.0,518.0,0.0,2020-11-18T03:00:00,0.0
519.524,552.099,519.524,534.984,0.23578635,2020-11-18T04:00:00,126.2106052
520.42,520.421,512.01,512.01,0.23980066,2020-11-18T05:00:00,124.1779108
512.01,512.01,512.01,512.01,0.0,2020-11-18T06:00:00,0.0
512.01,512.01,512.01,512.01,0.0,2020-11-18T07:00:00,0.0
512.01,512.01,512.01,512.01,0.0,2020-11-18T08:00:00,0.0
512.01,512.01,512.01,512.01,0.0,2020-11-18T09:00:00,0.0
512.01,512.01,512.01,512.01,0.0,2020-11-18T10:00:00,0.0
512.01,512.01,512.01,512.01,0.0,2020-11-18T11:00:00,0.0
512.01,512.01,512.01,512.01,0.0,2020-11-18T12:00:00,0.0
512.01,512.01,512.01,512.01,0.0,2020-11-18T13:00:00,0.0
512.01,512.01,512.01,512.01,0.0,2020-11-18T14:00:00,0.0
512.01,512.01,512.01,512.01,0.0,2020-11-18T15:00:00,0.0
512.01,512.01,512.01,512.01,0.0,2020-11-18T16:00:00,0.0
512.01,512.01,512.01,512.01,0.0,2020-11-18T17:00:00,0.0
512.01,512.01,512.01,512.01,0.0,2020-11-18T18:00:00,0.0
512.01,512.01,512.01,512.01,0.0,2020-11-18T19:00:00,0.0
512.01,512.01,512.01,512.01,0.0,2020-11-18T20:00:00,0.0
512.01,512.01,512.01,512.01,0.0,2020-11-18T21:00:00,0.0
512.01,512.01,512.01,512.01,0.0,2020-11-18T22:00:00,0.0
512.01,512.01,512.01,512.01,0.0,2020-11-18T23:00:00,0.0
512.01,512.01,512.01,512.01,0.0,2020-11-19T00:00:00,0.0
512.01,512.01,512.01,512.01,0.0,2020-11-19T01:00:00,0.0
512.01,512.01,512.01,512.01,0.0,2020-11-19T02:00:00,0.0
512.01,512.01,512.01,512.01,0.0,2020-11-19T03:00:00,0.0
512.01,512.01,512.01,512.01,0.0,2020-11-19T04:00:00,0.0
512.01,512.01,512.01,512.01,0.0,2020-11-19T05:00:00,0.0
512.01,512.01,512.01,512.01,0.0,2020-11-19T06:00:00,0.0
515.787,515.787,515.787,515.787,0.01978958,2020-11-19T07:00:00,10.20720809
515.787,515.787,515.787,515.787,0.0,2020-11-19T08:00:00,0.0
515.787,515.787,515.787,515.787,0.0,2020-11-19T09:00:00,0.0
485.478,500.272,430.001,500.272,202.11681284,2020-11-19T10:00:00,100021.37986492
500.272,500.272,500.272,500.272,0.0,2020-11-19T11:00:00,0.0
515.535,515.79,515.535,515.79,0.1772625,2020-11-19T12:00:00,91.40127292
519.58,519.58,519.58,519.58,0.029,2020-11-19T13:00:00,15.06782
519.58,519.58,519.58,519.58,0.0,2020-11-19T14:00:00,0.0
519.58,519.58,519.58,519.58,0.0,2020-11-19T15:00:00,0.0
519.58,519.58,519.58,519.58,0.0,2020-11-19T16:00:00,0.0
519.58,519.58,519.58,519.58,0.0,2020-11-19T17:00:00,0.0
519.58,519.58,519.58,519.58,0.0,2020-11-19T18:00:00,0.0
519.58,519.58,519.58,519.58,0.0,2020-11-19T19:00:00,0.0
522.401,522.401,522.401,522.401,0.00979337,2020-11-19T20:00:00,5.11606628
506.848,506.848,506.848,506.848,0.01493158,2020-11-19T21:00:00,7.56804145
506.848,506.848,506.848,506.848,0.0,2020-11-19T22:00:00,0.0
506.899,506.899,506.368,506.368,0.078,2020-11-19T23:00:00,39.5341389
506.368,506.368,506.368,506.368,0.0,2020-11-20T00:00:00,0.0
506.368,506.368,506.368,506.368,0.0,2020-11-20T01:00:00,0.0
506.368,506.368,506.368,506.368,0.0,2020-11-20T02:00:00,0.0
506.368,506.368,506.368,506.368,0.0,2020-11-20T03:00:00,0.0
506.368,506.368,506.368,506.368,0.0,2020-11-20T04:00:00,0.0
506.368,506.368,506.368,506.368,0.0,2020-11-20T05:00:00,0.0
506.368,506.368,506.368,506.368,0.0,2020-11-20T06:00:00,0.0
506.368,506.368,506.368,506.368,0.0,2020-11-20T07:00:00,0.0
506.368,506.368,506.368,506.368,0.0,2020-11-20T08:00:00,0.0
506.368,506.368,506.368,506.368,0.0,2020-11-20T09:00:00,0.0
506.368,506.368,506.368,506.368,0.0,2020-11-20T10:00:00,0.0
506.368,506.368,506.368,506.368,0.0,2020-11-20T11:00:00,0.0
522.405,522.405,522.402,522.402,0.18303384,2020-11-20T12:00:00,95.61760933
522.405,522.406,522.405,522.406,0.06576915,2020-11-20T13:00:00,34.35814579
522.406,522.406,522.406,522.406,0.0,2020-11-20T14:00:00,0.0
522.406,522.406,522.406,522.406,0.0,2020-11-20T15:00:00,0.0
522.406,522.406,522.406,522.406,0.0,2020-11-20T16:00:00,0.0
522.406,522.406,522.406,522.406,0.0,2020-11-20T17:00:00,0.0
525.264,525.265,525.264,525.265,0.03770318,2020-11-20T18:00:00,19.80415213
525.265,525.265,525.265,525.265,0.0,2020-11-20T19:00:00,0.0
525.265,525.265,525.265,525.265,0.0,2020-11-20T20:00:00,0.0
525.265,525.265,525.265,525.265,0.0,2020-11-20T21:00:00,0.0
525.265,525.265,525.265,525.265,0.0,2020-11-20T22:00:00,0.0
525.265,525.265,525.265,525.265,0.0,2020-11-20T23:00:00,0.0
525.265,525.265,525.265,525.265,0.0,2020-11-21T00:00:00,0.0
525.265,525.265,525.265,525.265,0.0,2020-11-21T01:00:00,0.0
525.265,525.265,525.265,525.265,0.0,2020-11-21T02:00:00,0.0
525.265,525.265,525.265,525.265,0.0,2020-11-21T03:00:00,0.0
525.265,525.265,525.265,525.265,0.0,2020-11-21T04:00:00,0.0
525.265,525.265,525.265,525.265,0.0,2020-11-21T05:00:00,0.0
534.932,534.932,534.932,534.932,0.013,2020-11-21T06:00:00,6.954116
534.932,534.932,534.932,534.932,0.0,2020-11-21T07:00:00,0.0
534.932,534.932,534.932,534.932,0.0,2020-11-21T08:00:00,0.0
534.932,534.932,534.932,534.932,0.0,2020-11-21T09:00:00,0.0
534.932,534.932,534.932,534.932,0.0,2020-11-21T10:00:00,0.0
534.932,534.932,534.932,534.932,0.0,2020-11-21T11:00:00,0.0
534.932,534.932,534.932,534.932,0.0,2020-11-21T12:00:00,0.0
534.932,534.932,534.932,534.932,0.0,2020-11-21T13:00:00,0.0
534.932,534.932,534.932,534.932,0.0,2020-11-21T14:00:00,0.0
534.932,534.932,534.932,534.932,0.0,2020-11-21T15:00:00,0.0
534.932,534.932,534.932,534.932,0.0,2020-11-21T16:00:00,0.0
534.932,534.932,534.932,534.932,0.0,2020-11-21T17:00:00,0.0
534.932,534.932,534.932,534.932,0.0,2020-11-21T18:00:00,0.0
534.932,534.932,534.932,534.932,0.0,2020-11-21T19:00:00,0.0
534.932,534.932,534.932,534.932,0.0,2020-11-21T20:00:00,0.0
534.932,534.932,534.932,534.932,0.0,2020-11-21T21:00:00,0.0
534.932,534.932,534.932,534.932,0.0,2020-11-21T22:00:00,0.0
550.0,550.0,550.0,550.0,0.11406118,2020-11-21T23:00:00,62.733649
550.0,556.5,550.0,556.5,0.44657739,2020-11-22T00:00:00,246.75078746
539.249,539.249,539.248,539.248,0.056,2020-11-22T01:00:00,30.197915
539.248,539.248,539.248,539.248,0.0,2020-11-22T02:00:00,0.0
539.248,539.248,539.248,539.248,0.0,2020-11-22T03:00:00,0.0
539.248,539.248,539.248,539.248,0.0,2020-11-22T04:00:00,0.0
539.248,539.248,539.248,539.248,0.0,2020-11-22T05:00:00,0.0
561.506,561.506,561.506,561.506,0.01062867,2020-11-22T06:00:00,5.96806197
561.506,561.506,561.506,561.506,0.0,2020-11-22T07:00:00,0.0
532.169,561.489,532.169,561.489,0.1189505,2020-11-22T08:00:00,63.85005847
532.131,532.131,530.016,530.016,0.09393105,2020-11-22T09:00:00,49.94338738
530.016,530.016,530.016,530.016,0.06587687,2020-11-22T10:00:00,34.91579512
514.321,514.321,514.321,514.321,0.07854311,2020-11-22T11:00:00,40.39637087
513.548,513.548,513.548,513.548,0.25674291,2020-11-22T12:00:00,131.84980794
513.548,513.548,513.548,513.548,0.0,2020-11-22T13:00:00,0.0
513.548,513.548,513.548,513.548,0.0,2020-11-22T14:00:00,0.0
513.548,513.548,513.548,513.548,0.0,2020-11-22T15:00:00,0.0
551.225,552.1,551.225,552.1,0.1393363,2020-11-22T16:00:00,76.81903595
530.109,556.5,530.109,556.5,0.14272997,2020-11-22T17:00:00,77.40309966
561.503,561.503,561.503,561.503,0.1557547,2020-11-22T18:00:00,87.45673131
593.689,598.65,593.689,598.64,0.37433151,2020-11-22T19:00:00,223.63332025
574.736,574.739,572.424,572.424,0.15234478,2020-11-22T20:00:00,87.51160946
572.424,572.424,572.424,572.424,0.0,2020-11-22T21:00:00,0.0
572.424,572.424,572.424,572.424,0.0,2020-11-22T22:00:00,0.0
572.424,572.424,572.424,572.424,0.0,2020-11-22T23:00:00,0.0
572.424,572.424,572.424,572.424,0.0,2020-11-23T00:00:00,0.0
572.424,572.424,572.424,572.424,0.0,2020-11-23T01:00:00,0.0
572.424,572.424,572.424,572.424,0.0,2020-11-23T02:00:00,0.0
572.424,572.424,572.424,572.424,0.0,2020-11-23T03:00:00,0.0
572.424,572.424,572.424,572.424,0.0,2020-11-23T04:00:00,0.0
572.424,572.424,572.424,572.424,0.0,2020-11-23T05:00:00,0.0
572.424,572.424,572.424,572.424,0.0,2020-11-23T06:00:00,0.0
572.424,572.424,572.424,572.424,0.0,2020-11-23T07:00:00,0.0
575.28,575.28,575.28,575.28,0.019,2020-11-23T08:00:00,10.93032
575.28,575.28,575.28,575.28,0.0,2020-11-23T09:00:00,0.0
575.28,575.28,575.28,575.28,0.0,2020-11-23T10:00:00,0.0
575.28,575.28,575.28,575.28,0.0,2020-11-23T11:00:00,0.0
575.28,575.28,575.28,575.28,0.0,2020-11-23T12:00:00,0.0
575.28,575.28,575.28,575.28,0.0,2020-11-23T13:00:00,0.0
575.28,575.28,575.28,575.28,0.0,2020-11-23T14:00:00,0.0
575.378,575.378,575.378,575.378,0.10531471,2020-11-23T15:00:00,60.59576721
575.378,575.378,575.378,575.378,0.0,2020-11-23T16:00:00,0.0
575.378,575.378,575.378,575.378,0.0,2020-11-23T17:00:00,0.0
593.211,594.4,593.21,594.4,0.13833333,2020-11-23T18:00:00,82.07909543
594.404,595.0,594.404,595.0,0.60730913,2020-11-23T19:00:00,361.34452139
595.0,598.57,579.253,579.253,0.0401943,2020-11-23T20:00:00,23.68896645
598.576,601.023,598.576,601.023,0.17780674,2020-11-23T21:00:00,106.59680163
601.023,643.773,601.023,633.713,0.41764417,2020-11-23T22:00:00,263.09783375
633.739,633.759,578.722,633.482,1.45529122,2020-11-23T23:00:00,898.41677978
633.482,633.482,633.482,633.482,0.0,2020-11-24T00:00:00,0.0
582.068,582.068,582.068,582.068,0.02252234,2020-11-24T01:00:00,13.10953339
582.068,582.068,582.068,582.068,0.0,2020-11-24T02:00:00,0.0
582.068,582.068,582.068,582.068,0.0,2020-11-24T03:00:00,0.0
582.068,582.068,582.068,582.068,0.0,2020-11-24T04:00:00,0.0
582.068,582.068,582.068,582.068,0.0,2020-11-24T05:00:00,0.0
586.967,641.552,586.967,586.967,0.26379577,2020-11-24T06:00:00,165.75635572
625.816,625.816,577.698,577.698,0.07797075,2020-11-24T07:00:00,45.62883876
577.698,577.698,577.698,577.698,0.0,2020-11-24T08:00:00,0.0
577.698,577.698,577.698,577.698,0.0,2020-11-24T09:00:00,0.0
625.799,649.0,580.114,580.231,1.39178604,2020-11-24T10:00:00,884.48530175
580.231,580.231,580.231,580.231,0.0,2020-11-24T11:00:00,0.0
580.231,580.231,580.231,580.231,0.0,2020-11-24T12:00:00,0.0
580.231,580.231,580.231,580.231,0.0,2020-11-24T13:00:00,0.0
580.231,580.231,580.231,580.231,0.0,2020-11-24T14:00:00,0.0
580.231,580.231,580.231,580.231,0.0,2020-11-24T15:00:00,0.0
580.231,580.231,580.231,580.231,0.0,2020-11-24T16:00:00,0.0
580.231,580.231,580.231,580.231,0.0,2020-11-24T17:00:00,0.0
580.231,580.231,580.231,580.231,0.0,2020-11-24T18:00:00,0.0
580.231,580.231,580.231,580.231,0.0,2020-11-24T19:00:00,0.0
580.231,580.231,580.231,580.231,0.0,2020-11-24T20:00:00,0.0
585.009,585.009,499.0,499.0,1.21475432,2020-11-24T21:00:00,682.83928467
642.651,642.652,502.476,502.476,0.1,2020-11-24T22:00:00,57.2563922
502.476,502.476,502.476,502.476,0.0,2020-11-24T23:00:00,0.0
502.476,502.476,502.476,502.476,0.0,2020-11-25T00:00:00,0.0
502.476,502.476,502.476,502.476,0.0,2020-11-25T01:00:00,0.0
502.476,502.476,502.476,502.476,0.0,2020-11-25T02:00:00,0.0
502.476,502.476,502.476,502.476,0.0,2020-11-25T03:00:00,0.0
502.476,502.476,502.476,502.476,0.0,2020-11-25T04:00:00,0.0
502.476,502.476,502.476,502.476,0.0,2020-11-25T05:00:00,0.0
502.476,502.476,502.476,502.476,0.0,2020-11-25T06:00:00,0.0
502.476,502.476,502.476,502.476,0.0,2020-11-25T07:00:00,0.0
572.629,572.629,572.629,572.629,0.04,2020-11-25T08:00:00,22.90516
572.629,572.629,572.629,572.629,0.0,2020-11-25T09:00:00,0.0
572.629,572.629,572.629,572.629,0.0,2020-11-25T10:00:00,0.0
572.629,572.629,572.629,572.629,0.0,2020-11-25T11:00:00,0.0
572.629,572.629,572.629,572.629,0.0,2020-11-25T12:00:00,0.0
572.629,572.629,572.629,572.629,0.0,2020-11-25T13:00:00,0.0
572.629,572.629,572.629,572.629,0.0,2020-11-25T14:00:00,0.0
572.629,572.629,572.629,572.629,0.0,2020-11-25T15:00:00,0.0
572.629,572.629,572.629,572.629,0.0,2020-11-25T16:00:00,0.0
572.629,572.629,572.629,572.629,0.0,2020-11-25T17:00:00,0.0
572.629,572.629,572.629,572.629,0.0,2020-11-25T18:00:00,0.0
572.629,572.629,572.629,572.629,0.0,2020-11-25T19:00:00,0.0
572.629,572.629,572.629,572.629,0.0,2020-11-25T20:00:00,0.0
572.629,572.629,572.629,572.629,0.0,2020-11-25T21:00:00,0.0
572.629,572.629,572.629,572.629,0.0,2020-11-25T22:00:00,0.0
561.302,631.122,561.302,631.122,0.09700273,2020-11-25T23:00:00,57.09757727
631.122,631.122,631.122,631.122,0.0,2020-11-26T00:00:00,0.0
631.122,631.122,631.122,631.122,0.0,2020-11-26T01:00:00,0.0
631.122,631.122,631.122,631.122,0.0,2020-11-26T02:00:00,0.0
631.122,631.122,631.122,631.122,0.0,2020-11-26T03:00:00,0.0
631.122,631.122,631.122,631.122,0.0,2020-11-26T04:00:00,0.0
631.122,631.122,631.122,631.122,0.0,2020-11-26T05:00:00,0.0
554.3,558.7,554.3,558.7,0.04486217,2020-11-26T06:00:00,24.95009437
532.131,532.131,532.128,532.128,0.046,2020-11-26T07:00:00,24.47794499
501.635,501.635,495.158,495.158,0.94724772,2020-11-26T08:00:00,473.14077928
495.158,495.158,495.158,495.158,0.0,2020-11-26T09:00:00,0.0
495.158,495.158,495.158,495.158,0.0,2020-11-26T10:00:00,0.0
495.158,495.158,495.158,495.158,0.0,2020-11-26T11:00:00,0.0
495.158,495.158,495.158,495.158,0.0,2020-11-26T12:00:00,0.0
495.158,495.158,495.158,495.158,0.0,2020-11-26T13:00:00,0.0
495.158,495.158,495.158,495.158,0.0,2020-11-26T14:00:00,0.0
495.158,495.158,495.158,495.158,0.0,2020-11-26T15:00:00,0.0
495.158,495.158,495.158,495.158,0.0,2020-11-26T16:00:00,0.0
496.11,496.11,493.632,493.632,0.14444077,2020-11-26T17:00:00,71.51237397
493.632,493.632,493.632,493.632,0.0,2020-11-26T18:00:00,0.0
493.632,493.632,493.632,493.632,0.0,2020-11-26T19:00:00,0.0
493.632,493.632,493.632,493.632,0.0,2020-11-26T20:00:00,0.0
493.632,493.632,493.632,493.632,0.0,2020-11-26T21:00:00,0.0
493.632,493.632,493.632,493.632,0.0,2020-11-26T22:00:00,0.0
493.632,493.632,493.632,493.632,0.0,2020-11-26T23:00:00,0.0
497.187,497.187,497.187,497.187,1.2621613,2020-11-27T00:00:00,627.53019025
497.187,497.187,497.187,497.187,0.0,2020-11-27T01:00:00,0.0
497.187,497.187,497.187,497.187,0.0,2020-11-27T02:00:00,0.0
497.187,497.187,497.187,497.187,0.0,2020-11-27T03:00:00,0.0
497.187,497.187,497.187,497.187,0.0,2020-11-27T04:00:00,0.0
497.187,497.187,497.187,497.187,0.0,2020-11-27T05:00:00,0.0
497.187,497.187,497.187,497.187,0.0,2020-11-27T06:00:00,0.0
497.187,497.187,497.187,497.187,0.0,2020-11-27T07:00:00,0.0
497.187,497.187,497.187,497.187,0.0,2020-11-27T08:00:00,0.0
497.187,497.187,497.187,497.187,0.0,2020-11-27T09:00:00,0.0
497.187,497.187,497.187,497.187,0.0,2020-11-27T10:00:00,0.0
497.187,497.187,497.187,497.187,0.0,2020-11-27T11:00:00,0.0
497.187,497.187,497.187,497.187,0.0,2020-11-27T12:00:00,0.0
497.187,497.187,497.187,497.187,0.0,2020-11-27T13:00:00,0.0
497.187,497.187,497.187,497.187,0.0,2020-11-27T14:00:00,0.0
515.666,515.666,450.001,450.001,0.45996065,2020-11-27T15:00:00,228.00899573
450.001,450.001,450.001,450.001,0.0,2020-11-27T16:00:00,0.0
558.248,558.25,558.248,558.25,0.22160468,2020-11-27T17:00:00,123.71068397
558.25,558.25,558.25,558.25,0.0,2020-11-27T18:00:00,0.0
558.25,558.25,558.25,558.25,0.0,2020-11-27T19:00:00,0.0
558.25,558.25,558.25,558.25,0.0,2020-11-27T20:00:00,0.0
558.25,558.25,558.25,558.25,0.0,2020-11-27T21:00:00,0.0
558.25,558.25,558.25,558.25,0.0,2020-11-27T22:00:00,0.0
558.25,558.25,558.25,558.25,0.0,2020-11-27T23:00:00,0.0
558.25,558.25,558.25,558.25,0.0,2020-11-28T00:00:00,0.0
558.25,558.25,558.25,558.25,0.0,2020-11-28T01:00:00,0.0
558.25,558.25,558.25,558.25,0.0,2020-11-28T02:00:00,0.0
558.25,558.25,558.25,558.25,0.0,2020-11-28T03:00:00,0.0
558.25,558.25,558.25,558.25,0.0,2020-11-28T04:00:00,0.0
558.25,558.25,558.25,558.25,0.0,2020-11-28T05:00:00,0.0
558.25,558.25,558.25,558.25,0.0,2020-11-28T06:00:00,0.0
558.25,558.25,558.25,558.25,0.0,2020-11-28T07:00:00,0.0
558.25,558.25,558.25,558.25,0.0,2020-11-28T08:00:00,0.0
558.25,558.25,558.25,558.25,0.0,2020-11-28T09:00:00,0.0
558.25,558.25,558.25,558.25,0.0,2020-11-28T10:00:00,0.0
558.25,558.25,558.25,558.25,0.0,2020-11-28T11:00:00,0.0
558.25,558.25,558.25,558.25,0.0,2020-11-28T12:00:00,0.0
558.25,558.25,558.25,558.25,0.0,2020-11-28T13:00:00,0.0
558.25,558.25,558.25,558.25,0.0,2020-11-28T14:00:00,0.0
558.25,558.25,558.25,558.25,0.0,2020-11-28T15:00:00,0.0
558.25,558.25,558.25,558.25,0.0,2020-11-28T16:00:00,0.0
558.25,558.25,558.25,558.25,0.0,2020-11-28T17:00:00,0.0
558.25,558.25,558.25,558.25,0.0,2020-11-28T18:00:00,0.0
558.25,558.25,558.25,558.25,0.0,2020-11-28T19:00:00,0.0
558.25,558.25,558.25,558.25,0.0,2020-11-28T20:00:00,0.0
558.25,558.25,558.25,558.25,0.0,2020-11-28T21:00:00,0.0
558.25,558.25,558.25,558.25,0.0,2020-11-28T22:00:00,0.0
558.25,558.25,558.25,558.25,0.0,2020-11-28T23:00:00,0.0
558.25,558.25,558.25,558.25,0.0,2020-11-29T00:00:00,0.0
558.25,558.25,558.25,558.25,0.0,2020-11-29T01:00:00,0.0
558.25,558.25,558.25,558.25,0.0,2020-11-29T02:00:00,0.0
558.25,558.25,558.25,558.25,0.0,2020-11-29T03:00:00,0.0
558.25,558.25,558.25,558.25,0.0,2020-11-29T04:00:00,0.0
558.25,558.25,558.25,558.25,0.0,2020-11-29T05:00:00,0.0
558.25,558.25,558.25,558.25,0.0,2020-11-29T06:00:00,0.0
558.25,558.25,558.25,558.25,0.0,2020-11-29T07:00:00,0.0
558.25,558.25,558.25,558.25,0.0,2020-11-29T08:00:00,0.0
558.25,558.25,558.25,558.25,0.0,2020-11-29T09:00:00,0.0
558.25,558.25,558.25,558.25,0.0,2020-11-29T10:00:00,0.0
558.25,558.25,558.25,558.25,0.0,2020-11-29T11:00:00,0.0
558.25,558.25,558.25,558.25,0.0,2020-11-29T12:00:00,0.0
558.69,558.69,558.69,558.69,0.005786,2020-11-29T13:00:00,3.23258034
558.696,558.697,558.696,558.697,0.09754734,2020-11-29T14:00:00,54.4993591
558.697,558.697,558.697,558.697,0.0,2020-11-29T15:00:00,0.0
558.696,558.697,558.688,558.689,0.06768154,2020-11-29T16:00:00,37.81334678
558.689,558.689,558.689,558.689,0.0,2020-11-29T17:00:00,0.0
558.689,558.689,558.689,558.689,0.0,2020-11-29T18:00:00,0.0
558.689,558.689,558.689,558.689,0.0,2020-11-29T19:00:00,0.0
558.689,558.689,558.689,558.689,0.0,2020-11-29T20:00:00,0.0
554.299,554.299,554.299,554.299,0.1558841,2020-11-29T21:00:00,86.40640069
554.299,554.299,554.299,554.299,0.0468702,2020-11-29T22:00:00,25.98010497
554.299,554.299,554.299,554.299,0.00659092,2020-11-29T23:00:00,3.65334036
554.299,565.3,554.299,565.3,0.43373128,2020-11-30T00:00:00,243.34446152
565.3,565.3,565.3,565.3,0.0,2020-11-30T01:00:00,0.0
565.3,565.3,565.3,565.3,0.0,2020-11-30T02:00:00,0.0
565.3,565.3,565.3,565.3,0.0,2020-11-30T03:00:00,0.0
565.3,565.3,565.3,565.3,0.0,2020-11-30T04:00:00,0.0
565.3,565.3,565.3,565.3,0.0,2020-11-30T05:00:00,0.0
565.3,565.3,565.3,565.3,0.0,2020-11-30T06:00:00,0.0
565.3,565.3,565.3,565.3,0.0,2020-11-30T07:00:00,0.0
565.3,565.3,565.3,565.3,0.0,2020-11-30T08:00:00,0.0
565.3,565.3,565.3,565.3,0.0,2020-11-30T09:00:00,0.0
565.3,565.3,565.3,565.3,0.0,2020-11-30T10:00:00,0.0
596.273,596.273,552.184,552.184,0.1951852,2020-11-30T11:00:00,111.4645519
552.184,552.184,552.184,552.184,0.0,2020-11-30T12:00:00,0.0
552.184,552.184,552.184,552.184,0.0,2020-11-30T13:00:00,0.0
546.351,546.351,546.351,546.351,0.03,2020-11-30T14:00:00,16.39053
596.272,649.0,596.272,649.0,2.0,2020-11-30T15:00:00,1270.08844585
643.772,643.772,560.029,607.507,0.50263431,2020-11-30T16:00:00,302.52175973
607.507,607.507,607.507,607.507,0.0,2020-11-30T17:00:00,0.0
607.507,607.507,607.507,607.507,0.0,2020-11-30T18:00:00,0.0
561.234,561.234,560.011,560.011,0.37597192,2020-11-30T19:00:00,210.99860422
560.011,560.011,560.011,560.011,0.0,2020-11-30T20:00:00,0.0
560.011,560.011,560.011,560.011,0.0,2020-11-30T21:00:00,0.0
599.458,599.458,599.458,599.458,0.01664843,2020-11-30T22:00:00,9.98003455
599.458,599.458,599.458,599.458,0.0,2020-11-30T23:00:00,0.0
560.393,560.394,559.955,559.955,0.40321801,2020-12-01T00:00:00,225.86472409
559.955,559.955,559.955,559.955,0.0,2020-12-01T01:00:00,0.0
559.955,559.955,559.955,559.955,0.0,2020-12-01T02:00:00,0.0
559.955,559.955,559.955,559.955,0.61683411,2020-12-01T03:00:00,345.39934404
559.955,559.955,559.955,559.955,0.0,2020-12-01T04:00:00,0.0
559.955,559.955,559.955,559.955,0.0,2020-12-01T05:00:00,0.0
559.955,559.955,559.955,559.955,0.0,2020-12-01T06:00:00,0.0
559.955,559.955,559.955,559.955,0.0,2020-12-01T07:00:00,0.0
559.955,559.955,559.955,559.955,0.0,2020-12-01T08:00:00,0.0
559.955,559.955,559.955,559.955,0.0,2020-12-01T09:00:00,0.0
559.955,559.955,559.955,559.955,0.0,2020-12-01T10:00:00,0.0
559.955,559.955,559.955,559.955,0.0,2020-12-01T11:00:00,0.0
547.679,547.682,532.011,532.013,3.92969124,2020-12-01T12:00:00,2137.05082364
532.013,532.013,532.013,532.013,0.0,2020-12-01T13:00:00,0.0
548.467,548.945,548.467,548.945,0.088,2020-12-01T14:00:00,48.27821978
548.945,549.423,548.945,549.423,0.03241377,2020-12-01T15:00:00,17.80762453
549.406,565.3,549.398,562.393,0.38762939,2020-12-01T16:00:00,214.55915965
562.393,562.393,562.393,562.393,0.0,2020-12-01T17:00:00,0.0
536.352,536.352,536.352,536.352,0.017,2020-12-01T18:00:00,9.117984
536.352,536.352,536.352,536.352,0.0,2020-12-01T19:00:00,0.0
536.352,536.352,536.352,536.352,0.0,2020-12-01T20:00:00,0.0
536.352,536.352,536.352,536.352,0.0,2020-12-01T21:00:00,0.0
536.352,536.352,536.352,536.352,0.0,2020-12-01T22:00:00,0.0
536.352,536.352,536.352,536.352,0.0,2020-12-01T23:00:00,0.0
532.128,532.128,532.128,532.128,0.017,2020-12-02T00:00:00,9.046176
532.128,532.128,532.128,532.128,0.0,2020-12-02T01:00:00,0.0
558.699,596.275,558.699,596.275,0.0359688,2020-12-02T02:00:00,20.24435007
596.275,596.275,596.275,596.275,0.0,2020-12-02T03:00:00,0.0
596.275,596.275,596.275,596.275,0.0,2020-12-02T04:00:00,0.0
596.275,596.275,596.275,596.275,0.0,2020-12-02T05:00:00,0.0
596.275,596.275,596.275,596.275,0.0,2020-12-02T06:00:00,0.0
591.321,591.323,591.321,591.323,0.16854162,2020-12-02T07:00:00,99.6622802
591.323,591.323,591.323,591.323,0.0,2020-12-02T08:00:00,0.0
591.323,591.323,591.323,591.323,0.0,2020-12-02T09:00:00,0.0
591.323,591.323,591.323,591.323,0.0,2020-12-02T10:00:00,0.0
591.288,591.288,591.288,591.288,0.12521571,2020-12-02T11:00:00,74.03854673
548.965,549.013,548.962,549.013,0.06265973,2020-12-02T12:00:00,34.39901984
549.013,549.013,549.013,549.013,0.0,2020-12-02T13:00:00,0.0
549.013,549.013,549.013,549.013,0.0,2020-12-02T14:00:00,0.0
549.013,549.013,549.013,549.013,0.0,2020-12-02T15:00:00,0.0
549.013,549.013,549.013,549.013,0.0,2020-12-02T16:00:00,0.0
549.013,549.013,549.013,549.013,0.0,2020-12-02T17:00:00,0.0
549.013,549.013,549.013,549.013,0.0,2020-12-02T18:00:00,0.0
549.013,549.013,549.013,549.013,0.0,2020-12-02T19:00:00,0.0
549.013,549.013,549.013,549.013,0.0,2020-12-02T20:00:00,0.0
549.013,549.013,549.013,549.013,0.0,2020-12-02T21:00:00,0.0
549.013,549.013,549.013,549.013,0.0,2020-12-02T22:00:00,0.0
549.013,549.013,549.013,549.013,0.0,2020-12-02T23:00:00,0.0
549.013,549.013,549.013,549.013,0.0,2020-12-03T00:00:00,0.0
549.013,549.013,549.013,549.013,0.0,2020-12-03T01:00:00,0.0
549.013,549.013,549.013,549.013,0.0,2020-12-03T02:00:00,0.0
549.013,549.013,549.013,549.013,0.0,2020-12-03T03:00:00,0.0
549.013,549.013,549.013,549.013,0.0,2020-12-03T04:00:00,0.0
549.013,549.013,549.013,549.013,0.0,2020-12-03T05:00:00,0.0
549.013,549.013,549.013,549.013,0.0,2020-12-03T06:00:00,0.0
549.013,549.013,549.013,549.013,0.0,2020-12-03T07:00:00,0.0
583.996,583.999,583.996,583.999,0.01980943,2020-12-03T08:00:00,11.5686424
583.999,583.999,583.999,583.999,0.0,2020-12-03T09:00:00,0.0
583.999,583.999,583.999,583.999,0.0,2020-12-03T10:00:00,0.0
583.999,583.999,583.999,583.999,0.0,2020-12-03T11:00:00,0.0
583.999,583.999,583.999,583.999,0.0,2020-12-03T12:00:00,0.0
583.999,583.999,583.999,583.999,0.0,2020-12-03T13:00:00,0.0
583.997,583.999,583.997,583.999,0.07049615,2020-12-03T14:00:00,41.1696471
583.999,583.999,583.999,583.999,0.0,2020-12-03T15:00:00,0.0
583.999,583.999,583.999,583.999,0.0,2020-12-03T16:00:00,0.0
559.712,594.7,559.712,594.7,0.25903167,2020-12-03T17:00:00,148.14919994
594.7,594.7,594.7,594.7,0.0,2020-12-03T18:00:00,0.0
594.7,594.7,594.7,594.7,0.0,2020-12-03T19:00:00,0.0
594.7,594.7,594.7,594.7,0.0,2020-12-03T20:00:00,0.0
594.7,594.7,594.7,594.7,0.0,2020-12-03T21:00:00,0.0
594.7,594.7,594.7,594.7,0.0,2020-12-03T22:00:00,0.0
594.7,594.7,594.7,594.7,0.0,2020-12-03T23:00:00,0.0
596.275,596.275,596.275,596.275,0.01705933,2020-12-04T00:00:00,10.17205199
596.275,596.275,596.275,596.275,0.0,2020-12-04T01:00:00,0.0
596.275,596.275,596.275,596.275,0.0,2020-12-04T02:00:00,0.0
596.275,596.275,596.275,596.275,0.0,2020-12-04T03:00:00,0.0
596.275,596.275,596.275,596.275,0.0,2020-12-04T04:00:00,0.0
596.275,596.275,596.275,596.275,0.0,2020-12-04T05:00:00,0.0
596.275,596.275,596.275,596.275,0.0,2020-12-04T06:00:00,0.0
572.424,572.424,572.424,572.424,0.07464556,2020-12-04T07:00:00,42.72891003
572.424,572.424,572.424,572.424,0.05362589,2020-12-04T08:00:00,30.69674645
572.424,572.424,572.424,572.424,0.0,2020-12-04T09:00:00,0.0
572.424,572.424,572.424,572.424,0.0,2020-12-04T10:00:00,0.0
572.424,572.424,572.424,572.424,0.0,2020-12-04T11:00:00,0.0
572.424,572.424,572.424,572.424,0.0,2020-12-04T12:00:00,0.0
572.424,572.424,572.424,572.424,0.0,2020-12-04T13:00:00,0.0
572.424,572.424,572.424,572.424,0.0,2020-12-04T14:00:00,0.0
564.075,564.075,529.112,529.112,0.29048323,2020-12-04T15:00:00,158.77624555
529.112,529.112,529.112,529.112,0.0,2020-12-04T16:00:00,0.0
529.112,529.112,529.112,529.112,0.0,2020-12-04T17:00:00,0.0
529.112,529.112,529.112,529.112,0.0,2020-12-04T18:00:00,0.0
529.112,529.112,529.112,529.112,0.0,2020-12-04T19:00:00,0.0
529.112,529.112,529.112,529.112,0.0,2020-12-04T20:00:00,0.0
529.112,529.112,529.112,529.112,0.0,2020-12-04T21:00:00,0.0
527.457,527.457,527.446,527.446,0.12657661,2020-12-04T22:00:00,66.76276662
527.446,527.446,527.446,527.446,0.0,2020-12-04T23:00:00,0.0
527.446,527.446,527.446,527.446,0.0,2020-12-05T00:00:00,0.0
527.446,527.446,527.446,527.446,0.0,2020-12-05T01:00:00,0.0
527.446,527.446,527.446,527.446,0.0,2020-12-05T02:00:00,0.0
527.446,527.446,527.446,527.446,0.0,2020-12-05T03:00:00,0.0
527.446,527.446,527.446,527.446,0.0,2020-12-05T04:00:00,0.0
527.446,527.446,527.446,527.446,0.0,2020-12-05T05:00:00,0.0
527.446,527.446,527.446,527.446,0.0,2020-12-05T06:00:00,0.0
527.446,527.446,527.446,527.446,0.0,2020-12-05T07:00:00,0.0
527.446,527.446,527.446,527.446,0.0,2020-12-05T08:00:00,0.0
527.446,527.446,527.446,527.446,0.0,2020-12-05T09:00:00,0.0
527.446,527.446,527.446,527.446,0.0,2020-12-05T10:00:00,0.0
527.446,527.446,527.446,527.446,0.0,2020-12-05T11:00:00,0.0
527.446,527.446,527.446,527.446,0.0,2020-12-05T12:00:00,0.0
527.446,527.446,527.446,527.446,0.0,2020-12-05T13:00:00,0.0
527.446,527.446,527.446,527.446,0.0,2020-12-05T14:00:00,0.0
527.446,527.446,527.446,527.446,0.0,2020-12-05T15:00:00,0.0
527.44,527.44,527.44,527.44,0.12214373,2020-12-05T16:00:00,64.42348894
527.44,527.44,527.44,527.44,0.0,2020-12-05T17:00:00,0.0
527.44,527.44,527.44,527.44,0.0,2020-12-05T18:00:00,0.0
527.44,527.44,527.44,527.44,0.0,2020-12-05T19:00:00,0.0
527.44,527.44,527.44,527.44,0.0,2020-12-05T20:00:00,0.0
527.44,527.44,527.44,527.44,0.0,2020-12-05T21:00:00,0.0
527.44,527.44,527.44,527.44,0.0,2020-12-05T22:00:00,0.0
527.44,527.44,527.44,527.44,0.0,2020-12-05T23:00:00,0.0
527.44,527.44,527.44,527.44,0.0,2020-12-06T00:00:00,0.0
527.44,527.44,527.44,527.44,0.0,2020-12-06T01:00:00,0.0
527.44,527.44,527.44,527.44,0.0,2020-12-06T02:00:00,0.0
527.44,527.44,527.44,527.44,0.0,2020-12-06T03:00:00,0.0
527.44,527.44,527.44,527.44,0.0,2020-12-06T04:00:00,0.0
527.44,527.44,527.44,527.44,0.0,2020-12-06T05:00:00,0.0
527.44,527.44,527.44,527.44,0.0,2020-12-06T06:00:00,0.0
540.0,540.0,519.992,519.992,0.0112,2020-12-06T07:00:00,5.9359552
519.992,519.992,516.45,516.45,0.27437593,2020-12-06T08:00:00,141.95249163
516.45,516.45,516.45,516.45,0.0,2020-12-06T09:00:00,0.0
516.45,516.45,516.45,516.45,0.0,2020-12-06T10:00:00,0.0
516.45,516.45,516.45,516.45,0.0,2020-12-06T11:00:00,0.0
516.45,516.45,516.45,516.45,0.0,2020-12-06T12:00:00,0.0
516.45,516.45,516.45,516.45,0.0,2020-12-06T13:00:00,0.0
516.45,516.45,516.45,516.45,0.0,2020-12-06T14:00:00,0.0
516.45,516.45,516.45,516.45,0.05846457,2020-12-06T15:00:00,30.19402717
516.45,516.45,516.45,516.45,0.17542839,2020-12-06T16:00:00,90.599992
516.45,516.45,516.45,516.45,0.0,2020-12-06T17:00:00,0.0
516.45,516.45,516.45,516.45,0.0,2020-12-06T18:00:00,0.0
516.45,516.45,516.45,516.45,0.0,2020-12-06T19:00:00,0.0
516.45,516.45,516.45,516.45,0.0,2020-12-06T20:00:00,0.0
516.45,516.45,516.45,516.45,0.0,2020-12-06T21:00:00,0.0
516.45,516.45,516.45,516.45,0.0,2020-12-06T22:00:00,0.0
516.45,516.45,516.45,516.45,0.0,2020-12-06T23:00:00,0.0
516.45,516.45,516.45,516.45,0.0,2020-12-07T00:00:00,0.0
516.45,516.45,516.45,516.45,0.0,2020-12-07T01:00:00,0.0
516.45,516.45,516.45,516.45,0.0,2020-12-07T02:00:00,0.0
516.45,516.45,516.45,516.45,0.0,2020-12-07T03:00:00,0.0
516.45,516.45,516.45,516.45,0.0,2020-12-07T04:00:00,0.0
516.45,516.45,516.45,516.45,0.0,2020-12-07T05:00:00,0.0
516.45,516.45,516.45,516.45,0.0,2020-12-07T06:00:00,0.0
516.45,516.45,516.45,516.45,0.0,2020-12-07T07:00:00,0.0
516.45,516.45,516.45,516.45,0.0,2020-12-07T08:00:00,0.0
516.45,516.45,516.45,516.45,0.0,2020-12-07T09:00:00,0.0
516.45,516.45,516.45,516.45,0.029,2020-12-07T10:00:00,14.97705
516.45,516.45,516.45,516.45,0.0584875,2020-12-07T11:00:00,30.20586937
516.45,516.45,516.45,516.45,0.0,2020-12-07T12:00:00,0.0
521.855,521.855,521.855,521.855,0.03742815,2020-12-07T13:00:00,19.53206721
521.855,521.855,521.855,521.855,0.0,2020-12-07T14:00:00,0.0
520.416,521.855,520.416,521.855,3.16004648,2020-12-07T15:00:00,1649.02996865
521.855,521.855,521.855,521.855,0.0,2020-12-07T16:00:00,0.0
521.855,521.855,521.855,521.855,0.0,2020-12-07T17:00:00,0.0
521.855,521.855,521.855,521.855,0.0,2020-12-07T18:00:00,0.0
521.855,521.855,521.855,521.855,0.0,2020-12-07T19:00:00,0.0
541.283,541.283,541.283,541.283,0.01361576,2020-12-07T20:00:00,7.36997942
541.283,541.283,541.283,541.283,0.0,2020-12-07T21:00:00,0.0
541.283,541.283,541.283,541.283,0.0,2020-12-07T22:00:00,0.0
541.283,541.283,541.283,541.283,0.0,2020-12-07T23:00:00,0.0
541.283,541.283,541.283,541.283,0.0,2020-12-08T00:00:00,0.0
538.267,538.267,538.267,538.267,0.05207177,2020-12-08T01:00:00,28.02851542
538.267,538.267,538.267,538.267,0.0,2020-12-08T02:00:00,0.0
538.267,538.267,538.267,538.267,0.0,2020-12-08T03:00:00,0.0
538.267,538.267,538.267,538.267,0.0,2020-12-08T04:00:00,0.0
538.267,538.267,538.267,538.267,0.0,2020-12-08T05:00:00,0.0
538.267,538.267,538.267,538.267,0.0,2020-12-08T06:00:00,0.0
538.154,538.154,538.154,538.154,0.09290917,2020-12-08T07:00:00,49.99944147
538.154,538.154,538.154,538.154,0.0,2020-12-08T08:00:00,0.0
510.675,510.676,510.672,510.672,0.17154953,2020-12-08T09:00:00,87.60587951
510.672,510.672,510.672,510.672,0.0,2020-12-08T10:00:00,0.0
510.672,510.672,510.672,510.672,0.0,2020-12-08T11:00:00,0.0
505.005,505.005,501.0,501.0,0.06876414,2020-12-08T12:00:00,34.54094664
501.0,501.0,501.0,501.0,0.0,2020-12-08T13:00:00,0.0
503.705,503.705,503.705,503.705,0.02354895,2020-12-08T14:00:00,11.86172385
503.705,503.705,503.705,503.705,0.0,2020-12-08T15:00:00,0.0
503.705,503.705,503.705,503.705,0.0,2020-12-08T16:00:00,0.0
503.705,503.705,503.705,503.705,0.0,2020-12-08T17:00:00,0.0
524.866,524.867,524.866,524.867,0.04645458,2020-12-08T18:00:00,24.38243672
501.002,501.002,501.002,501.002,0.04076618,2020-12-08T19:00:00,20.42393771
501.002,501.002,501.002,501.002,0.10923382,2020-12-08T20:00:00,54.72636228
501.002,501.002,501.002,501.002,0.0,2020-12-08T21:00:00,0.0
