Epoch Time,Open,High,Low,Close,VWAP,Volume,Count,Date (UTC),Time (UTC)
1604941200,443.16,445.60,442.18,445.59,444.09,1936.16424525,535,2020-11-09,17:00:00
1604944800,445.62,446.84,443.25,446.52,445.49,1558.64208633,448,2020-11-09,18:00:00
1604948400,446.51,447.96,445.06,446.69,446.84,2209.84336493,564,2020-11-09,19:00:00
1604952000,446.69,450.02,446.06,447.00,448.35,5715.85991317,805,2020-11-09,20:00:00
1604955600,446.99,450.83,446.99,447.90,448.41,2233.79307386,490,2020-11-09,21:00:00
1604959200,447.73,447.94,441.82,442.78,443.49,5086.81764337,737,2020-11-09,22:00:00
1604962800,442.96,445.68,442.48,444.33,444.14,2360.19342467,459,2020-11-09,23:00:00
1604966400,444.69,445.35,439.00,445.18,441.94,5469.53700091,1255,2020-11-10,00:00:00
1604970000,445.50,448.67,444.23,447.67,447.27,1786.88403355,441,2020-11-10,01:00:00
1604973600,447.79,448.68,446.11,446.11,447.26,791.40117315,219,2020-11-10,02:00:00
1604977200,446.10,449.87,444.61,449.86,446.87,1253.39470227,331,2020-11-10,03:00:00
1604980800,449.87,452.24,447.57,451.26,449.72,1669.54072416,456,2020-11-10,04:00:00
1604984400,451.60,453.28,448.79,449.50,451.38,6117.49522694,701,2020-11-10,05:00:00
1604988000,449.74,451.20,446.49,447.96,448.51,957.78991105,350,2020-11-10,06:00:00
1604991600,448.09,450.27,446.81,449.13,449.21,2066.22243038,282,2020-11-10,07:00:00
1604995200,449.13,454.87,449.13,451.29,452.96,2891.98274809,580,2020-11-10,08:00:00
1604998800,451.28,455.00,451.27,453.12,453.08,1178.04728385,369,2020-11-10,09:00:00
1605002400,452.91,453.59,447.94,449.06,450.55,2261.88476513,471,2020-11-10,10:00:00
1605006000,449.06,450.21,445.00,447.75,447.20,2549.28954260,553,2020-11-10,11:00:00
1605009600,447.76,450.51,446.27,448.43,448.60,600.38696464,309,2020-11-10,12:00:00
1605013200,448.50,448.60,444.59,447.90,446.00,4668.87770514,765,2020-11-10,13:00:00
1605016800,447.89,448.55,443.00,444.29,445.82,2399.65052971,619,2020-11-10,14:00:00
1605020400,444.28,445.41,441.21,443.57,443.10,3831.91901703,823,2020-11-10,15:00:00
1605024000,443.62,447.08,442.49,445.60,445.55,1840.10599173,443,2020-11-10,16:00:00
1605027600,445.74,447.50,445.29,447.39,446.34,2052.04195010,341,2020-11-10,17:00:00
1605031200,447.39,447.39,444.28,446.75,445.45,781.91295860,335,2020-11-10,18:00:00
1605034800,446.74,449.50,445.50,448.41,447.72,872.40209447,387,2020-11-10,19:00:00
1605038400,448.90,452.89,448.25,450.02,451.71,3259.83177223,858,2020-11-10,20:00:00
1605042000,450.13,452.99,450.13,451.73,451.91,1268.79589497,497,2020-11-10,21:00:00
1605045600,451.92,454.68,450.71,454.38,453.49,4558.71509295,508,2020-11-10,22:00:00
1605049200,454.38,455.16,450.04,451.35,452.80,1128.73101124,463,2020-11-10,23:00:00
1605052800,451.59,465.00,450.02,463.66,460.41,10172.30097735,1990,2020-11-11,00:00:00
1605056400,463.69,466.99,462.50,463.91,464.39,4970.30665691,948,2020-11-11,01:00:00
1605060000,463.91,465.00,460.04,462.37,462.88,2876.07441850,620,2020-11-11,02:00:00
1605063600,462.57,465.00,461.97,463.80,463.29,1772.36465038,290,2020-11-11,03:00:00
1605067200,463.50,466.43,459.22,460.74,462.47,3322.45197289,624,2020-11-11,04:00:00
1605070800,460.86,461.67,458.50,460.24,459.67,2021.55076141,372,2020-11-11,05:00:00
1605074400,460.25,462.59,460.25,460.41,461.22,885.07419693,243,2020-11-11,06:00:00
1605078000,460.03,463.10,460.00,462.85,462.26,793.32644376,245,2020-11-11,07:00:00
1605081600,462.95,464.01,459.21,459.86,461.90,1260.75975622,563,2020-11-11,08:00:00
1605085200,460.02,462.70,456.15,459.00,458.12,5647.09722594,850,2020-11-11,09:00:00
1605088800,459.00,464.30,459.00,464.30,461.80,2151.78703789,562,2020-11-11,10:00:00
1605092400,464.30,464.51,460.09,460.86,462.88,3153.51812527,578,2020-11-11,11:00:00
1605096000,460.60,462.65,459.00,461.73,461.26,1691.26262606,471,2020-11-11,12:00:00
1605099600,461.73,463.50,459.50,459.50,461.11,2365.17623415,500,2020-11-11,13:00:00
1605103200,459.50,462.86,459.30,462.86,461.41,1032.25630030,348,2020-11-11,14:00:00
1605106800,462.86,463.38,462.00,462.57,462.44,1581.75097008,406,2020-11-11,15:00:00
1605110400,462.56,474.30,462.56,470.78,469.58,8500.47721016,2077,2020-11-11,16:00:00
1605114000,470.77,472.72,467.42,469.82,470.34,4660.21511306,1111,2020-11-11,17:00:00
1605117600,469.90,476.57,469.80,470.92,473.19,5191.93858848,1353,2020-11-11,18:00:00
1605121200,471.36,472.31,467.20,468.60,470.54,3923.06565207,784,2020-11-11,19:00:00
1605124800,468.61,469.08,460.76,466.33,464.61,6968.96317492,1702,2020-11-11,20:00:00
1605128400,466.32,467.19,462.34,467.19,465.06,2026.46809959,621,2020-11-11,21:00:00
1605132000,467.13,468.65,464.82,466.80,467.14,1612.33295572,509,2020-11-11,22:00:00
1605135600,466.80,466.80,463.11,464.39,464.23,1741.18841655,457,2020-11-11,23:00:00
1605139200,463.69,464.58,451.10,458.92,456.55,10329.08499796,1745,2020-11-12,00:00:00
1605142800,458.75,459.50,457.50,459.50,458.31,1068.41531761,253,2020-11-12,01:00:00
1605146400,458.97,460.06,457.50,458.77,459.08,1682.06123864,320,2020-11-12,02:00:00
1605150000,458.77,459.88,458.13,458.62,459.20,658.81571283,294,2020-11-12,03:00:00
1605153600,459.15,459.83,458.18,459.27,459.28,271.72053628,166,2020-11-12,04:00:00
1605157200,459.27,462.14,459.27,461.20,461.59,912.73305151,361,2020-11-12,05:00:00
1605160800,461.20,464.00,460.83,462.93,462.77,2057.44969755,464,2020-11-12,06:00:00
1605164400,462.74,466.75,462.14,465.77,465.13,1665.50713893,585,2020-11-12,07:00:00
1605168000,465.77,467.00,463.00,463.46,465.30,2047.08643988,612,2020-11-12,08:00:00
1605171600,463.44,468.72,463.25,468.02,465.55,1322.56731804,526,2020-11-12,09:00:00
1605175200,468.14,470.00,457.53,458.34,464.89,7720.64978801,1322,2020-11-12,10:00:00
1605178800,458.01,462.15,456.00,460.73,459.64,2659.89928541,662,2020-11-12,11:00:00
1605182400,460.06,462.72,460.04,461.90,461.54,3208.59045690,478,2020-11-12,12:00:00
1605186000,461.87,462.84,459.39,462.55,461.38,1125.14172539,360,2020-11-12,13:00:00
1605189600,462.85,465.67,455.85,459.39,461.52,6054.91831269,1242,2020-11-12,14:00:00
1605193200,459.62,462.99,457.59,462.03,459.83,2966.45616864,675,2020-11-12,15:00:00
1605196800,461.95,462.03,456.00,458.02,457.75,3283.63765256,757,2020-11-12,16:00:00
1605200400,458.01,459.34,454.05,454.14,456.63,2781.18257269,572,2020-11-12,17:00:00
1605204000,454.14,457.10,452.78,456.65,455.50,6889.13561995,1209,2020-11-12,18:00:00
1605207600,456.83,457.75,455.45,457.49,456.33,1158.02810590,468,2020-11-12,19:00:00
1605211200,457.49,459.54,456.65,457.96,458.19,1547.18673837,465,2020-11-12,20:00:00
1605214800,457.96,463.10,457.96,463.10,460.97,2170.92003427,625,2020-11-12,21:00:00
1605218400,463.11,465.00,461.74,462.34,463.64,2478.23947292,691,2020-11-12,22:00:00
1605222000,462.78,463.99,461.37,462.86,462.76,775.51689339,257,2020-11-12,23:00:00
1605225600,463.11,466.81,461.83,464.15,464.59,4336.99220561,1168,2020-11-13,00:00:00
1605229200,464.25,467.54,464.04,465.51,466.00,1731.15059946,368,2020-11-13,01:00:00
1605232800,465.55,466.14,462.98,464.15,464.06,1665.74318804,422,2020-11-13,02:00:00
1605236400,464.16,465.46,463.27,464.90,464.54,1117.02424149,184,2020-11-13,03:00:00
1605240000,464.78,465.54,462.81,463.75,464.08,1504.31829790,282,2020-11-13,04:00:00
1605243600,463.74,463.74,459.90,461.19,461.29,2222.49836544,779,2020-11-13,05:00:00
1605247200,461.13,462.40,460.15,462.00,461.50,756.02739325,432,2020-11-13,06:00:00
1605250800,462.00,462.00,458.00,461.32,460.20,1734.89036722,480,2020-11-13,07:00:00
1605254400,461.32,465.99,458.63,465.00,461.78,1910.12111077,533,2020-11-13,08:00:00
1605258000,465.00,469.00,465.00,467.65,467.28,2197.24190528,747,2020-11-13,09:00:00
1605261600,467.65,467.75,461.75,463.72,464.28,3013.52058501,664,2020-11-13,10:00:00
1605265200,463.55,465.26,461.82,464.65,463.73,877.05778596,438,2020-11-13,11:00:00
1605268800,464.75,467.99,463.57,465.86,465.97,1195.20310524,529,2020-11-13,12:00:00
1605272400,465.98,473.00,465.15,471.73,469.52,14458.73464716,1473,2020-11-13,13:00:00
1605276000,471.73,474.00,468.60,472.65,472.08,7157.93706306,1088,2020-11-13,14:00:00
1605279600,472.65,473.17,468.50,469.53,470.04,3679.00203417,754,2020-11-13,15:00:00
1605283200,469.86,472.20,465.17,469.88,468.66,3991.69652346,882,2020-11-13,16:00:00
1605286800,469.88,471.61,467.17,471.61,469.69,1908.87116969,444,2020-11-13,17:00:00
1605290400,471.61,472.93,471.13,472.39,471.91,1469.91237202,496,2020-11-13,18:00:00
1605294000,472.50,475.00,472.29,474.12,473.38,5591.85935516,828,2020-11-13,19:00:00
1605297600,474.00,474.00,470.13,470.41,471.72,2549.40695720,584,2020-11-13,20:00:00
1605301200,470.40,472.66,470.12,472.28,471.47,1352.02644972,387,2020-11-13,21:00:00
1605304800,472.29,478.48,472.27,477.02,476.02,7371.72557936,1202,2020-11-13,22:00:00
1605308400,477.03,477.87,475.00,477.06,476.74,1789.07663689,560,2020-11-13,23:00:00
1605312000,477.26,477.98,472.45,474.44,474.77,1878.05347272,789,2020-11-14,00:00:00
1605315600,474.50,474.50,471.46,471.47,472.61,1086.44587886,406,2020-11-14,01:00:00
1605319200,471.60,472.96,469.40,471.21,471.03,2729.21462491,514,2020-11-14,02:00:00
1605322800,470.51,472.55,470.15,472.10,471.31,672.88417437,247,2020-11-14,03:00:00
1605326400,472.05,472.05,466.79,469.09,469.62,2530.33926587,553,2020-11-14,04:00:00
1605330000,469.04,469.09,466.25,469.09,467.54,1232.33308083,375,2020-11-14,05:00:00
1605333600,469.53,470.64,468.82,470.32,469.69,504.04083231,216,2020-11-14,06:00:00
1605337200,470.32,470.32,465.55,467.21,467.01,2245.85464794,540,2020-11-14,07:00:00
1605340800,466.80,467.55,459.78,463.62,462.60,5274.85604732,1008,2020-11-14,08:00:00
1605344400,463.61,463.61,455.53,456.39,458.52,5299.75756307,888,2020-11-14,09:00:00
1605348000,456.13,460.19,454.31,456.85,457.42,3411.10721295,661,2020-11-14,10:00:00
1605351600,456.52,459.76,456.01,459.08,458.77,661.28932906,194,2020-11-14,11:00:00
1605355200,458.80,460.77,457.12,460.75,458.29,992.96180522,316,2020-11-14,12:00:00
1605358800,460.64,461.70,458.98,460.54,460.23,539.01541234,233,2020-11-14,13:00:00
1605362400,460.63,462.50,460.63,461.41,461.74,1757.69243213,361,2020-11-14,14:00:00
1605366000,461.24,461.42,459.00,459.12,460.16,1617.33718804,295,2020-11-14,15:00:00
1605369600,459.18,462.13,456.17,456.61,459.02,1806.77966136,481,2020-11-14,16:00:00
1605373200,456.67,460.28,451.95,459.91,455.07,5340.05423439,1186,2020-11-14,17:00:00
1605376800,460.05,460.98,459.24,460.44,460.28,905.94679420,283,2020-11-14,18:00:00
1605380400,460.32,461.48,459.48,460.64,460.65,460.11304597,304,2020-11-14,19:00:00
1605384000,460.37,461.95,458.39,461.75,460.43,1511.07559513,339,2020-11-14,20:00:00
1605387600,461.93,462.00,459.61,460.06,461.10,527.71998841,250,2020-11-14,21:00:00
1605391200,460.18,462.67,460.18,462.28,461.97,533.22803860,247,2020-11-14,22:00:00
1605394800,462.31,464.29,461.09,461.18,463.31,2273.72546723,503,2020-11-14,23:00:00
1605398400,461.38,463.14,460.15,462.36,462.31,951.29541139,754,2020-11-15,00:00:00
1605402000,462.46,463.00,459.85,460.48,461.17,676.82665525,224,2020-11-15,01:00:00
1605405600,460.48,460.65,458.27,458.87,459.71,1368.32945993,380,2020-11-15,02:00:00
1605409200,458.82,458.90,457.12,458.38,458.13,825.35393317,244,2020-11-15,03:00:00
1605412800,458.38,459.68,457.06,459.36,458.92,531.54607820,224,2020-11-15,04:00:00
1605416400,459.37,461.60,458.82,461.39,460.71,636.46837842,264,2020-11-15,05:00:00
1605420000,461.48,461.78,460.55,460.90,461.34,743.04228667,272,2020-11-15,06:00:00
1605423600,460.96,462.25,460.19,461.18,461.15,872.30700766,181,2020-11-15,07:00:00
1605427200,460.97,462.81,460.97,461.31,461.89,492.76861691,147,2020-11-15,08:00:00
1605430800,461.50,461.50,459.53,460.12,460.19,998.33335012,273,2020-11-15,09:00:00
1605434400,460.13,460.53,457.57,458.19,458.55,1047.46529944,286,2020-11-15,10:00:00
1605438000,458.17,460.65,455.80,455.81,457.49,724.87144666,365,2020-11-15,11:00:00
1605441600,455.80,458.76,455.00,456.65,456.96,1675.88061814,327,2020-11-15,12:00:00
1605445200,456.63,458.98,455.47,458.43,457.58,1025.09920977,336,2020-11-15,13:00:00
1605448800,458.42,459.42,457.28,457.96,458.52,466.52670842,212,2020-11-15,14:00:00
1605452400,457.82,458.22,455.97,456.23,456.93,1051.05225272,305,2020-11-15,15:00:00
1605456000,456.43,457.26,452.05,454.23,453.93,3488.81167917,747,2020-11-15,16:00:00
1605459600,454.22,454.22,444.68,445.94,449.09,10014.33028768,2176,2020-11-15,17:00:00
1605463200,446.14,447.85,443.60,446.90,445.23,3345.49645549,918,2020-11-15,18:00:00
1605466800,446.89,448.17,445.01,445.71,446.10,2242.41254987,688,2020-11-15,19:00:00
1605470400,445.34,446.39,442.00,443.75,444.11,2624.95790208,963,2020-11-15,20:00:00
1605474000,443.75,445.42,442.94,444.01,443.93,1679.55865544,368,2020-11-15,21:00:00
1605477600,444.00,447.69,440.44,446.64,443.05,5715.63640670,1254,2020-11-15,22:00:00
1605481200,446.64,451.37,446.64,448.49,449.70,3704.05821577,815,2020-11-15,23:00:00
1605484800,448.22,450.85,445.95,450.43,448.12,2100.20784971,561,2020-11-16,00:00:00
1605488400,450.42,451.56,449.01,449.01,450.32,3565.55533938,838,2020-11-16,01:00:00
1605492000,449.01,450.12,447.42,447.54,448.97,847.88411562,275,2020-11-16,02:00:00
1605495600,447.81,450.45,447.75,449.98,448.99,1363.49675037,339,2020-11-16,03:00:00
1605499200,449.99,451.01,449.15,451.01,449.90,416.37361575,351,2020-11-16,04:00:00
1605502800,451.05,453.79,451.05,451.90,452.39,856.47691581,445,2020-11-16,05:00:00
1605506400,451.91,455.43,451.91,455.39,454.29,1659.40121855,506,2020-11-16,06:00:00
1605510000,455.45,456.51,454.40,455.40,455.44,1055.98021541,386,2020-11-16,07:00:00
1605513600,455.41,455.78,454.18,454.18,455.17,789.74220917,254,2020-11-16,08:00:00
1605517200,454.19,455.01,450.42,452.51,451.95,1320.60013588,485,2020-11-16,09:00:00
1605520800,452.61,456.20,451.98,456.20,454.42,1300.05841332,486,2020-11-16,10:00:00
1605524400,456.20,456.40,452.61,452.61,455.28,1224.26542354,424,2020-11-16,11:00:00
1605528000,452.62,454.61,451.94,454.15,453.55,924.44790952,327,2020-11-16,12:00:00
1605531600,454.21,456.59,453.42,456.04,455.73,1530.71411923,392,2020-11-16,13:00:00
1605535200,456.03,461.54,456.03,459.72,459.76,6196.50178636,1047,2020-11-16,14:00:00
1605538800,459.79,460.34,458.05,459.53,459.10,2145.70827554,496,2020-11-16,15:00:00
1605542400,459.84,464.23,457.53,460.98,461.11,6582.29696097,1311,2020-11-16,16:00:00
1605546000,460.84,464.30,460.84,462.38,463.22,3261.00766243,722,2020-11-16,17:00:00
1605549600,462.40,464.30,461.66,462.01,462.57,2470.28593864,586,2020-11-16,18:00:00
1605553200,462.00,464.26,461.23,462.50,462.89,3150.33376292,600,2020-11-16,19:00:00
1605556800,462.51,463.02,461.63,462.63,462.50,1199.17375494,471,2020-11-16,20:00:00
1605560400,462.63,466.00,456.34,458.99,461.76,4259.59988517,1224,2020-11-16,21:00:00
1605564000,458.79,461.50,458.46,461.21,460.33,2072.83134140,367,2020-11-16,22:00:00
1605567600,461.48,464.92,460.30,460.30,462.66,2306.77333823,550,2020-11-16,23:00:00
1605571200,460.73,468.00,460.29,468.00,465.36,3138.57771543,1024,2020-11-17,00:00:00
1605574800,468.00,469.02,465.40,465.40,467.27,2699.42282007,730,2020-11-17,01:00:00
1605578400,465.23,466.71,463.83,464.24,465.68,990.38124678,384,2020-11-17,02:00:00
1605582000,464.24,464.83,462.03,462.34,463.63,926.48167055,375,2020-11-17,03:00:00
1605585600,462.34,466.39,462.00,466.00,464.75,748.57989503,304,2020-11-17,04:00:00
1605589200,465.93,466.22,463.66,463.66,465.37,726.79985599,243,2020-11-17,05:00:00
1605592800,463.99,465.81,463.81,463.92,465.10,1176.89581647,293,2020-11-17,06:00:00
1605596400,463.93,466.50,463.92,466.34,465.71,531.36151331,270,2020-11-17,07:00:00
1605600000,466.42,467.03,465.23,465.43,465.72,1093.18297069,269,2020-11-17,08:00:00
1605603600,465.45,466.36,462.18,462.98,464.61,1484.03551466,331,2020-11-17,09:00:00
1605607200,462.95,465.36,462.71,465.23,463.97,638.21861472,220,2020-11-17,10:00:00
1605610800,465.30,467.17,464.72,466.62,466.08,1871.97167095,420,2020-11-17,11:00:00
1605614400,466.63,472.71,465.43,471.50,470.11,5128.30501285,1033,2020-11-17,12:00:00
1605618000,471.44,471.50,468.00,468.06,469.71,1576.39143365,566,2020-11-17,13:00:00
1605621600,468.06,471.26,466.67,470.78,469.96,3426.03990151,688,2020-11-17,14:00:00
1605625200,470.77,474.49,467.56,473.90,471.48,8812.64213238,1364,2020-11-17,15:00:00
1605628800,473.90,483.50,472.96,481.95,479.50,22419.27253760,3081,2020-11-17,16:00:00
1605632400,481.81,483.66,473.99,480.89,479.75,9554.66824508,2062,2020-11-17,17:00:00
1605636000,481.01,481.01,476.47,477.81,478.99,4190.24954814,1010,2020-11-17,18:00:00
1605639600,477.81,484.90,476.50,483.34,482.61,7233.06395689,1271,2020-11-17,19:00:00
1605643200,483.51,484.83,481.60,483.08,483.13,3330.73331376,728,2020-11-17,20:00:00
1605646800,482.79,483.00,479.21,480.89,480.49,4070.31062481,708,2020-11-17,21:00:00
1605650400,481.13,481.69,476.74,480.70,478.51,2554.50970082,738,2020-11-17,22:00:00
1605654000,480.82,483.54,480.82,482.89,482.40,1987.97393277,437,2020-11-17,23:00:00
1605657600,482.79,489.09,482.63,487.28,486.10,7776.47490512,1426,2020-11-18,00:00:00
1605661200,487.28,488.32,484.50,487.98,486.30,1247.27061122,385,2020-11-18,01:00:00
1605664800,487.70,487.71,484.46,484.85,485.84,1532.51554569,311,2020-11-18,02:00:00
1605668400,485.17,488.91,481.29,488.81,486.57,4713.00804097,701,2020-11-18,03:00:00
1605672000,488.84,495.40,488.84,493.81,491.29,14598.47921557,2104,2020-11-18,04:00:00
1605675600,493.78,494.44,454.56,470.60,472.93,37039.03859218,6155,2020-11-18,05:00:00
1605679200,470.40,476.87,465.92,473.27,473.21,8930.97749760,1532,2020-11-18,06:00:00
1605682800,472.10,478.10,469.00,477.83,473.33,4856.38611210,841,2020-11-18,07:00:00
1605686400,478.07,482.02,477.27,479.89,479.49,6253.98806186,963,2020-11-18,08:00:00
1605690000,480.09,480.09,473.24,476.99,476.58,5613.93137835,882,2020-11-18,09:00:00
1605693600,476.78,482.54,474.72,482.54,478.35,1374.20521750,456,2020-11-18,10:00:00
1605697200,482.54,482.55,476.52,480.65,479.41,4688.45651973,636,2020-11-18,11:00:00
1605700800,480.86,480.92,476.24,476.99,479.26,1933.41664381,481,2020-11-18,12:00:00
1605704400,477.03,479.58,473.74,475.23,476.74,4084.48393604,633,2020-11-18,13:00:00
1605708000,475.22,477.17,470.72,471.55,474.20,4966.47926855,856,2020-11-18,14:00:00
1605711600,471.09,474.81,464.02,474.49,469.43,9293.25632273,1665,2020-11-18,15:00:00
1605715200,474.53,476.39,469.38,474.09,474.57,4644.58743841,885,2020-11-18,16:00:00
1605718800,474.12,477.26,472.65,475.92,475.05,2600.23451796,801,2020-11-18,17:00:00
1605722400,475.92,475.92,473.11,473.12,474.50,1936.99342584,579,2020-11-18,18:00:00
1605726000,473.35,475.53,471.22,473.55,472.85,3928.43490873,623,2020-11-18,19:00:00
1605729600,473.55,473.55,470.03,472.08,471.69,2681.07501171,725,2020-11-18,20:00:00
1605733200,471.92,474.51,471.42,474.48,473.22,1323.28634930,371,2020-11-18,21:00:00
1605736800,474.51,480.60,472.55,480.60,477.11,3307.42445879,759,2020-11-18,22:00:00
1605740400,480.53,480.80,477.62,479.11,479.44,2213.86229306,551,2020-11-18,23:00:00
1605744000,479.26,480.81,474.72,479.00,477.31,7572.24915328,1014,2020-11-19,00:00:00
1605747600,479.10,480.68,478.01,480.52,479.63,744.71505548,311,2020-11-19,01:00:00
1605751200,480.48,481.99,478.84,478.85,480.18,2002.89670885,386,2020-11-19,02:00:00
1605754800,479.00,480.33,477.70,477.91,478.79,1228.48417024,230,2020-11-19,03:00:00
1605758400,478.44,478.51,475.63,477.03,476.67,535.02210714,237,2020-11-19,04:00:00
1605762000,477.04,477.04,474.84,476.71,475.79,661.75189248,252,2020-11-19,05:00:00
1605765600,476.91,477.31,472.51,473.66,474.52,1887.93582879,377,2020-11-19,06:00:00
1605769200,473.66,474.11,471.31,472.27,472.62,895.61149229,339,2020-11-19,07:00:00
1605772800,472.19,473.51,467.20,469.91,469.69,2536.37145561,684,2020-11-19,08:00:00
1605776400,469.80,470.91,465.20,467.03,467.31,1249.53306495,539,2020-11-19,09:00:00
1605780000,466.86,471.03,465.52,470.12,467.99,1394.80040693,440,2020-11-19,10:00:00
1605783600,469.99,473.81,469.68,473.50,471.14,1474.17320830,434,2020-11-19,11:00:00
1605787200,473.71,475.37,472.77,474.33,473.90,2214.59083380,540,2020-11-19,12:00:00
1605790800,474.11,477.25,474.11,476.91,476.15,1616.80453801,532,2020-11-19,13:00:00
1605794400,476.90,478.66,474.11,478.27,476.93,5712.01735154,773,2020-11-19,14:00:00
1605798000,478.40,479.21,476.11,476.50,477.52,2278.73456286,646,2020-11-19,15:00:00
1605801600,476.31,477.96,473.86,476.10,475.73,2375.53363933,730,2020-11-19,16:00:00
1605805200,476.11,476.11,473.21,474.93,474.62,5150.90281335,648,2020-11-19,17:00:00
1605808800,475.00,476.90,472.99,473.34,474.89,904.26583103,398,2020-11-19,18:00:00
1605812400,473.22,475.00,472.23,474.66,473.36,981.32973593,374,2020-11-19,19:00:00
1605816000,474.66,475.51,473.79,475.51,474.58,1411.48942247,367,2020-11-19,20:00:00
1605819600,475.51,476.70,472.26,472.98,473.98,965.14182516,538,2020-11-19,21:00:00
1605823200,473.00,474.05,472.00,472.71,473.02,1115.60527993,433,2020-11-19,22:00:00
1605826800,472.71,473.30,469.50,471.97,470.86,1447.21575638,486,2020-11-19,23:00:00
1605830400,472.05,473.79,471.56,471.56,472.82,558.48586621,365,2020-11-20,00:00:00
1605834000,471.95,479.71,471.50,479.71,476.46,1668.04224732,670,2020-11-20,01:00:00
1605837600,479.71,483.71,478.88,482.33,481.73,3128.02894354,969,2020-11-20,02:00:00
1605841200,482.51,489.63,482.51,485.01,486.85,7897.22724721,1353,2020-11-20,03:00:00
1605844800,485.01,488.42,485.01,486.62,486.90,2549.17940475,620,2020-11-20,04:00:00
1605848400,486.62,486.99,483.03,485.00,484.87,2990.06226690,509,2020-11-20,05:00:00
1605852000,485.17,485.61,481.81,484.90,483.28,1593.66957514,365,2020-11-20,06:00:00
1605855600,484.91,494.10,484.43,491.60,490.34,8389.88463016,1846,2020-11-20,07:00:00
1605859200,491.79,500.00,490.82,500.00,498.29,14093.34349990,2448,2020-11-20,08:00:00
1605862800,500.00,500.50,492.94,495.99,496.97,6514.82172851,1338,2020-11-20,09:00:00
1605866400,496.00,507.11,494.36,505.51,502.28,4786.00510684,1435,2020-11-20,10:00:00
1605870000,505.52,508.00,503.12,505.48,505.20,3550.10980580,929,2020-11-20,11:00:00
1605873600,505.84,510.01,505.26,505.77,507.75,4666.65166298,1290,2020-11-20,12:00:00
1605877200,505.78,509.26,504.37,508.15,507.22,2926.34001181,934,2020-11-20,13:00:00
1605880800,508.11,511.00,506.17,507.50,508.50,3870.63881001,1133,2020-11-20,14:00:00
1605884400,507.50,507.50,501.13,505.19,504.74,5638.39005101,1447,2020-11-20,15:00:00
1605888000,505.24,509.78,505.24,509.00,508.03,3958.71547682,1125,2020-11-20,16:00:00
1605891600,508.97,514.77,506.78,514.53,511.56,7251.08342648,1533,2020-11-20,17:00:00
1605895200,514.39,514.39,504.07,508.05,509.11,6782.24230249,1785,2020-11-20,18:00:00
1605898800,508.23,511.00,507.00,509.78,509.75,1895.23898367,651,2020-11-20,19:00:00
1605902400,509.98,512.75,507.93,509.99,510.80,4630.22585796,973,2020-11-20,20:00:00
1605906000,509.98,509.98,506.77,509.05,508.55,1666.40667925,669,2020-11-20,21:00:00
1605909600,509.06,509.29,504.38,508.37,506.96,1171.04432651,635,2020-11-20,22:00:00
1605913200,508.37,510.58,505.82,510.38,509.00,6386.22454510,796,2020-11-20,23:00:00
1605916800,510.37,517.98,510.14,516.43,515.13,10004.27147831,2142,2020-11-21,00:00:00
1605920400,516.38,517.44,514.50,514.85,515.88,2688.03511112,677,2020-11-21,01:00:00
1605924000,514.91,518.80,507.28,508.51,513.13,4778.10853443,1413,2020-11-21,02:00:00
1605927600,508.82,512.57,508.06,508.63,510.55,2168.08535445,594,2020-11-21,03:00:00
1605931200,508.63,508.72,502.72,505.51,505.40,3263.92403962,813,2020-11-21,04:00:00
1605934800,505.50,508.83,505.04,508.52,507.11,811.65602005,345,2020-11-21,05:00:00
1605938400,508.52,512.81,508.52,510.32,511.05,1355.11537944,685,2020-11-21,06:00:00
1605942000,510.38,511.96,508.23,510.87,510.28,644.56287605,375,2020-11-21,07:00:00
1605945600,510.71,517.87,510.71,517.87,514.64,1802.25823590,745,2020-11-21,08:00:00
1605949200,517.87,518.07,511.21,512.27,514.87,1894.00655499,927,2020-11-21,09:00:00
1605952800,512.12,515.67,510.59,511.67,513.44,1390.54933127,551,2020-11-21,10:00:00
1605956400,512.17,513.97,508.47,510.01,511.23,1106.01616477,512,2020-11-21,11:00:00
1605960000,510.01,515.87,507.16,514.46,513.11,1830.17186144,699,2020-11-21,12:00:00
1605963600,514.47,524.29,514.36,523.39,520.04,10343.10525139,1770,2020-11-21,13:00:00
1605967200,523.39,534.98,520.95,533.66,526.57,12641.74182372,2319,2020-11-21,14:00:00
1605970800,533.68,540.35,530.50,537.80,535.80,8276.46380518,1944,2020-11-21,15:00:00
1605974400,537.93,547.70,531.08,539.50,540.84,8630.77177044,1480,2020-11-21,16:00:00
1605978000,540.00,545.80,534.25,545.06,540.99,7466.14115773,1722,2020-11-21,17:00:00
1605981600,545.19,545.88,539.97,541.86,542.38,3706.22403099,914,2020-11-21,18:00:00
1605985200,542.04,545.88,538.17,542.45,541.03,2695.49902460,801,2020-11-21,19:00:00
1605988800,542.45,542.45,538.47,541.69,539.83,1799.43919461,580,2020-11-21,20:00:00
1605992400,541.68,544.78,537.31,544.31,540.70,1742.48934560,684,2020-11-21,21:00:00
1605996000,544.32,544.90,536.10,542.66,540.38,3823.79700633,890,2020-11-21,22:00:00
1605999600,542.91,553.50,540.04,552.55,547.77,7298.27488105,1488,2020-11-21,23:00:00
1606003200,552.57,561.98,544.46,550.78,555.17,10278.84909725,2666,2020-11-22,00:00:00
1606006800,550.90,554.65,536.85,542.01,545.28,8974.29010948,2086,2020-11-22,01:00:00
1606010400,542.00,550.52,541.44,549.00,546.99,2998.83362799,750,2020-11-22,02:00:00
1606014000,549.00,550.00,545.82,549.63,547.48,3546.06855861,570,2020-11-22,03:00:00
1606017600,549.42,549.76,544.75,547.54,546.66,1512.51426381,308,2020-11-22,04:00:00
1606021200,547.44,548.27,541.54,543.89,544.73,1373.43312254,393,2020-11-22,05:00:00
1606024800,543.47,545.03,538.12,543.68,541.47,1805.32419643,690,2020-11-22,06:00:00
1606028400,543.68,543.68,530.63,542.60,536.25,7793.33182782,1200,2020-11-22,07:00:00
1606032000,542.50,542.65,535.40,535.80,537.78,1745.94152083,491,2020-11-22,08:00:00
1606035600,535.76,545.00,534.23,544.37,537.45,4105.35188483,879,2020-11-22,09:00:00
1606039200,543.69,544.05,535.00,538.34,539.83,1800.87098259,871,2020-11-22,10:00:00
1606042800,538.19,538.84,512.00,522.96,523.83,13496.65537171,2636,2020-11-22,11:00:00
1606046400,522.48,529.98,519.95,527.16,525.74,5244.76707838,1173,2020-11-22,12:00:00
1606050000,527.28,534.74,525.15,533.13,530.60,2583.58101737,856,2020-11-22,13:00:00
1606053600,533.00,535.03,529.76,530.35,531.88,1625.36186585,552,2020-11-22,14:00:00
1606057200,530.67,534.99,529.88,534.78,532.53,910.68153520,403,2020-11-22,15:00:00
1606060800,534.89,555.53,533.05,553.60,548.21,8591.00260632,1963,2020-11-22,16:00:00
1606064400,553.51,555.63,548.51,553.64,552.34,5688.77767518,1135,2020-11-22,17:00:00
1606068000,553.26,568.78,553.26,563.14,563.08,11258.83862361,2273,2020-11-22,18:00:00
1606071600,563.16,574.80,563.16,573.72,569.50,9293.76981398,2271,2020-11-22,19:00:00
1606075200,573.69,576.15,561.56,567.57,570.36,9409.43298667,2200,2020-11-22,20:00:00
1606078800,568.46,575.80,563.50,573.91,570.57,3808.52191830,1164,2020-11-22,21:00:00
1606082400,573.53,581.82,570.45,574.34,577.20,5368.50112073,1726,2020-11-22,22:00:00
1606086000,574.36,574.36,555.60,561.48,565.04,7441.29035978,1894,2020-11-22,23:00:00
1606089600,560.88,568.88,551.11,552.75,558.46,6481.18558587,2004,2020-11-23,00:00:00
1606093200,552.75,562.75,550.62,560.38,557.25,5038.89782103,1337,2020-11-23,01:00:00
1606096800,560.86,564.93,559.14,560.80,562.69,1877.78209302,538,2020-11-23,02:00:00
1606100400,560.46,577.12,559.69,574.09,571.74,3826.81055801,1296,2020-11-23,03:00:00
1606104000,574.01,586.76,573.22,582.17,581.77,5271.05654987,1813,2020-11-23,04:00:00
1606107600,582.27,584.34,577.10,581.19,580.51,3410.70208753,952,2020-11-23,05:00:00
1606111200,580.92,586.57,573.93,585.99,579.09,4699.91364715,1046,2020-11-23,06:00:00
1606114800,585.99,587.82,579.39,581.14,582.66,3260.33457078,843,2020-11-23,07:00:00
1606118400,581.72,587.30,581.72,582.43,584.66,3451.51640378,898,2020-11-23,08:00:00
1606122000,582.61,593.60,581.22,592.85,588.98,7452.00173671,1521,2020-11-23,09:00:00
1606125600,593.13,597.30,588.55,596.00,593.54,4201.02484861,1361,2020-11-23,10:00:00
1606129200,596.47,597.89,590.01,591.63,594.28,5871.43205963,1293,2020-11-23,11:00:00
1606132800,591.63,595.74,583.96,594.96,590.33,6872.44220607,1421,2020-11-23,12:00:00
1606136400,594.90,600.70,577.71,599.95,590.37,15761.15352600,3144,2020-11-23,13:00:00
1606140000,599.95,609.00,596.17,600.12,601.94,19142.05531099,3582,2020-11-23,14:00:00
1606143600,600.12,601.46,587.01,590.63,593.96,13981.30936528,2778,2020-11-23,15:00:00
1606147200,592.00,597.00,582.48,596.97,590.95,8494.86719242,2038,2020-11-23,16:00:00
1606150800,596.39,601.94,594.27,597.41,597.96,4677.50392841,1370,2020-11-23,17:00:00
1606154400,597.37,598.38,591.53,593.61,594.79,3870.14478780,1028,2020-11-23,18:00:00
1606158000,593.68,598.28,590.25,598.28,595.35,2695.08734060,902,2020-11-23,19:00:00
1606161600,598.31,599.72,593.61,596.90,596.39,3102.32349063,862,2020-11-23,20:00:00
1606165200,596.89,608.73,593.74,606.14,602.84,6659.01398162,1798,2020-11-23,21:00:00
1606168800,606.05,611.58,601.30,610.34,606.93,7615.74302883,2002,2020-11-23,22:00:00
1606172400,610.50,610.80,602.45,609.09,606.30,5103.93876787,1461,2020-11-23,23:00:00
1606176000,609.01,612.86,600.58,612.01,606.30,4627.93089623,1387,2020-11-24,00:00:00
1606179600,611.40,621.40,610.01,617.78,617.26,10471.02782104,2265,2020-11-24,01:00:00
1606183200,617.75,619.56,611.94,612.51,616.04,4505.94908374,1355,2020-11-24,02:00:00
1606186800,612.51,617.13,612.21,614.57,615.12,2984.09794763,937,2020-11-24,03:00:00
1606190400,614.01,620.87,613.05,619.70,618.34,3104.76571507,912,2020-11-24,04:00:00
1606194000,619.01,619.01,613.50,614.46,615.60,4056.33038036,1127,2020-11-24,05:00:00
1606197600,614.46,614.46,590.00,608.79,602.54,22078.05884417,4680,2020-11-24,06:00:00
1606201200,608.80,612.51,603.75,605.65,607.92,4193.34902061,980,2020-11-24,07:00:00
1606204800,605.62,623.47,605.62,621.94,617.56,6241.01984540,1522,2020-11-24,08:00:00
1606208400,622.06,622.65,608.00,609.03,614.27,9286.23621129,2320,2020-11-24,09:00:00
1606212000,609.36,610.53,592.00,607.30,602.02,13909.27902282,2822,2020-11-24,10:00:00
1606215600,607.30,608.85,601.74,607.11,604.53,5692.98672457,998,2020-11-24,11:00:00
1606219200,607.09,607.12,592.84,598.00,599.10,9142.41286431,1779,2020-11-24,12:00:00
1606222800,597.93,606.46,594.40,604.82,600.39,5478.26786869,1229,2020-11-24,13:00:00
1606226400,604.67,606.34,601.00,602.01,603.83,3879.42151557,1149,2020-11-24,14:00:00
1606230000,602.49,608.20,601.30,608.01,604.05,3229.94277359,919,2020-11-24,15:00:00
1606233600,607.62,614.12,603.48,609.36,609.87,4798.34221865,1426,2020-11-24,16:00:00
1606237200,608.59,611.59,605.58,606.55,608.55,3166.58705091,1090,2020-11-24,17:00:00
1606240800,606.70,608.47,603.69,607.29,605.39,2440.93721466,926,2020-11-24,18:00:00
1606244400,607.29,610.88,607.25,607.81,609.37,2364.07022673,893,2020-11-24,19:00:00
1606248000,607.88,613.00,602.80,607.20,608.20,4908.89048183,1409,2020-11-24,20:00:00
1606251600,607.19,608.23,598.46,600.01,601.45,6652.90012182,1562,2020-11-24,21:00:00
1606255200,600.01,604.00,597.00,603.47,601.54,3504.29844751,853,2020-11-24,22:00:00
1606258800,603.48,605.97,602.64,605.28,604.51,2240.32136137,651,2020-11-24,23:00:00
1606262400,605.28,606.63,601.55,602.34,604.23,2495.05875562,814,2020-11-25,00:00:00
1606266000,602.33,605.31,602.16,605.01,604.58,1088.25229032,514,2020-11-25,01:00:00
1606269600,604.89,605.08,593.00,593.89,596.54,5410.09756838,1217,2020-11-25,02:00:00
1606273200,593.90,595.81,580.10,584.98,587.64,7909.12078462,1860,2020-11-25,03:00:00
1606276800,584.99,590.05,581.10,582.37,585.76,3210.08960272,966,2020-11-25,04:00:00
1606280400,582.32,590.36,580.00,589.72,584.07,3977.98271030,913,2020-11-25,05:00:00
1606284000,590.14,595.19,589.20,593.36,592.28,2685.16269984,720,2020-11-25,06:00:00
1606287600,592.10,597.40,590.16,593.20,594.38,2547.02987387,825,2020-11-25,07:00:00
1606291200,593.21,598.75,593.21,596.71,596.22,2531.18339689,701,2020-11-25,08:00:00
1606294800,596.38,597.40,594.24,595.90,595.25,1278.72908297,372,2020-11-25,09:00:00
1606298400,596.20,604.95,596.20,602.17,601.60,3453.65621314,870,2020-11-25,10:00:00
1606302000,602.16,603.17,599.76,601.52,601.31,1849.04976541,535,2020-11-25,11:00:00
1606305600,601.99,602.72,596.65,600.00,599.27,1359.64110087,538,2020-11-25,12:00:00
1606309200,600.01,603.99,591.00,593.84,596.92,3842.26201048,1200,2020-11-25,13:00:00
1606312800,593.86,596.79,591.29,596.50,594.04,2050.17086881,712,2020-11-25,14:00:00
1606316400,596.62,598.28,592.88,593.74,596.01,1562.28971534,601,2020-11-25,15:00:00
1606320000,594.20,597.48,586.39,587.91,589.60,8027.30338427,1331,2020-11-25,16:00:00
1606323600,587.80,590.38,583.61,590.38,587.59,3590.90366926,1080,2020-11-25,17:00:00
1606327200,590.39,593.36,589.38,591.54,591.76,1791.04934178,523,2020-11-25,18:00:00
1606330800,591.92,593.52,583.00,586.67,588.44,3834.60673734,965,2020-11-25,19:00:00
1606334400,586.33,589.15,574.63,581.67,579.29,8086.05295058,2051,2020-11-25,20:00:00
1606338000,581.13,584.64,576.00,578.78,581.88,5002.06932143,1068,2020-11-25,21:00:00
1606341600,578.50,579.70,563.17,569.66,571.30,10456.15456757,2626,2020-11-25,22:00:00
1606345200,569.70,574.39,554.00,569.52,564.22,8827.27549647,2575,2020-11-25,23:00:00
1606348800,569.30,577.43,563.26,575.53,573.80,10555.74063726,2173,2020-11-26,00:00:00
1606352400,575.81,576.03,568.14,570.13,571.02,2233.93421491,578,2020-11-26,01:00:00
1606356000,569.50,569.50,552.30,554.99,559.33,7860.61542874,1902,2020-11-26,02:00:00
1606359600,554.00,554.00,507.00,532.95,531.25,58439.70432245,9894,2020-11-26,03:00:00
1606363200,532.94,537.19,520.45,526.87,529.61,12390.44442531,2839,2020-11-26,04:00:00
1606366800,526.92,533.74,522.96,528.78,529.04,6170.58862973,1472,2020-11-26,05:00:00
1606370400,528.74,533.18,525.34,532.39,530.28,3545.00070752,1164,2020-11-26,06:00:00
1606374000,531.91,532.30,509.00,516.12,519.27,9270.92733360,2042,2020-11-26,07:00:00
1606377600,515.19,516.44,478.38,498.90,496.08,32649.73118794,7518,2020-11-26,08:00:00
1606381200,499.28,508.50,494.00,503.52,501.30,11806.03099543,2943,2020-11-26,09:00:00
1606384800,503.99,514.91,503.20,513.17,508.50,11019.43186286,1851,2020-11-26,10:00:00
1606388400,512.97,520.93,509.47,513.12,516.01,8592.50868083,1805,2020-11-26,11:00:00
1606392000,513.10,526.49,509.21,525.26,520.00,4895.61469926,1483,2020-11-26,12:00:00
1606395600,525.31,526.22,511.87,511.87,520.48,2587.50627568,850,2020-11-26,13:00:00
1606399200,512.88,516.23,499.38,502.88,508.57,7805.97814245,1827,2020-11-26,14:00:00
1606402800,502.40,519.24,501.27,508.01,512.61,5691.40055089,1405,2020-11-26,15:00:00
1606406400,507.88,512.28,494.17,497.26,503.21,8992.59506043,2056,2020-11-26,16:00:00
1606410000,497.29,497.29,482.16,496.12,490.09,13103.25308194,3315,2020-11-26,17:00:00
1606413600,495.94,503.00,492.96,494.86,497.23,7720.74095631,1549,2020-11-26,18:00:00
1606417200,494.96,504.36,488.46,500.75,495.25,8414.65600578,1766,2020-11-26,19:00:00
1606420800,500.91,524.99,500.91,524.20,516.37,12791.11550553,2616,2020-11-26,20:00:00
1606424400,523.83,524.21,512.59,513.66,519.22,8719.55846929,1570,2020-11-26,21:00:00
1606428000,514.34,523.23,513.31,521.60,519.44,3173.37125536,896,2020-11-26,22:00:00
1606431600,521.50,521.50,513.01,520.00,517.35,1831.60964230,617,2020-11-26,23:00:00
1606435200,520.29,530.49,515.86,529.16,525.24,4588.93383056,1705,2020-11-27,00:00:00
1606438800,529.47,530.99,525.09,526.37,529.15,4047.76365246,1011,2020-11-27,01:00:00
1606442400,526.69,528.86,516.28,517.02,522.16,2486.80262063,690,2020-11-27,02:00:00
1606446000,517.82,524.47,517.81,519.80,521.68,1899.37860938,475,2020-11-27,03:00:00
1606449600,519.99,525.17,519.11,520.55,521.92,1656.37578861,382,2020-11-27,04:00:00
1606453200,520.55,529.21,520.55,527.22,526.88,2351.97507171,573,2020-11-27,05:00:00
1606456800,527.20,527.51,523.68,526.01,525.11,2061.43581608,444,2020-11-27,06:00:00
1606460400,525.26,525.26,515.82,517.23,520.16,1867.08744771,651,2020-11-27,07:00:00
1606464000,517.25,517.90,503.15,508.18,509.10,5197.78242990,1598,2020-11-27,08:00:00
1606467600,509.20,515.48,502.16,504.05,509.26,2679.71724509,919,2020-11-27,09:00:00
1606471200,503.86,512.37,503.86,512.03,508.86,2189.40464271,598,2020-11-27,10:00:00
1606474800,511.87,511.87,504.75,506.83,507.62,1135.90194201,570,2020-11-27,11:00:00
1606478400,507.56,514.00,506.70,513.84,509.34,1374.75979914,465,2020-11-27,12:00:00
1606482000,513.85,516.23,511.15,511.71,513.87,5060.35709596,784,2020-11-27,13:00:00
1606485600,511.63,513.92,505.67,507.16,509.26,2957.53137397,838,2020-11-27,14:00:00
1606489200,507.54,508.32,493.44,496.72,501.20,18000.55045109,2294,2020-11-27,15:00:00
1606492800,496.27,507.13,494.10,507.00,503.23,5449.38991002,1218,2020-11-27,16:00:00
1606496400,507.02,507.02,502.33,504.48,504.73,6524.32822415,709,2020-11-27,17:00:00
1606500000,504.52,509.13,503.18,506.66,506.76,1344.05309846,619,2020-11-27,18:00:00
1606503600,506.51,508.74,504.79,507.28,506.90,1111.51519488,383,2020-11-27,19:00:00
1606507200,506.90,515.47,505.16,515.00,513.52,7602.66314384,995,2020-11-27,20:00:00
1606510800,514.99,516.56,510.67,515.87,514.09,2409.02880181,677,2020-11-27,21:00:00
1606514400,515.87,519.18,512.80,514.19,515.15,921.58323149,557,2020-11-27,22:00:00
1606518000,514.18,518.81,513.92,518.80,516.91,843.94537304,538,2020-11-27,23:00:00
1606521600,518.81,521.17,514.21,518.94,517.97,2113.44209695,1018,2020-11-28,00:00:00
1606525200,519.30,520.76,516.47,520.17,518.99,1549.80551429,579,2020-11-28,01:00:00
1606528800,520.16,520.16,513.46,513.46,516.62,1047.05570099,442,2020-11-28,02:00:00
1606532400,513.83,515.66,513.36,515.58,514.40,772.24892536,307,2020-11-28,03:00:00
1606536000,515.66,516.46,509.50,512.80,511.80,3519.89298957,674,2020-11-28,04:00:00
1606539600,513.03,513.62,510.45,513.10,512.34,1254.76216027,372,2020-11-28,05:00:00
1606543200,513.16,515.14,513.09,514.56,514.49,2281.75389319,386,2020-11-28,06:00:00
1606546800,515.12,516.00,513.83,514.14,515.01,2439.76545824,379,2020-11-28,07:00:00
1606550400,514.21,516.88,507.42,507.79,511.68,2331.93127411,578,2020-11-28,08:00:00
1606554000,507.96,511.00,507.10,510.00,509.04,697.40784541,299,2020-11-28,09:00:00
1606557600,510.06,518.96,509.80,517.02,516.40,3179.51480796,654,2020-11-28,10:00:00
1606561200,517.05,520.11,515.00,518.88,518.04,2120.28178596,570,2020-11-28,11:00:00
1606564800,519.36,520.43,516.38,517.76,519.08,992.87372640,412,2020-11-28,12:00:00
1606568400,517.79,529.38,517.09,529.09,526.14,7044.71437760,1354,2020-11-28,13:00:00
1606572000,528.89,530.25,524.66,527.47,527.81,4240.65429837,1313,2020-11-28,14:00:00
1606575600,527.47,534.36,526.07,534.36,529.70,3322.50402514,1018,2020-11-28,15:00:00
1606579200,534.35,543.29,534.34,539.23,538.93,9437.71626021,2415,2020-11-28,16:00:00
1606582800,539.42,542.30,535.22,541.83,538.69,4769.22185376,1391,2020-11-28,17:00:00
1606586400,542.30,545.98,541.38,543.53,544.11,3276.21360681,1025,2020-11-28,18:00:00
1606590000,543.53,547.28,540.56,546.64,544.21,2158.40445762,1108,2020-11-28,19:00:00
1606593600,546.98,548.50,541.15,542.22,545.58,6813.24781195,1292,2020-11-28,20:00:00
1606597200,541.58,543.92,541.30,543.92,542.42,964.68194929,419,2020-11-28,21:00:00
1606600800,543.92,547.27,541.44,543.33,543.87,2621.11341451,823,2020-11-28,22:00:00
1606604400,543.11,545.16,536.00,538.27,539.08,2877.50854986,727,2020-11-28,23:00:00
1606608000,538.01,540.21,532.50,537.52,536.48,3049.29500855,763,2020-11-29,00:00:00
1606611600,537.65,538.37,530.75,533.50,534.72,1597.91690916,873,2020-11-29,01:00:00
1606615200,533.61,541.15,532.19,540.88,537.63,1368.14389384,733,2020-11-29,02:00:00
1606618800,540.88,544.33,540.67,543.84,542.93,1485.25496870,436,2020-11-29,03:00:00
1606622400,543.84,543.84,539.16,539.59,541.67,947.77497328,282,2020-11-29,04:00:00
1606626000,539.59,542.20,538.50,541.52,539.97,1830.03854677,373,2020-11-29,05:00:00
1606629600,541.48,541.48,537.37,538.42,538.71,1646.36461544,303,2020-11-29,06:00:00
1606633200,538.42,542.88,535.51,541.56,537.76,4926.62523139,645,2020-11-29,07:00:00
1606636800,541.56,552.30,540.99,551.63,549.74,4569.86482329,1043,2020-11-29,08:00:00
1606640400,551.63,554.77,548.22,550.97,551.52,4867.11001489,793,2020-11-29,09:00:00
1606644000,551.01,555.69,549.16,555.40,553.00,3114.68336404,623,2020-11-29,10:00:00
1606647600,555.33,558.27,548.50,551.62,554.08,2821.91968774,740,2020-11-29,11:00:00
1606651200,551.75,553.69,547.22,551.42,550.15,1998.76279394,583,2020-11-29,12:00:00
1606654800,551.41,554.59,550.87,554.59,552.55,1770.77286090,574,2020-11-29,13:00:00
1606658400,554.60,556.97,552.87,552.91,555.04,1261.36476726,578,2020-11-29,14:00:00
1606662000,552.89,555.61,551.05,554.52,553.95,1365.74349054,518,2020-11-29,15:00:00
1606665600,554.53,557.80,548.79,554.34,551.96,2384.83823253,763,2020-11-29,16:00:00
1606669200,554.24,557.47,553.38,554.22,555.83,4632.89420699,731,2020-11-29,17:00:00
1606672800,554.21,554.58,551.70,554.53,552.91,626.33429317,286,2020-11-29,18:00:00
1606676400,554.54,555.00,551.64,551.79,552.84,1389.32147759,294,2020-11-29,19:00:00
1606680000,552.14,557.89,551.97,557.10,555.91,1275.03031195,398,2020-11-29,20:00:00
1606683600,557.45,569.86,557.43,567.62,565.22,8734.84335399,1777,2020-11-29,21:00:00
1606687200,567.74,573.23,562.83,571.01,567.32,8690.78320232,1456,2020-11-29,22:00:00
1606690800,571.20,576.90,571.20,576.22,574.62,5581.44755312,1190,2020-11-29,23:00:00
1606694400,576.45,592.78,576.45,587.82,584.74,14225.97818500,2635,2020-11-30,00:00:00
1606698000,588.10,593.05,583.67,588.08,587.83,2999.17135423,1277,2020-11-30,01:00:00
1606701600,587.80,589.51,585.32,586.54,587.73,3189.58085976,655,2020-11-30,02:00:00
1606705200,586.85,589.25,582.45,588.00,585.74,11522.95571652,1090,2020-11-30,03:00:00
1606708800,588.00,588.27,583.65,584.54,585.92,4667.98353255,664,2020-11-30,04:00:00
1606712400,584.95,587.80,582.32,582.72,585.27,5309.79046180,892,2020-11-30,05:00:00
1606716000,582.91,584.00,580.60,583.46,582.06,2279.05166579,548,2020-11-30,06:00:00
1606719600,583.67,588.15,583.22,585.68,586.17,2951.96193343,722,2020-11-30,07:00:00
1606723200,585.59,585.70,571.84,576.99,576.83,8022.44173696,1496,2020-11-30,08:00:00
1606726800,576.99,579.51,571.23,577.30,574.63,2294.35613483,834,2020-11-30,09:00:00
1606730400,577.00,583.57,576.06,580.95,580.98,2930.87668662,788,2020-11-30,10:00:00
1606734000,580.71,591.81,580.71,589.00,588.87,3963.91289882,1232,2020-11-30,11:00:00
1606737600,589.58,596.74,589.58,596.36,594.67,4337.59380704,1259,2020-11-30,12:00:00
1606741200,596.42,604.90,590.60,603.00,598.23,5824.14857750,1716,2020-11-30,13:00:00
1606744800,603.00,612.99,599.43,604.08,606.06,10469.74355593,2354,2020-11-30,14:00:00
1606748400,604.23,611.00,593.66,596.27,602.15,17656.21048876,3111,2020-11-30,15:00:00
1606752000,596.28,614.61,596.28,601.02,608.38,12180.57511906,2870,2020-11-30,16:00:00
1606755600,601.40,607.94,594.16,604.90,602.78,5120.79007747,1493,2020-11-30,17:00:00
1606759200,605.20,608.63,597.55,598.09,601.36,5534.33409764,1107,2020-11-30,18:00:00
1606762800,597.98,604.24,596.18,601.99,600.83,2291.11248900,789,2020-11-30,19:00:00
1606766400,602.00,606.67,599.39,606.05,604.11,2715.75975281,858,2020-11-30,20:00:00
1606770000,606.05,609.20,604.69,605.62,607.35,2511.22983985,814,2020-11-30,21:00:00
1606773600,605.57,610.56,602.42,610.25,605.57,2214.80749034,771,2020-11-30,22:00:00
1606777200,610.60,617.37,608.53,616.65,613.40,8365.99587700,1807,2020-11-30,23:00:00
1606780800,616.84,617.92,603.28,605.82,609.47,5298.79285154,1218,2020-12-01,00:00:00
1606784400,605.81,611.94,603.27,611.26,606.68,2645.87342249,809,2020-12-01,01:00:00
1606788000,611.16,611.90,607.73,611.20,609.93,3098.51299818,669,2020-12-01,02:00:00
1606791600,611.20,611.20,604.16,605.07,607.40,1687.40673476,532,2020-12-01,03:00:00
1606795200,605.10,608.29,601.05,603.17,604.20,2891.72669257,559,2020-12-01,04:00:00
1606798800,603.50,608.38,601.76,608.22,606.01,1150.89480235,431,2020-12-01,05:00:00
1606802400,608.22,611.86,605.51,605.95,608.47,1843.85111211,563,2020-12-01,06:00:00
1606806000,605.96,611.54,605.07,611.49,609.38,2549.81292143,703,2020-12-01,07:00:00
1606809600,611.26,612.81,608.86,609.42,611.11,2437.94545644,933,2020-12-01,08:00:00
1606813200,609.42,614.70,609.23,614.70,610.96,1756.90740028,661,2020-12-01,09:00:00
1606816800,614.70,629.62,614.69,628.07,624.95,14306.41714043,2500,2020-12-01,10:00:00
1606820400,628.19,636.58,602.27,615.57,619.39,22994.32156571,4480,2020-12-01,11:00:00
1606824000,616.39,617.38,555.71,577.04,585.39,46646.22512549,8554,2020-12-01,12:00:00
1606827600,576.86,595.35,564.77,589.50,580.22,15492.49663510,3389,2020-12-01,13:00:00
1606831200,589.50,613.81,583.00,611.21,603.24,14301.68811567,2461,2020-12-01,14:00:00
1606834800,611.21,619.49,596.79,604.63,610.47,13170.06703379,2503,2020-12-01,15:00:00
1606838400,604.56,609.10,587.44,594.43,595.12,11915.92432287,1982,2020-12-01,16:00:00
1606842000,594.03,596.94,583.00,596.40,590.01,6672.72767968,1681,2020-12-01,17:00:00
1606845600,596.59,596.59,588.41,588.67,591.04,3905.85436664,988,2020-12-01,18:00:00
1606849200,588.69,601.85,588.69,600.15,596.00,3189.38505491,902,2020-12-01,19:00:00
1606852800,600.01,601.77,590.52,594.10,596.16,3289.30870359,798,2020-12-01,20:00:00
1606856400,594.07,599.64,593.03,595.60,595.95,1798.74347543,698,2020-12-01,21:00:00
1606860000,595.60,601.53,589.28,591.90,594.92,3875.70954141,1108,2020-12-01,22:00:00
1606863600,591.33,591.33,583.61,586.38,587.36,5211.81098294,972,2020-12-01,23:00:00
1606867200,586.01,594.91,575.20,593.59,586.62,5918.48262116,1876,2020-12-02,00:00:00
1606870800,593.29,596.98,589.79,594.07,594.08,2230.77399130,623,2020-12-02,01:00:00
1606874400,594.32,594.46,585.94,588.06,590.06,1963.18340234,655,2020-12-02,02:00:00
1606878000,587.53,591.30,582.99,584.76,586.68,2043.56636505,628,2020-12-02,03:00:00
1606881600,585.49,588.87,577.55,583.24,581.21,3873.25728915,938,2020-12-02,04:00:00
1606885200,582.90,586.00,578.00,586.00,582.52,1905.90182776,607,2020-12-02,05:00:00
1606888800,586.00,593.00,584.72,593.00,588.71,3584.47278224,1077,2020-12-02,06:00:00
1606892400,593.00,598.95,590.05,598.45,594.58,2813.29829109,842,2020-12-02,07:00:00
1606896000,598.31,601.74,595.00,596.07,597.71,1960.56988958,735,2020-12-02,08:00:00
1606899600,596.08,605.34,594.86,596.76,598.88,2473.68238583,856,2020-12-02,09:00:00
1606903200,595.83,599.48,593.34,598.50,597.40,1772.36182555,453,2020-12-02,10:00:00
1606906800,598.50,601.99,595.90,599.24,599.38,862.95460186,469,2020-12-02,11:00:00
1606910400,598.31,598.31,589.15,593.40,592.37,4197.51384070,924,2020-12-02,12:00:00
1606914000,593.60,598.98,592.20,593.41,595.95,2841.71351367,707,2020-12-02,13:00:00
1606917600,593.40,597.14,590.28,591.50,593.37,1601.62221443,643,2020-12-02,14:00:00
1606921200,591.00,592.72,585.98,589.11,588.51,2754.40626471,873,2020-12-02,15:00:00
1606924800,589.45,591.74,584.52,585.04,587.27,3537.41659338,866,2020-12-02,16:00:00
1606928400,585.01,589.42,584.26,589.42,587.10,1061.87288395,547,2020-12-02,17:00:00
1606932000,589.26,597.08,588.35,594.50,594.79,2590.05986683,824,2020-12-02,18:00:00
1606935600,594.51,597.88,592.87,596.67,595.68,901.51994708,481,2020-12-02,19:00:00
1606939200,596.67,599.58,595.60,596.69,598.18,2563.48778669,788,2020-12-02,20:00:00
1606942800,596.86,598.82,595.01,598.42,596.48,1512.19388465,427,2020-12-02,21:00:00
1606946400,598.04,603.20,596.88,597.94,601.07,5448.05557381,985,2020-12-02,22:00:00
1606950000,596.88,600.83,596.34,597.74,598.97,1385.72921784,459,2020-12-02,23:00:00
1606953600,597.50,600.16,595.54,596.84,597.73,2113.00526289,535,2020-12-03,00:00:00
1606957200,596.84,596.84,589.32,592.18,591.87,3441.36001742,1322,2020-12-03,01:00:00
1606960800,592.32,594.50,591.14,593.12,593.34,1689.34313499,488,2020-12-03,02:00:00
1606964400,592.95,598.26,592.95,596.21,595.67,1932.03797681,429,2020-12-03,03:00:00
1606968000,596.20,598.01,593.28,593.28,595.02,990.82900652,285,2020-12-03,04:00:00
1606971600,593.13,595.70,586.24,588.29,589.70,3236.60204040,611,2020-12-03,05:00:00
1606975200,588.00,591.68,586.72,590.18,590.09,1112.93692920,363,2020-12-03,06:00:00
1606978800,590.83,599.27,588.00,598.38,595.15,1677.61393101,696,2020-12-03,07:00:00
1606982400,598.82,608.50,595.75,605.57,604.23,6170.68508988,1264,2020-12-03,08:00:00
1606986000,605.71,608.07,600.00,606.43,604.31,4639.54904866,927,2020-12-03,09:00:00
1606989600,606.44,615.23,604.62,613.25,611.87,5128.12464343,1223,2020-12-03,10:00:00
1606993200,613.22,615.93,610.17,613.76,612.65,2167.64358689,760,2020-12-03,11:00:00
1606996800,613.77,614.83,606.08,610.07,609.50,1501.56273308,552,2020-12-03,12:00:00
1607000400,609.86,613.45,608.00,609.81,610.66,1553.36851420,561,2020-12-03,13:00:00
1607004000,609.54,614.05,609.46,611.10,612.18,2352.61170034,684,2020-12-03,14:00:00
1607007600,611.10,620.00,610.00,618.85,615.45,3977.88061642,1043,2020-12-03,15:00:00
1607011200,618.85,624.53,608.90,614.87,616.23,8075.50299796,1867,2020-12-03,16:00:00
1607014800,614.75,615.89,610.00,613.01,612.39,2072.60638519,503,2020-12-03,17:00:00
1607018400,613.17,616.00,613.17,614.44,614.90,2075.62239786,481,2020-12-03,18:00:00
1607022000,614.56,614.57,611.38,614.09,612.70,1261.07165962,399,2020-12-03,19:00:00
1607025600,613.94,614.78,610.87,611.40,613.12,1624.69941141,470,2020-12-03,20:00:00
1607029200,611.40,616.40,611.05,615.43,614.01,2786.65292156,578,2020-12-03,21:00:00
1607032800,615.43,617.25,614.19,616.71,615.81,2282.34007392,478,2020-12-03,22:00:00
1607036400,616.70,619.45,616.16,616.57,617.95,1706.84424220,557,2020-12-03,23:00:00
1607040000,616.57,620.57,613.30,618.03,616.45,4358.69489405,1188,2020-12-04,00:00:00
1607043600,618.03,618.60,611.24,611.89,614.08,1829.95236663,607,2020-12-04,01:00:00
1607047200,611.79,613.77,602.89,604.47,608.73,9591.05299898,1572,2020-12-04,02:00:00
1607050800,604.48,608.43,602.30,602.76,605.91,2475.37631896,966,2020-12-04,03:00:00
1607054400,602.72,607.83,601.00,606.64,605.91,3106.25198441,643,2020-12-04,04:00:00
1607058000,606.62,608.19,603.48,603.87,606.41,2134.58851728,427,2020-12-04,05:00:00
1607061600,603.84,608.33,603.15,607.52,606.44,416.72754921,243,2020-12-04,06:00:00
1607065200,607.52,607.52,604.28,605.32,605.63,2375.89442301,495,2020-12-04,07:00:00
1607068800,605.01,613.50,605.00,611.60,611.50,1986.34590916,782,2020-12-04,08:00:00
1607072400,611.45,611.75,608.20,609.02,609.64,1420.36633785,558,2020-12-04,09:00:00
1607076000,609.13,609.38,589.05,594.00,595.57,12416.79628209,2598,2020-12-04,10:00:00
1607079600,594.00,597.83,584.54,585.51,591.76,5710.52453445,1147,2020-12-04,11:00:00
1607083200,585.62,592.61,581.50,592.61,587.53,5539.51382403,1414,2020-12-04,12:00:00
1607086800,592.17,593.14,588.56,591.53,591.38,1644.52542003,561,2020-12-04,13:00:00
1607090400,591.50,595.89,587.51,592.89,593.46,2847.94829070,701,2020-12-04,14:00:00
1607094000,592.90,593.45,587.76,587.76,590.82,2304.48168903,554,2020-12-04,15:00:00
1607097600,587.62,589.68,582.04,588.71,586.07,5536.92948403,1310,2020-12-04,16:00:00
1607101200,588.71,590.87,588.50,589.25,589.58,1856.36694103,685,2020-12-04,17:00:00
1607104800,589.25,593.00,588.15,592.02,589.98,1251.68015928,529,2020-12-04,18:00:00
1607108400,591.46,592.39,589.86,590.87,591.21,1367.09893296,460,2020-12-04,19:00:00
1607112000,590.98,591.37,585.94,588.87,588.53,1174.46277735,486,2020-12-04,20:00:00
1607115600,588.90,589.59,577.00,580.80,582.54,4804.91563373,1395,2020-12-04,21:00:00
1607119200,581.04,582.08,565.62,569.35,573.43,7722.34529032,2115,2020-12-04,22:00:00
1607122800,569.54,577.16,566.63,567.79,572.14,5129.22439106,1522,2020-12-04,23:00:00
1607126400,567.57,572.71,561.34,572.00,566.92,9225.85537520,2849,2020-12-05,00:00:00
1607130000,572.51,574.01,568.09,568.11,571.96,1642.40125650,563,2020-12-05,01:00:00
1607133600,568.27,576.20,568.23,575.44,573.09,1099.22659674,485,2020-12-05,02:00:00
1607137200,575.45,578.98,573.85,576.38,576.58,1126.00297884,647,2020-12-05,03:00:00
1607140800,576.48,581.20,575.80,580.26,580.59,4180.61888100,835,2020-12-05,04:00:00
1607144400,579.87,587.68,579.09,585.00,585.20,6381.75301856,1073,2020-12-05,05:00:00
1607148000,585.00,588.17,583.60,588.13,585.32,2103.09736032,608,2020-12-05,06:00:00
1607151600,588.13,589.48,585.01,585.65,587.40,1004.75073285,389,2020-12-05,07:00:00
1607155200,585.62,595.48,585.62,595.48,591.81,2307.70956624,746,2020-12-05,08:00:00
1607158800,595.71,597.69,591.86,593.51,593.94,1604.05570186,515,2020-12-05,09:00:00
1607162400,593.58,595.40,591.28,593.59,592.93,680.51580365,341,2020-12-05,10:00:00
1607166000,593.62,594.00,587.36,589.84,589.70,2024.97188608,489,2020-12-05,11:00:00
1607169600,589.84,592.62,589.84,591.99,591.00,1282.32766203,400,2020-12-05,12:00:00
1607173200,592.03,592.32,585.00,587.32,587.05,1085.29851732,346,2020-12-05,13:00:00
1607176800,587.33,592.13,587.32,591.38,589.37,987.64139889,361,2020-12-05,14:00:00
1607180400,591.61,594.73,591.21,593.30,592.67,4848.86101324,616,2020-12-05,15:00:00
1607184000,593.30,596.00,590.73,593.99,593.95,1408.07213725,508,2020-12-05,16:00:00
1607187600,594.13,594.35,592.09,594.35,593.56,581.72744213,297,2020-12-05,17:00:00
1607191200,594.41,595.61,592.88,593.48,594.72,1124.51178075,372,2020-12-05,18:00:00
1607194800,593.48,596.24,593.11,594.40,594.62,786.52506004,293,2020-12-05,19:00:00
1607198400,594.84,595.82,591.18,591.92,594.25,1247.66588803,303,2020-12-05,20:00:00
1607202000,592.00,595.31,592.00,592.40,593.20,773.44431107,289,2020-12-05,21:00:00
1607205600,592.21,593.02,590.82,591.00,592.25,475.14625688,293,2020-12-05,22:00:00
1607209200,591.00,597.00,590.99,597.00,594.20,772.90144902,391,2020-12-05,23:00:00
1607212800,596.99,605.70,596.99,605.57,603.04,5221.51121637,1272,2020-12-06,00:00:00
1607216400,605.70,607.68,603.14,603.78,605.42,2113.44811501,797,2020-12-06,01:00:00
1607220000,603.70,603.70,599.66,600.27,601.78,1110.94081449,412,2020-12-06,02:00:00
1607223600,600.12,601.11,595.01,597.51,597.48,2838.23064555,858,2020-12-06,03:00:00
1607227200,597.27,599.81,596.83,598.97,598.73,668.23449376,302,2020-12-06,04:00:00
1607230800,598.84,599.07,595.33,597.42,596.91,672.87306070,191,2020-12-06,05:00:00
1607234400,597.41,600.01,594.99,597.84,597.82,9303.78062129,848,2020-12-06,06:00:00
1607238000,597.83,601.83,597.01,601.04,600.31,1041.37309709,263,2020-12-06,07:00:00
1607241600,601.11,601.74,589.99,591.59,595.63,4909.06577526,724,2020-12-06,08:00:00
1607245200,591.61,593.70,586.23,591.13,590.16,1876.29374020,627,2020-12-06,09:00:00
1607248800,591.12,592.44,588.99,590.80,590.80,368.63370564,291,2020-12-06,10:00:00
1607252400,590.68,593.33,589.10,593.33,590.73,654.49168327,319,2020-12-06,11:00:00
1607256000,593.33,593.33,587.54,588.47,589.51,794.18616277,213,2020-12-06,12:00:00
1607259600,588.48,590.49,582.77,587.75,586.82,6448.03775419,855,2020-12-06,13:00:00
1607263200,587.72,594.82,587.59,594.73,591.79,1567.44832933,592,2020-12-06,14:00:00
1607266800,594.84,596.46,594.00,594.85,594.73,862.71595115,293,2020-12-06,15:00:00
1607270400,594.88,599.14,592.70,594.29,596.48,1809.68191883,468,2020-12-06,16:00:00
1607274000,594.46,596.88,593.77,595.49,595.04,1412.02151230,322,2020-12-06,17:00:00
1607277600,595.50,597.28,594.06,595.00,595.87,1280.82825161,310,2020-12-06,18:00:00
1607281200,595.00,596.20,592.75,596.00,594.48,698.99564205,309,2020-12-06,19:00:00
1607284800,595.99,596.56,595.07,595.55,596.13,573.45186837,301,2020-12-06,20:00:00
1607288400,595.12,599.42,593.79,599.42,597.14,1046.11009023,390,2020-12-06,21:00:00
1607292000,599.41,599.64,590.52,593.42,595.25,3332.77311131,716,2020-12-06,22:00:00
1607295600,594.15,604.31,594.15,602.64,602.96,5832.66025978,978,2020-12-06,23:00:00
1607299200,602.65,602.99,597.67,598.41,600.27,1231.37193833,372,2020-12-07,00:00:00
1607302800,598.47,599.13,592.13,594.90,594.78,2086.74441887,669,2020-12-07,01:00:00
1607306400,595.02,595.82,592.89,594.38,594.68,1388.76199589,340,2020-12-07,02:00:00
1607310000,594.01,595.18,592.14,595.09,593.97,663.05395706,285,2020-12-07,03:00:00
1607313600,595.09,596.78,593.43,596.71,594.51,245.99921045,189,2020-12-07,04:00:00
1607317200,596.71,598.68,595.40,596.60,596.65,397.66786943,242,2020-12-07,05:00:00
1607320800,596.61,600.80,596.61,598.48,598.98,604.82351868,369,2020-12-07,06:00:00
1607324400,598.55,601.55,598.47,601.24,599.99,452.36621712,257,2020-12-07,07:00:00
1607328000,600.13,600.13,594.81,596.74,596.40,1056.43970749,315,2020-12-07,08:00:00
1607331600,596.53,596.65,593.89,595.07,595.28,768.33922008,274,2020-12-07,09:00:00
1607335200,595.08,595.52,592.78,593.57,593.83,643.44841314,284,2020-12-07,10:00:00
1607338800,593.30,594.71,590.77,590.90,593.12,623.38140262,288,2020-12-07,11:00:00
1607342400,590.88,597.67,590.88,596.82,594.71,1743.48883532,587,2020-12-07,12:00:00
1607346000,596.88,597.23,595.06,595.43,595.72,2497.91640401,374,2020-12-07,13:00:00
1607349600,595.26,596.90,592.41,594.62,593.93,2221.70075076,606,2020-12-07,14:00:00
1607353200,594.41,596.49,594.00,594.72,594.98,926.95987169,358,2020-12-07,15:00:00
1607356800,594.44,595.97,593.05,593.61,594.61,1263.45875218,372,2020-12-07,16:00:00
1607360400,593.61,595.13,592.33,592.92,593.72,1109.21772933,367,2020-12-07,17:00:00
1607364000,592.93,593.02,584.60,586.38,587.60,4502.06903281,1246,2020-12-07,18:00:00
1607367600,586.00,589.02,584.98,587.32,587.43,1482.88348713,579,2020-12-07,19:00:00
1607371200,587.25,588.56,584.67,586.66,586.46,4229.02309414,623,2020-12-07,20:00:00
1607374800,586.35,589.46,585.17,588.61,587.69,1235.35501918,468,2020-12-07,21:00:00
1607378400,588.65,590.94,588.41,590.94,590.09,611.22743432,312,2020-12-07,22:00:00
1607382000,590.96,593.29,588.92,591.26,590.97,972.15190803,495,2020-12-07,23:00:00
1607385600,591.25,591.37,588.57,591.18,589.85,1350.57230993,445,2020-12-08,00:00:00
1607389200,591.17,591.18,588.00,589.86,589.87,352.59094754,231,2020-12-08,01:00:00
1607392800,589.86,590.00,588.60,589.09,589.39,912.58946087,299,2020-12-08,02:00:00
1607396400,588.91,589.36,586.64,588.85,587.79,855.77395160,346,2020-12-08,03:00:00
1607400000,588.86,590.81,588.50,589.90,589.64,971.25753399,303,2020-12-08,04:00:00
1607403600,589.90,594.98,589.90,594.98,592.55,414.96605040,307,2020-12-08,05:00:00
1607407200,594.99,595.00,589.83,591.17,592.45,2227.87679469,507,2020-12-08,06:00:00
1607410800,591.25,591.70,588.09,589.08,590.02,438.88685622,260,2020-12-08,07:00:00
1607414400,588.16,588.70,581.04,583.95,584.56,2693.24167452,753,2020-12-08,08:00:00
1607418000,583.53,584.40,571.80,573.36,576.16,5513.13833979,1361,2020-12-08,09:00:00
1607421600,573.36,577.82,571.04,575.05,575.41,7229.90992351,1158,2020-12-08,10:00:00
1607425200,575.03,577.15,573.23,573.75,575.23,2555.48263145,697,2020-12-08,11:00:00
1607428800,573.62,577.23,568.09,572.71,573.01,3776.39743458,971,2020-12-08,12:00:00
1607432400,572.63,578.74,572.63,578.52,576.58,2456.62119041,876,2020-12-08,13:00:00
1607436000,578.49,580.99,577.12,577.42,578.94,3075.07127516,738,2020-12-08,14:00:00
1607439600,577.41,578.30,573.13,574.00,574.84,2251.47955523,626,2020-12-08,15:00:00
1607443200,573.50,577.81,570.33,573.50,573.82,4357.21968128,1077,2020-12-08,16:00:00
1607446800,573.50,576.98,573.05,576.84,574.96,1071.67632668,561,2020-12-08,17:00:00
1607450400,576.83,576.83,573.00,573.00,575.60,1739.33115047,487,2020-12-08,18:00:00
1607454000,572.76,574.81,570.39,570.70,572.55,1453.77257856,596,2020-12-08,19:00:00
1607457600,570.49,572.93,562.14,563.81,566.88,6440.22620307,1531,2020-12-08,20:00:00
1607461200,563.58,567.53,559.32,565.90,564.39,5928.15892457,1398,2020-12-08,21:00:00
1607464800,565.88,569.75,552.71,553.90,561.52,5935.19705885,1491,2020-12-08,22:00:00
1607468400,553.92,559.38,548.14,554.65,553.22,12991.52127879,2874,2020-12-08,23:00:00
1607472000,554.65,555.98,549.00,550.01,551.86,7463.67534049,1830,2020-12-09,00:00:00
1607475600,550.00,552.84,541.20,547.15,547.33,6496.06906599,2019,2020-12-09,01:00:00
1607479200,547.00,551.99,544.83,549.19,548.87,3870.94153024,1114,2020-12-09,02:00:00
1607482800,549.19,552.22,548.13,551.77,549.99,2917.40404884,567,2020-12-09,03:00:00
1607486400,551.78,552.29,545.89,546.83,549.74,3746.53695177,586,2020-12-09,04:00:00
1607490000,546.93,549.33,544.64,547.84,547.25,2351.94294160,613,2020-12-09,05:00:00
1607493600,548.22,550.91,547.17,548.77,548.99,1116.31486463,354,2020-12-09,06:00:00
1607497200,549.05,549.56,536.60,537.74,541.79,5077.91194254,1508,2020-12-09,07:00:00
1607500800,537.79,541.93,530.00,540.71,536.09,9194.43946004,2360,2020-12-09,08:00:00
1607504400,540.66,549.95,540.43,548.92,543.72,4777.10487836,1184,2020-12-09,09:00:00
1607508000,548.93,560.30,546.49,559.14,556.15,8022.10348816,1636,2020-12-09,10:00:00
1607511600,559.13,565.29,556.88,562.17,562.59,3470.93571379,1046,2020-12-09,11:00:00
1607515200,562.05,568.16,560.35,560.38,563.59,1939.06520198,889,2020-12-09,12:00:00
1607518800,560.46,572.55,560.21,572.45,566.06,3587.52608085,1197,2020-12-09,13:00:00
1607522400,572.65,576.48,570.31,572.62,573.43,3864.41196678,1153,2020-12-09,14:00:00
1607526000,572.15,572.66,562.65,567.61,566.39,5022.62168753,1098,2020-12-09,15:00:00
1607529600,567.76,568.13,563.00,567.07,565.64,1144.45550876,510,2020-12-09,16:00:00
