0,1,2,3,4,5,6,7
2020-11-08 02:00:00,0.079700,0.079700,0.079471,0.079472,0.079480,5699.90361385,5
2020-11-08 03:00:00,0.079572,0.080126,0.079572,0.080126,0.079808,40619.66479956,15
2020-11-08 04:00:00,0.080348,0.080871,0.080213,0.080762,0.080607,1049288.00385270,43
2020-11-08 05:00:00,0.080779,0.081640,0.080682,0.081566,0.081232,346690.41300243,66
2020-11-08 06:00:00,0.081547,0.082047,0.081546,0.082047,0.081880,286181.57745928,24
2020-11-08 07:00:00,0.082019,0.082068,0.081768,0.082068,0.081859,60190.51157327,9
2020-11-08 08:00:00,0.081860,0.081916,0.081305,0.081916,0.081516,38782.02194827,21
2020-11-08 09:00:00,0.081918,0.082475,0.081918,0.082475,0.082310,37993.82634893,22
2020-11-08 10:00:00,0.082554,0.082771,0.082430,0.082430,0.082537,833214.64944958,50
2020-11-08 11:00:00,0.082275,0.082410,0.081641,0.081877,0.081817,141664.48006739,25
2020-11-08 12:00:00,0.081910,0.082260,0.081910,0.082111,0.082059,23567.67082893,20
2020-11-08 13:00:00,0.082370,0.082399,0.082031,0.082307,0.082203,63228.60441952,36
2020-11-08 14:00:00,0.082254,0.082400,0.081401,0.081839,0.082145,46688.33299430,36
2020-11-08 15:00:00,0.081868,0.082372,0.081866,0.082235,0.081991,21430.55928133,20
2020-11-08 16:00:00,0.082003,0.082003,0.081036,0.081150,0.081491,31827.83503773,23
2020-11-08 17:00:00,0.081722,0.081787,0.081463,0.081575,0.081502,37476.76906414,10
2020-11-08 18:00:00,0.081638,0.081961,0.081638,0.081692,0.081711,55235.90579424,9
2020-11-08 19:00:00,0.081575,0.081889,0.081151,0.081806,0.081802,26983.06438153,16
2020-11-08 20:00:00,0.081705,0.081735,0.081390,0.081424,0.081567,17984.98834024,6
2020-11-08 21:00:00,0.081382,0.081382,0.080690,0.080690,0.080971,17578.40482474,13
2020-11-08 22:00:00,0.080655,0.080808,0.080655,0.080808,0.080757,49746.19359792,12
2020-11-08 23:00:00,0.080484,0.080703,0.080101,0.080667,0.080324,26984.68414723,40
2020-11-09 00:00:00,0.080673,0.080901,0.080506,0.080868,0.080801,3876.60321926,9
2020-11-09 01:00:00,0.081000,0.081000,0.080477,0.080517,0.080607,138700.00000000,13
2020-11-09 02:00:00,0.080528,0.080777,0.079724,0.079724,0.080271,187337.02120793,34
2020-11-09 03:00:00,0.079793,0.080893,0.079653,0.080893,0.079981,205208.31816612,32
2020-11-09 04:00:00,0.080796,0.081047,0.080796,0.080961,0.080937,155754.50796853,16
2020-11-09 05:00:00,0.080862,0.081459,0.080862,0.081154,0.081198,113507.78519135,21
2020-11-09 06:00:00,0.081180,0.082201,0.081136,0.082193,0.081373,85186.50133318,27
2020-11-09 07:00:00,0.081872,0.081872,0.080216,0.080322,0.080626,727497.37373575,82
2020-11-09 08:00:00,0.080101,0.080164,0.079000,0.079387,0.079553,426650.61785724,57
2020-11-09 09:00:00,0.079681,0.079959,0.078899,0.078899,0.079481,186885.60067988,29
2020-11-09 10:00:00,0.079377,0.079557,0.078350,0.078747,0.078914,160189.53714813,67
2020-11-09 11:00:00,0.078466,0.079466,0.078158,0.079357,0.078862,81282.77249683,30
2020-11-09 12:00:00,0.079124,0.079685,0.079124,0.079585,0.079471,140879.68023050,21
2020-11-09 13:00:00,0.079474,0.080324,0.079446,0.079732,0.079733,57729.27295640,31
2020-11-09 14:00:00,0.079856,0.080333,0.079601,0.080333,0.080099,254697.94784606,45
2020-11-09 15:00:00,0.080350,0.080527,0.080000,0.080000,0.080140,111471.11015208,28
2020-11-09 16:00:00,0.079902,0.080528,0.079902,0.080130,0.079994,79550.11344902,23
2020-11-09 17:00:00,0.080098,0.080098,0.079649,0.079731,0.079926,161742.39395497,28
2020-11-09 18:00:00,0.079930,0.080035,0.079650,0.079650,0.079937,2790.22102533,4
2020-11-09 19:00:00,0.079741,0.079768,0.079302,0.079768,0.079453,15563.43435750,13
2020-11-09 20:00:00,0.080053,0.080763,0.080053,0.080763,0.080424,13112.35656531,18
2020-11-09 21:00:00,0.080715,0.081046,0.080701,0.080765,0.080890,35129.51207593,11
2020-11-09 22:00:00,0.080465,0.080596,0.080465,0.080596,0.080557,157941.39533750,7
2020-11-09 23:00:00,0.080656,0.080764,0.080656,0.080695,0.080694,5663.29834520,10
2020-11-10 00:00:00,0.080694,0.080710,0.080377,0.080377,0.080516,22083.02457785,20
2020-11-10 01:00:00,0.080295,0.080327,0.079729,0.079977,0.080245,40500.36310500,13
2020-11-10 02:00:00,0.079946,0.081750,0.079946,0.081703,0.081227,101524.73683165,26
2020-11-10 03:00:00,0.081703,0.082130,0.081637,0.081818,0.082022,67263.89519584,8
2020-11-10 04:00:00,0.081813,0.081930,0.081599,0.081930,0.081801,33640.37980258,26
2020-11-10 05:00:00,0.082096,0.082376,0.081761,0.082376,0.082091,44892.46064852,12
2020-11-10 06:00:00,0.081801,0.081956,0.081330,0.081562,0.081821,59555.19546247,18
2020-11-10 07:00:00,0.081598,0.081817,0.081078,0.081645,0.081526,55443.01571390,23
2020-11-10 08:00:00,0.081558,0.081558,0.080936,0.081508,0.081107,42887.82695114,18
2020-11-10 09:00:00,0.081444,0.081507,0.080854,0.080854,0.081129,165564.54818788,20
2020-11-10 10:00:00,0.080756,0.080756,0.079162,0.079588,0.079725,301222.81557096,50
2020-11-10 11:00:00,0.079600,0.079954,0.079600,0.079921,0.079879,122456.41062723,25
2020-11-10 12:00:00,0.079904,0.080149,0.079847,0.079939,0.080015,92474.10523274,26
2020-11-10 13:00:00,0.079628,0.079797,0.079467,0.079761,0.079580,199935.41885285,21
2020-11-10 14:00:00,0.079932,0.080007,0.079631,0.079708,0.079678,167953.44598204,22
2020-11-10 15:00:00,0.079869,0.080021,0.079869,0.079962,0.079976,37232.27599118,15
2020-11-10 16:00:00,0.079907,0.080023,0.079882,0.079999,0.079995,7034.37006900,5
2020-11-10 17:00:00,0.080068,0.080500,0.080054,0.080388,0.080155,81020.39461019,16
2020-11-10 18:00:00,0.080147,0.080147,0.079818,0.079818,0.079842,8866.66662416,6
2020-11-10 19:00:00,0.079801,0.081414,0.079724,0.081414,0.080590,89417.00549571,38
2020-11-10 20:00:00,0.081275,0.081351,0.080961,0.080962,0.081167,25914.61273455,18
2020-11-10 21:00:00,0.081225,0.081366,0.080675,0.080675,0.081210,49098.25245892,12
2020-11-10 22:00:00,0.080804,0.080804,0.080697,0.080697,0.080732,16477.37744346,9
2020-11-10 23:00:00,0.080773,0.080773,0.080340,0.080460,0.080618,47282.70987305,16
2020-11-11 00:00:00,0.080488,0.080488,0.080210,0.080428,0.080299,21429.58007792,7
2020-11-11 01:00:00,0.080460,0.080606,0.080460,0.080601,0.080600,50870.23603438,8
2020-11-11 02:00:00,0.080403,0.080817,0.080403,0.080817,0.080577,17290.84582383,3
2020-11-11 03:00:00,0.081020,0.081207,0.080926,0.080926,0.081064,101414.04851902,15
2020-11-11 04:00:00,0.080968,0.081315,0.080330,0.080330,0.080879,35892.60444282,8
2020-11-11 05:00:00,0.080560,0.080948,0.080557,0.080898,0.080587,44368.75565673,11
2020-11-11 06:00:00,0.080920,0.080980,0.080720,0.080720,0.080948,98132.29899591,17
2020-11-11 07:00:00,0.080706,0.080930,0.080706,0.080930,0.080857,153539.20035330,19
2020-11-11 08:00:00,0.080793,0.081003,0.080372,0.080446,0.080640,817149.03346114,61
2020-11-11 09:00:00,0.080387,0.080906,0.080387,0.080800,0.080664,1052311.79393720,90
2020-11-11 10:00:00,0.080848,0.081300,0.080770,0.081300,0.081013,1759223.02639665,211
2020-11-11 11:00:00,0.081378,0.082257,0.081342,0.081991,0.081718,236495.02526747,64
2020-11-11 12:00:00,0.081627,0.082109,0.081626,0.082100,0.081984,59002.31486870,24
2020-11-11 13:00:00,0.082064,0.082064,0.081410,0.081541,0.081678,155136.60078395,23
2020-11-11 14:00:00,0.081552,0.081654,0.081224,0.081361,0.081576,379633.76166164,23
2020-11-11 15:00:00,0.081464,0.081477,0.080812,0.081294,0.081203,617134.43159521,110
2020-11-11 16:00:00,0.081361,0.081388,0.080944,0.081313,0.081124,56426.37299861,20
2020-11-11 17:00:00,0.081083,0.081287,0.081006,0.081287,0.081040,58982.96864372,16
2020-11-11 18:00:00,0.080526,0.080600,0.080476,0.080504,0.080504,74372.86779938,11
2020-11-11 19:00:00,0.080513,0.080515,0.079503,0.079990,0.079933,171040.91031659,40
2020-11-11 20:00:00,0.079959,0.080172,0.079959,0.080002,0.080012,380.63911517,7
2020-11-11 21:00:00,0.080160,0.080311,0.080158,0.080311,0.080195,34438.72973546,6
2020-11-11 22:00:00,0.080312,0.080545,0.080312,0.080313,0.080452,28661.99677980,8
2020-11-11 23:00:00,0.080232,0.080499,0.080081,0.080499,0.080241,31278.96014432,13
2020-11-12 00:00:00,0.080548,0.080548,0.080299,0.080403,0.080390,16864.35222008,10
2020-11-12 01:00:00,0.080541,0.080541,0.080541,0.080541,0.080541,12700.00000000,2
2020-11-12 02:00:00,0.080469,0.080590,0.080300,0.080590,0.080362,501695.06764738,19
2020-11-12 03:00:00,0.080485,0.080487,0.080399,0.080399,0.080430,63069.51264211,7
2020-11-12 04:00:00,0.080430,0.080508,0.080160,0.080381,0.080217,539187.50105355,26
2020-11-12 05:00:00,0.080550,0.081000,0.080110,0.080136,0.080482,415075.84889882,55
2020-11-12 06:00:00,0.080088,0.080088,0.079889,0.080088,0.079999,11685.11154000,7
2020-11-12 07:00:00,0.079986,0.080176,0.079976,0.080176,0.080116,5011.74495992,12
2020-11-12 08:00:00,0.080227,0.080227,0.079993,0.080174,0.080164,35828.92516708,14
2020-11-12 09:00:00,0.080199,0.080436,0.079604,0.079789,0.079980,723218.51831917,54
2020-11-12 10:00:00,0.079869,0.080068,0.079683,0.079908,0.079924,141781.31188960,46
2020-11-12 11:00:00,0.079779,0.079783,0.079043,0.079262,0.079458,121409.75688540,56
2020-11-12 12:00:00,0.079365,0.079533,0.079180,0.079455,0.079383,290206.27993808,58
2020-11-12 13:00:00,0.079400,0.079882,0.079324,0.079613,0.079573,160138.26871755,93
2020-11-12 14:00:00,0.079774,0.079821,0.079401,0.079637,0.079713,82084.52619376,48
2020-11-12 15:00:00,0.079785,0.079973,0.079785,0.079973,0.079900,70577.44066226,37
2020-11-12 16:00:00,0.079825,0.080116,0.079802,0.079988,0.079940,42650.92518290,37
2020-11-12 17:00:00,0.080076,0.080999,0.080047,0.080958,0.080487,132022.17164443,54
2020-11-12 18:00:00,0.080873,0.080873,0.080471,0.080525,0.080729,39323.02210782,33
2020-11-12 19:00:00,0.080614,0.081136,0.080543,0.080789,0.080975,76702.23802983,49
2020-11-12 20:00:00,0.080874,0.081201,0.080874,0.081098,0.081053,57423.71661964,42
2020-11-12 21:00:00,0.081130,0.081130,0.080611,0.080756,0.080868,25643.31919574,28
2020-11-12 22:00:00,0.080792,0.080966,0.080786,0.080830,0.080799,11728.10626042,10
2020-11-12 23:00:00,0.080889,0.080889,0.080563,0.080755,0.080578,63389.35827417,18
2020-11-13 00:00:00,0.080500,0.080500,0.080156,0.080245,0.080268,2232.47875386,12
2020-11-13 01:00:00,0.080355,0.080613,0.080302,0.080408,0.080465,90350.46738159,68
2020-11-13 02:00:00,0.080408,0.080408,0.080098,0.080384,0.080242,70942.62197592,50
2020-11-13 03:00:00,0.080384,0.080999,0.080045,0.080999,0.080334,96843.87467372,45
2020-11-13 04:00:00,0.081000,0.081496,0.081000,0.081298,0.081335,69109.17135353,52
2020-11-13 05:00:00,0.081378,0.081380,0.080763,0.080763,0.081220,67228.72944292,34
2020-11-13 06:00:00,0.080756,0.081019,0.080566,0.081019,0.080882,101876.22749812,40
2020-11-13 07:00:00,0.081002,0.081458,0.081000,0.081325,0.081031,149642.74956161,44
2020-11-13 08:00:00,0.081323,0.081654,0.081091,0.081654,0.081419,121836.09795913,33
2020-11-13 09:00:00,0.081654,0.082157,0.081420,0.081622,0.081822,457557.03674077,63
2020-11-13 10:00:00,0.081634,0.081634,0.081168,0.081429,0.081464,293207.75079287,61
2020-11-13 11:00:00,0.081564,0.081708,0.081015,0.081643,0.081212,1276936.90938235,77
2020-11-13 12:00:00,0.081564,0.081708,0.081476,0.081708,0.081633,231508.90234124,27
2020-11-13 13:00:00,0.081706,0.081932,0.081598,0.081932,0.081645,1067657.14420694,92
2020-11-13 14:00:00,0.082022,0.082022,0.081760,0.081892,0.081802,120860.33996362,21
2020-11-13 15:00:00,0.081893,0.082069,0.081806,0.082069,0.081893,390506.34796770,22
2020-11-13 16:00:00,0.082157,0.082719,0.082157,0.082498,0.082453,451358.65543682,49
2020-11-13 17:00:00,0.082451,0.082566,0.082044,0.082462,0.082452,148310.26965426,19
2020-11-13 18:00:00,0.082475,0.082483,0.082388,0.082483,0.082431,9356.84108291,7
2020-11-13 19:00:00,0.082483,0.083112,0.082060,0.082951,0.082707,535768.82117894,85
2020-11-13 20:00:00,0.083095,0.083829,0.082682,0.083806,0.083333,294348.17869862,56
2020-11-13 21:00:00,0.083584,0.084346,0.083584,0.084133,0.084086,29351.23636988,27
2020-11-13 22:00:00,0.084240,0.084240,0.083497,0.083642,0.084152,893825.07385847,61
2020-11-13 23:00:00,0.083633,0.083633,0.083066,0.083159,0.083472,316059.73480595,53
2020-11-14 00:00:00,0.082766,0.082888,0.082487,0.082768,0.082834,101879.37740282,38
2020-11-14 01:00:00,0.082888,0.083143,0.082888,0.082994,0.082951,43364.78191880,13
2020-11-14 02:00:00,0.082936,0.082936,0.082153,0.082473,0.082650,102550.39596794,59
2020-11-14 03:00:00,0.082513,0.082564,0.081840,0.081840,0.082066,949302.30765093,93
2020-11-14 04:00:00,0.081551,0.082031,0.081275,0.081450,0.081683,208792.48456952,36
2020-11-14 05:00:00,0.081764,0.081816,0.081347,0.081347,0.081693,3399.07301066,13
2020-11-14 06:00:00,0.081673,0.081810,0.081403,0.081403,0.081665,17271.04724568,6
2020-11-14 07:00:00,0.081499,0.081832,0.081318,0.081832,0.081609,1858.76971026,7
2020-11-14 08:00:00,0.081614,0.081785,0.081571,0.081612,0.081694,35475.26448960,8
2020-11-14 09:00:00,0.081645,0.081792,0.081493,0.081792,0.081705,14467.56717699,9
2020-11-14 10:00:00,0.081791,0.081800,0.081300,0.081300,0.081530,253200.76400729,29
2020-11-14 11:00:00,0.081424,0.081857,0.081028,0.081112,0.081424,1277171.14418318,90
2020-11-14 12:00:00,0.081133,0.081560,0.080680,0.081560,0.080970,504619.78802009,90
2020-11-14 13:00:00,0.081668,0.081805,0.081610,0.081805,0.081677,9102.85447582,11
2020-11-14 14:00:00,0.081800,0.081800,0.081758,0.081758,0.081771,13843.99276149,5
2020-11-14 15:00:00,0.081553,0.081556,0.081335,0.081556,0.081491,6514.77981229,9
2020-11-14 16:00:00,0.081396,0.081396,0.081396,0.081396,0.081396,10001.00000000,2
2020-11-14 17:00:00,0.081138,0.081376,0.081021,0.081066,0.081116,123516.59480361,32
2020-11-14 18:00:00,0.081137,0.081256,0.081029,0.081029,0.081227,48035.00575451,13
2020-11-14 19:00:00,0.081085,0.081555,0.081034,0.081555,0.081433,251875.54912592,31
2020-11-14 20:00:00,0.081483,0.081560,0.081293,0.081472,0.081350,127581.31285996,17
2020-11-14 21:00:00,0.081420,0.081466,0.081007,0.081136,0.081147,53628.29904158,17
2020-11-14 22:00:00,0.081128,0.081128,0.081038,0.081128,0.081069,10686.26646157,6
2020-11-14 23:00:00,0.081096,0.081344,0.081043,0.081043,0.081253,174458.83813200,21
2020-11-15 00:00:00,0.081075,0.081389,0.081075,0.081389,0.081316,58120.04724538,10
2020-11-15 01:00:00,0.081331,0.081788,0.081331,0.081788,0.081473,47844.57478443,12
2020-11-15 02:00:00,0.081816,0.081944,0.081724,0.081944,0.081902,200702.69573189,24
2020-11-15 03:00:00,0.081994,0.082121,0.081884,0.082120,0.081977,87951.35499798,12
2020-11-15 04:00:00,0.082177,0.082198,0.082122,0.082122,0.082154,86374.05768012,9
2020-11-15 05:00:00,0.081804,0.081804,0.081158,0.081389,0.081552,304647.45558560,28
2020-11-15 06:00:00,0.081310,0.081712,0.080981,0.080984,0.081240,77493.44174630,36
2020-11-15 07:00:00,0.080860,0.081202,0.080860,0.081202,0.080969,16622.50154484,16
2020-11-15 08:00:00,0.080985,0.081479,0.080962,0.081475,0.081029,6423.55064120,6
2020-11-15 09:00:00,0.081450,0.081646,0.081269,0.081325,0.081466,204914.49860043,25
2020-11-15 10:00:00,0.081390,0.081446,0.081168,0.081168,0.081218,7343.43671801,6
2020-11-15 11:00:00,0.081225,0.081225,0.080746,0.080944,0.081005,190799.71799104,47
2020-11-15 12:00:00,0.080726,0.080925,0.080136,0.080311,0.080278,16303.46399110,25
2020-11-15 13:00:00,0.080101,0.080101,0.079583,0.080057,0.079751,35307.90570358,38
2020-11-15 14:00:00,0.080000,0.080360,0.079782,0.079782,0.080032,5084.38463947,17
2020-11-15 15:00:00,0.079699,0.080077,0.079501,0.079756,0.079635,142596.68791389,45
2020-11-15 16:00:00,0.079769,0.079823,0.079769,0.079823,0.079784,11876.36724253,9
2020-11-15 17:00:00,0.079500,0.080040,0.079000,0.080040,0.079135,210997.01269301,63
2020-11-15 18:00:00,0.080033,0.080312,0.080033,0.080140,0.080162,39323.08450496,16
2020-11-15 19:00:00,0.080124,0.080124,0.079524,0.080014,0.079872,348178.30695115,32
2020-11-15 20:00:00,0.080099,0.080401,0.079529,0.079687,0.080390,791726.65814956,27
2020-11-15 21:00:00,0.079847,0.079891,0.079528,0.079559,0.079792,82881.83373410,21
2020-11-15 22:00:00,0.079634,0.080039,0.079634,0.080039,0.079952,25702.57283478,10
2020-11-15 23:00:00,0.080091,0.080189,0.079983,0.080000,0.080025,1219694.33548829,54
2020-11-16 00:00:00,0.080000,0.080275,0.080000,0.080275,0.080005,1091620.18225310,83
2020-11-16 01:00:00,0.080373,0.080627,0.080138,0.080627,0.080432,224315.23860021,50
2020-11-16 02:00:00,0.080527,0.080809,0.080489,0.080792,0.080611,147537.05270936,34
2020-11-16 03:00:00,0.080700,0.081004,0.080637,0.080920,0.080889,38697.08801916,22
2020-11-16 04:00:00,0.081069,0.081270,0.080909,0.080939,0.081041,216559.06297697,24
2020-11-16 05:00:00,0.080924,0.081188,0.080924,0.081188,0.081029,37974.58550643,8
2020-11-16 06:00:00,0.080902,0.081164,0.080901,0.080934,0.080919,9946.88381037,5
2020-11-16 07:00:00,0.081003,0.081114,0.080990,0.081074,0.081044,27677.99861738,14
2020-11-16 08:00:00,0.081083,0.081334,0.080861,0.081334,0.081073,1304416.06507176,64
2020-11-16 09:00:00,0.081500,0.082466,0.081500,0.082141,0.081791,812636.26813281,97
2020-11-16 10:00:00,0.082127,0.082422,0.082000,0.082148,0.082143,805655.62721727,34
2020-11-16 11:00:00,0.082334,0.082365,0.081480,0.081670,0.081878,839922.70411820,87
2020-11-16 12:00:00,0.081698,0.082243,0.081548,0.082243,0.081958,1209635.51869994,156
2020-11-16 13:00:00,0.082330,0.082650,0.082291,0.082300,0.082432,620130.28836582,46
2020-11-16 14:00:00,0.082300,0.082470,0.082135,0.082470,0.082340,1030725.90050819,62
2020-11-16 15:00:00,0.082351,0.082393,0.081675,0.081980,0.082080,183394.18986718,51
2020-11-16 16:00:00,0.082028,0.082028,0.081493,0.081793,0.081944,736319.59837349,84
2020-11-16 17:00:00,0.081477,0.081925,0.081477,0.081925,0.081924,713393.84574370,71
2020-11-16 18:00:00,0.082145,0.082646,0.082120,0.082646,0.082237,1308116.00455981,105
2020-11-16 19:00:00,0.082461,0.083813,0.082461,0.083813,0.082870,1778789.16442442,156
2020-11-16 20:00:00,0.083820,0.084960,0.083764,0.084653,0.084041,1722590.72589780,182
2020-11-16 21:00:00,0.084189,0.084646,0.083641,0.083795,0.084191,1516576.10674136,145
2020-11-16 22:00:00,0.084197,0.084274,0.083773,0.084274,0.083902,26550.96237860,26
2020-11-16 23:00:00,0.083908,0.084941,0.083908,0.084941,0.084595,96293.78026191,26
2020-11-17 00:00:00,0.084777,0.085000,0.084310,0.084310,0.084968,856835.86377337,79
2020-11-17 01:00:00,0.084361,0.085000,0.084102,0.084999,0.084597,831870.87529544,67
2020-11-17 02:00:00,0.084979,0.085000,0.084560,0.084700,0.084817,193970.33457051,45
2020-11-17 03:00:00,0.084858,0.084973,0.084755,0.084755,0.084878,455895.84740582,64
2020-11-17 04:00:00,0.084778,0.084788,0.084004,0.084269,0.084514,520527.82671000,40
2020-11-17 05:00:00,0.084279,0.085292,0.084024,0.085259,0.084615,499014.24501716,61
2020-11-17 06:00:00,0.085223,0.086000,0.085055,0.085100,0.085707,1713385.51101688,162
2020-11-17 07:00:00,0.085027,0.086237,0.085019,0.086180,0.085925,1708105.16605400,146
2020-11-17 08:00:00,0.086034,0.086592,0.085339,0.085339,0.085964,436375.84601548,69
2020-11-17 09:00:00,0.085291,0.085980,0.085290,0.085949,0.085566,61773.62922389,41
2020-11-17 10:00:00,0.085794,0.086498,0.085100,0.086498,0.086049,691752.95073705,90
2020-11-17 11:00:00,0.086593,0.088508,0.086593,0.087048,0.087291,3721882.87769943,259
2020-11-17 12:00:00,0.086939,0.086939,0.086112,0.086334,0.086482,1761738.60335838,206
2020-11-17 13:00:00,0.086283,0.087216,0.086283,0.087216,0.086517,1310077.26860186,137
2020-11-17 14:00:00,0.087229,0.087579,0.087068,0.087333,0.087220,1707747.57946090,132
2020-11-17 15:00:00,0.087316,0.087487,0.086632,0.086738,0.087084,1243836.08266279,99
2020-11-17 16:00:00,0.086738,0.086738,0.086400,0.086504,0.086510,326527.05333657,80
2020-11-17 17:00:00,0.086431,0.086431,0.085638,0.086094,0.085874,1552654.96566458,241
2020-11-17 18:00:00,0.086094,0.086545,0.086094,0.086488,0.086280,2681655.22153647,206
2020-11-17 19:00:00,0.086488,0.087000,0.086102,0.086948,0.086673,188431.82744117,64
2020-11-17 20:00:00,0.086442,0.086479,0.086305,0.086478,0.086412,265666.15845566,27
2020-11-17 21:00:00,0.086169,0.086220,0.085709,0.086125,0.085874,268295.66235742,38
2020-11-17 22:00:00,0.085791,0.085829,0.085247,0.085499,0.085708,764390.72039404,78
2020-11-17 23:00:00,0.085848,0.086765,0.085717,0.086076,0.085975,567117.11714604,90
2020-11-18 00:00:00,0.086085,0.086595,0.081012,0.083312,0.084240,1711079.45658750,270
2020-11-18 01:00:00,0.083485,0.084369,0.083170,0.084283,0.083580,227686.74557806,55
2020-11-18 02:00:00,0.083954,0.084575,0.083558,0.084575,0.084012,211754.29148633,57
2020-11-18 03:00:00,0.084453,0.084552,0.084297,0.084392,0.084413,89451.21307866,40
2020-11-18 04:00:00,0.084362,0.084400,0.083416,0.083416,0.083943,226041.88873068,62
2020-11-18 05:00:00,0.083468,0.083811,0.083251,0.083810,0.083503,133198.20724945,31
2020-11-18 06:00:00,0.083811,0.084295,0.083757,0.084194,0.084058,93222.67302146,29
2020-11-18 07:00:00,0.083991,0.084178,0.083466,0.083466,0.083866,179642.36068586,41
2020-11-18 08:00:00,0.083385,0.083972,0.082823,0.082955,0.083501,171916.37601557,49
2020-11-18 09:00:00,0.082854,0.083397,0.082596,0.082669,0.082898,486170.06133888,66
2020-11-18 10:00:00,0.082479,0.083509,0.081900,0.083500,0.082389,1295745.17787313,129
2020-11-18 11:00:00,0.083500,0.083692,0.082827,0.083534,0.083320,423512.89863088,92
2020-11-18 12:00:00,0.083435,0.083710,0.083385,0.083520,0.083482,140451.26974512,32
2020-11-18 13:00:00,0.083171,0.083190,0.082405,0.082722,0.082808,748697.02927574,95
2020-11-18 14:00:00,0.082753,0.083198,0.082316,0.082506,0.082684,78926.65915555,46
2020-11-18 15:00:00,0.082635,0.082978,0.082497,0.082978,0.082698,39695.35366178,23
2020-11-18 16:00:00,0.082915,0.083662,0.082863,0.083446,0.083418,674201.33412532,65
2020-11-18 17:00:00,0.083535,0.083921,0.083490,0.083880,0.083859,114899.83638764,28
2020-11-18 18:00:00,0.083728,0.083798,0.083691,0.083763,0.083750,120924.65728932,19
2020-11-18 19:00:00,0.083781,0.083781,0.083050,0.083665,0.083428,34972.85211057,19
2020-11-18 20:00:00,0.083762,0.083774,0.083510,0.083654,0.083740,54574.10987590,22
2020-11-18 21:00:00,0.083600,0.083908,0.083396,0.083897,0.083709,127228.42171221,39
2020-11-18 22:00:00,0.083811,0.083811,0.083593,0.083647,0.083608,13726.57456371,11
2020-11-18 23:00:00,0.083490,0.083491,0.083130,0.083130,0.083455,18165.45182095,5
2020-11-19 00:00:00,0.083049,0.083337,0.082950,0.083337,0.083268,13836.13587198,12
2020-11-19 01:00:00,0.083343,0.083343,0.082663,0.082663,0.083092,3024.90042586,8
2020-11-19 02:00:00,0.082728,0.082729,0.082500,0.082516,0.082651,47495.88766327,12
2020-11-19 03:00:00,0.082405,0.082439,0.081671,0.082000,0.082026,78978.74451898,42
2020-11-19 04:00:00,0.082068,0.082084,0.081917,0.082006,0.082038,96991.95505441,22
2020-11-19 05:00:00,0.082098,0.083255,0.082098,0.083255,0.082597,462473.09498355,61
2020-11-19 06:00:00,0.083340,0.084308,0.083281,0.083943,0.083995,41774.96622794,48
2020-11-19 07:00:00,0.084122,0.085069,0.083860,0.085024,0.084880,1553341.47005579,121
2020-11-19 08:00:00,0.085025,0.085099,0.084548,0.084856,0.084817,218141.24466910,61
2020-11-19 09:00:00,0.084983,0.085157,0.084746,0.085157,0.084971,186802.68677207,57
2020-11-19 10:00:00,0.084777,0.084940,0.084600,0.084940,0.084685,67103.65580520,32
2020-11-19 11:00:00,0.084970,0.085582,0.084471,0.085273,0.085019,246164.06093421,62
2020-11-19 12:00:00,0.085218,0.085444,0.084556,0.085444,0.085223,1234251.56954213,84
2020-11-19 13:00:00,0.085170,0.085187,0.084779,0.084894,0.084901,111924.47832882,41
2020-11-19 14:00:00,0.084911,0.085323,0.084623,0.085038,0.085007,1228036.23512718,84
2020-11-19 15:00:00,0.085118,0.086409,0.084824,0.084934,0.085394,1460377.56985103,178
2020-11-19 16:00:00,0.084904,0.084904,0.083762,0.083992,0.084245,113397.74841092,34
2020-11-19 17:00:00,0.084035,0.084035,0.083483,0.083795,0.083667,418201.94633208,77
2020-11-19 18:00:00,0.083816,0.084167,0.083736,0.083938,0.083889,171871.31151386,37
2020-11-19 19:00:00,0.084072,0.084199,0.083920,0.084145,0.084058,11327.41885267,18
2020-11-19 20:00:00,0.083861,0.085147,0.083847,0.084940,0.084474,180186.76098196,53
2020-11-19 21:00:00,0.084883,0.085084,0.084883,0.085071,0.085002,96485.15551676,12
2020-11-19 22:00:00,0.085001,0.085162,0.084840,0.084840,0.085020,126501.91872225,34
2020-11-19 23:00:00,0.084865,0.084887,0.084770,0.084877,0.084821,56442.09560942,14
2020-11-20 00:00:00,0.084527,0.084573,0.084433,0.084555,0.084528,10090.29608093,8
2020-11-20 01:00:00,0.084413,0.084678,0.084411,0.084511,0.084501,107041.82375211,13
2020-11-20 02:00:00,0.084679,0.084779,0.084157,0.084388,0.084518,231722.92505057,28
2020-11-20 03:00:00,0.084419,0.084957,0.084347,0.084957,0.084606,20399.60593929,12
2020-11-20 04:00:00,0.084958,0.084979,0.084500,0.084721,0.084849,69505.11233856,24
2020-11-20 05:00:00,0.084682,0.085817,0.084682,0.085803,0.084945,112954.20732606,47
2020-11-20 06:00:00,0.085902,0.086285,0.085800,0.086156,0.086048,239262.87747189,52
2020-11-20 07:00:00,0.086170,0.086518,0.085904,0.086318,0.086137,142890.51645567,68
2020-11-20 08:00:00,0.086268,0.086630,0.086100,0.086478,0.086378,398246.49072801,55
2020-11-20 09:00:00,0.086508,0.086956,0.086036,0.086036,0.086488,294157.43384315,68
2020-11-20 10:00:00,0.086080,0.086157,0.085400,0.086099,0.085907,1034979.78624216,120
2020-11-20 11:00:00,0.086199,0.086465,0.085874,0.086363,0.086063,710055.10682073,94
2020-11-20 12:00:00,0.086427,0.087272,0.086377,0.087272,0.086741,2461149.36344133,236
2020-11-20 13:00:00,0.087314,0.087318,0.086174,0.086778,0.086956,980596.26640559,116
2020-11-20 14:00:00,0.086591,0.086873,0.086422,0.086422,0.086780,56373.29960410,23
2020-11-20 15:00:00,0.086633,0.087077,0.086303,0.086930,0.086715,652089.70245366,82
2020-11-20 16:00:00,0.086787,0.086870,0.086333,0.086506,0.086535,209146.76392134,51
2020-11-20 17:00:00,0.086539,0.086539,0.086013,0.086514,0.086308,694015.87935311,63
2020-11-20 18:00:00,0.086514,0.088666,0.086381,0.088579,0.087752,3393947.21099546,229
2020-11-20 19:00:00,0.088598,0.093100,0.088374,0.092488,0.089827,7305840.58650139,532
2020-11-20 20:00:00,0.092271,0.093443,0.091750,0.092201,0.092542,2032350.75021629,269
2020-11-20 21:00:00,0.092658,0.093310,0.090622,0.091117,0.092179,518464.98339666,118
2020-11-20 22:00:00,0.091259,0.092530,0.090980,0.091044,0.091742,492797.47078590,98
2020-11-20 23:00:00,0.090930,0.090930,0.089634,0.090352,0.090396,196424.91495544,39
2020-11-21 00:00:00,0.090222,0.092292,0.090222,0.092292,0.091523,311508.95907228,56
2020-11-21 01:00:00,0.092292,0.095000,0.092292,0.094421,0.094119,1398016.71679554,182
2020-11-21 02:00:00,0.094471,0.096124,0.094427,0.095700,0.094981,2151393.60022226,194
2020-11-21 03:00:00,0.096294,0.097954,0.096294,0.097689,0.096920,911758.01414950,172
2020-11-21 04:00:00,0.097907,0.098100,0.095081,0.096618,0.096882,2661910.82195187,195
2020-11-21 05:00:00,0.096274,0.097235,0.095668,0.095668,0.096676,736760.45147198,87
2020-11-21 06:00:00,0.095912,0.097019,0.095055,0.095462,0.095879,177463.37497540,51
2020-11-21 07:00:00,0.095533,0.099998,0.094565,0.098665,0.098682,1343982.18492602,260
2020-11-21 08:00:00,0.099113,0.105021,0.099059,0.103374,0.101858,5024529.93665421,531
2020-11-21 09:00:00,0.103548,0.103656,0.100700,0.103220,0.102099,2439747.21836508,292
2020-11-21 10:00:00,0.102991,0.105687,0.101705,0.105032,0.103902,1340055.39014908,257
2020-11-21 11:00:00,0.104998,0.105420,0.102291,0.103151,0.104724,2146646.91404354,207
2020-11-21 12:00:00,0.103264,0.104248,0.100137,0.103233,0.102191,3325471.85473716,366
2020-11-21 13:00:00,0.103227,0.104031,0.102000,0.103591,0.103273,463156.64896749,125
2020-11-21 14:00:00,0.103778,0.104352,0.102715,0.103934,0.103598,1525693.91109549,138
2020-11-21 15:00:00,0.103781,0.103781,0.102192,0.103633,0.102938,2255967.67522948,188
2020-11-21 16:00:00,0.103347,0.105140,0.102618,0.105140,0.103684,947404.44629754,141
2020-11-21 17:00:00,0.104868,0.107000,0.103174,0.107000,0.104918,871705.41207163,141
2020-11-21 18:00:00,0.107000,0.109960,0.106241,0.109458,0.108500,2297772.48615996,357
2020-11-21 19:00:00,0.109265,0.114737,0.105327,0.106852,0.110829,4595856.05621289,855
2020-11-21 20:00:00,0.106893,0.108364,0.100570,0.103244,0.104102,2201591.99157226,645
2020-11-21 21:00:00,0.103275,0.106773,0.103275,0.106501,0.105257,873342.69119478,228
2020-11-21 22:00:00,0.106397,0.106397,0.103767,0.106015,0.105029,264562.10250607,79
2020-11-21 23:00:00,0.105219,0.106451,0.103811,0.105466,0.105721,558483.58816937,94
2020-11-22 00:00:00,0.104987,0.105312,0.102500,0.104058,0.104128,307685.55382271,105
2020-11-22 01:00:00,0.103815,0.104561,0.100575,0.103189,0.102246,493125.26252129,149
2020-11-22 02:00:00,0.102844,0.104312,0.100167,0.104228,0.102297,1479702.61635036,165
2020-11-22 03:00:00,0.103622,0.104002,0.101585,0.101890,0.102783,1229146.24406230,126
2020-11-22 04:00:00,0.102372,0.108438,0.102372,0.107729,0.107193,1455053.97774333,261
2020-11-22 05:00:00,0.108000,0.108000,0.103500,0.105139,0.106788,1668613.46697837,153
2020-11-22 06:00:00,0.104787,0.105548,0.096600,0.099513,0.099913,1862080.56982570,332
2020-11-22 07:00:00,0.099282,0.101403,0.099272,0.100185,0.100656,914081.22750156,128
2020-11-22 08:00:00,0.100614,0.101816,0.099709,0.100156,0.101020,210339.05021620,66
2020-11-22 09:00:00,0.100231,0.102252,0.099710,0.101000,0.101260,491624.22149058,105
2020-11-22 10:00:00,0.101198,0.102683,0.101198,0.102682,0.102018,162375.73409622,62
2020-11-22 11:00:00,0.102030,0.104894,0.101613,0.104315,0.103979,509663.55430061,123
2020-11-22 12:00:00,0.104423,0.104987,0.103462,0.103866,0.104440,647151.84950408,68
2020-11-22 13:00:00,0.104231,0.107999,0.104231,0.106910,0.106223,1980209.18467535,278
2020-11-22 14:00:00,0.107064,0.107884,0.106207,0.107426,0.106990,1166421.70380544,231
2020-11-22 15:00:00,0.107614,0.109662,0.105753,0.106927,0.107845,1100370.83227797,296
2020-11-22 16:00:00,0.106625,0.109875,0.105818,0.107965,0.107341,855693.24727099,190
2020-11-22 17:00:00,0.107964,0.108435,0.106863,0.106863,0.107996,1640476.32749753,182
2020-11-22 18:00:00,0.106727,0.106727,0.103412,0.104534,0.104302,1661433.81024675,282
2020-11-22 19:00:00,0.104563,0.105592,0.101508,0.102136,0.102989,517787.62679641,182
2020-11-22 20:00:00,0.102551,0.105032,0.101744,0.104587,0.103588,372003.45057809,107
2020-11-22 21:00:00,0.104488,0.104965,0.103767,0.104264,0.104176,217714.74592522,61
2020-11-22 22:00:00,0.104196,0.107053,0.103672,0.107053,0.104759,1100764.34255923,116
2020-11-22 23:00:00,0.106782,0.107531,0.106113,0.106420,0.107317,538648.06728359,76
2020-11-23 00:00:00,0.106743,0.107520,0.106226,0.106863,0.106552,681371.04303619,109
2020-11-23 01:00:00,0.106644,0.107000,0.105290,0.107000,0.106345,268222.89518508,82
2020-11-23 02:00:00,0.106873,0.106876,0.105670,0.106550,0.106493,111125.39065110,39
2020-11-23 03:00:00,0.106446,0.109464,0.106446,0.107901,0.108209,1011308.50754688,226
2020-11-23 04:00:00,0.107916,0.109721,0.107767,0.108499,0.108530,2829791.92446187,250
2020-11-23 05:00:00,0.108499,0.108531,0.107620,0.108531,0.107848,3596408.75214540,279
2020-11-23 06:00:00,0.108753,0.112704,0.108712,0.111594,0.111675,1464882.74344896,326
2020-11-23 07:00:00,0.111671,0.113820,0.109457,0.113327,0.112284,2077976.53283042,227
2020-11-23 08:00:00,0.113327,0.114243,0.107254,0.112565,0.111075,1369276.41085487,431
2020-11-23 09:00:00,0.112614,0.117999,0.112026,0.117338,0.114677,3831255.42093702,728
2020-11-23 10:00:00,0.117414,0.117414,0.111450,0.113206,0.113956,3142936.70496565,600
2020-11-23 11:00:00,0.113225,0.114823,0.110462,0.114008,0.112232,2847559.95343806,356
2020-11-23 12:00:00,0.113635,0.116575,0.113617,0.116575,0.115257,3281821.58457322,367
2020-11-23 13:00:00,0.116888,0.117984,0.115053,0.115332,0.116771,4983191.06891596,514
2020-11-23 14:00:00,0.115217,0.118548,0.114113,0.118348,0.116213,506194.35546912,181
2020-11-23 15:00:00,0.118288,0.118431,0.115000,0.116617,0.116796,514354.87573493,148
2020-11-23 16:00:00,0.116478,0.120670,0.116336,0.120286,0.119319,3183978.42179142,401
2020-11-23 17:00:00,0.120612,0.130000,0.119941,0.130000,0.126008,4077710.57283747,709
2020-11-23 18:00:00,0.130000,0.132586,0.126726,0.131920,0.130102,7008256.06739662,872
2020-11-23 19:00:00,0.132209,0.152200,0.130528,0.150191,0.141664,10797732.97763084,1614
2020-11-23 20:00:00,0.150293,0.180000,0.148006,0.159178,0.157182,10687744.49399944,1734
2020-11-23 21:00:00,0.159178,0.164998,0.153600,0.157800,0.158836,3270270.92431393,858
2020-11-23 22:00:00,0.157800,0.166149,0.156870,0.162555,0.160900,3885748.63713158,562
2020-11-23 23:00:00,0.163429,0.188303,0.161296,0.184998,0.176408,7681997.14063953,1038
2020-11-24 00:00:00,0.184998,0.186000,0.174710,0.175763,0.181381,10949932.23806018,1452
2020-11-24 01:00:00,0.174884,0.175206,0.151198,0.163385,0.163789,9667337.91898579,2031
2020-11-24 02:00:00,0.163330,0.180000,0.163330,0.171676,0.170294,3241580.81704664,884
2020-11-24 03:00:00,0.170913,0.177864,0.170521,0.174065,0.173332,839856.85960232,342
2020-11-24 04:00:00,0.174300,0.174491,0.156744,0.158960,0.161368,3537791.74145099,1121
2020-11-24 05:00:00,0.159552,0.160375,0.141718,0.158063,0.152687,8259209.01315802,1638
2020-11-24 06:00:00,0.158063,0.160788,0.150652,0.157018,0.155741,3999820.48198341,613
2020-11-24 07:00:00,0.156344,0.157277,0.146887,0.149182,0.154124,4251919.36596652,749
2020-11-24 08:00:00,0.149470,0.170697,0.149380,0.170249,0.160174,5338216.92278706,1320
2020-11-24 09:00:00,0.170336,0.174375,0.163579,0.169460,0.169120,4850387.72099618,867
2020-11-24 10:00:00,0.169460,0.193557,0.165910,0.188631,0.181063,5015836.44746101,1410
2020-11-24 11:00:00,0.189100,0.198991,0.181172,0.189436,0.191313,7178458.55027815,1826
2020-11-24 12:00:00,0.189239,0.189895,0.182001,0.185004,0.186216,4436879.37782226,758
2020-11-24 13:00:00,0.184591,0.191640,0.183541,0.187270,0.188681,5974555.94943127,623
2020-11-24 14:00:00,0.187233,0.198840,0.186754,0.193959,0.193558,7319416.25514270,1053
2020-11-24 15:00:00,0.192880,0.193283,0.183542,0.184857,0.188252,3237289.35786939,721
2020-11-24 16:00:00,0.184899,0.187128,0.171004,0.175315,0.178765,5022781.72538904,757
2020-11-24 17:00:00,0.174942,0.182791,0.173695,0.181641,0.179753,2355649.85132799,443
2020-11-24 18:00:00,0.182297,0.197997,0.182297,0.195622,0.191976,5442202.80813386,1007
2020-11-24 19:00:00,0.195931,0.218850,0.195931,0.205632,0.211011,21481693.73497531,2535
2020-11-24 20:00:00,0.206960,0.215237,0.197284,0.201042,0.207691,9368142.59910564,982
2020-11-24 21:00:00,0.200700,0.200700,0.186563,0.196916,0.194083,6842383.10117036,1006
2020-11-24 22:00:00,0.197049,0.200400,0.187674,0.192656,0.193029,7845079.17502827,1028
2020-11-24 23:00:00,0.191456,0.195538,0.183239,0.183403,0.189173,2996475.03158743,662
2020-11-25 00:00:00,0.183103,0.195596,0.181949,0.192794,0.189032,3076604.13780435,673
2020-11-25 01:00:00,0.193349,0.208491,0.193349,0.197791,0.202296,4245776.36180443,883
2020-11-25 02:00:00,0.197696,0.206393,0.192921,0.200361,0.200409,4481879.49198118,815
2020-11-25 03:00:00,0.200402,0.203719,0.197834,0.200959,0.200680,2330201.99330678,473
2020-11-25 04:00:00,0.201397,0.211401,0.199316,0.206260,0.205847,2622804.74485482,636
2020-11-25 05:00:00,0.206293,0.227500,0.206293,0.226765,0.218791,4529771.75240092,1239
2020-11-25 06:00:00,0.227056,0.228190,0.216503,0.218971,0.221492,5397140.94837813,1107
2020-11-25 07:00:00,0.220000,0.225999,0.212040,0.221999,0.219376,2553466.11117834,640
2020-11-25 08:00:00,0.221999,0.226954,0.213001,0.215368,0.219448,4329853.38830061,973
2020-11-25 09:00:00,0.214109,0.222954,0.214104,0.221580,0.218224,2659002.70967248,619
2020-11-25 10:00:00,0.221954,0.231846,0.219523,0.225830,0.226771,7279840.38072727,1173
2020-11-25 11:00:00,0.225109,0.227022,0.217434,0.217628,0.223015,3686746.80206552,761
2020-11-25 12:00:00,0.217405,0.225619,0.216150,0.221700,0.220235,1816233.31244636,577
2020-11-25 13:00:00,0.221699,0.222022,0.216437,0.219072,0.219427,2609948.24308098,622
2020-11-25 14:00:00,0.218525,0.218826,0.204441,0.207331,0.212012,3715338.39359160,827
2020-11-25 15:00:00,0.207619,0.210700,0.184361,0.199182,0.196127,8106337.98989069,1799
2020-11-25 16:00:00,0.198152,0.209421,0.191833,0.204671,0.202148,4929113.96074059,1054
2020-11-25 17:00:00,0.204465,0.204465,0.190000,0.201369,0.197121,2596493.74395257,811
2020-11-25 18:00:00,0.200137,0.201123,0.186252,0.193066,0.194208,4962315.68757477,995
2020-11-25 19:00:00,0.193436,0.205008,0.187099,0.203300,0.196021,2022742.05114219,754
2020-11-25 20:00:00,0.203300,0.204172,0.195356,0.196000,0.199674,1031072.81968928,296
2020-11-25 21:00:00,0.195531,0.195531,0.185002,0.185002,0.190243,2001880.40361290,478
2020-11-25 22:00:00,0.185902,0.185968,0.159460,0.175021,0.171696,10829106.89142650,2480
2020-11-25 23:00:00,0.174053,0.179467,0.166980,0.172902,0.172468,4868975.55665019,1145
2020-11-26 00:00:00,0.173472,0.177372,0.170167,0.177257,0.173563,3570324.81890507,763
2020-11-26 01:00:00,0.176803,0.183700,0.174734,0.181010,0.180452,2234817.93861695,607
2020-11-26 02:00:00,0.181440,0.181440,0.160000,0.162562,0.170325,3580858.28430597,825
2020-11-26 03:00:00,0.162164,0.164658,0.145001,0.155555,0.153615,7753904.15440710,1663
2020-11-26 04:00:00,0.154348,0.167200,0.152824,0.164668,0.159739,3971716.94708400,696
2020-11-26 05:00:00,0.164643,0.167700,0.161054,0.165569,0.164830,1651462.15580685,360
2020-11-26 06:00:00,0.165569,0.173309,0.162561,0.164030,0.169502,2880106.49145729,870
2020-11-26 07:00:00,0.164544,0.174760,0.162499,0.172906,0.169869,1926988.67673628,380
2020-11-26 08:00:00,0.172671,0.173793,0.161000,0.161000,0.168157,2098934.77173500,331
2020-11-26 09:00:00,0.161999,0.163770,0.155479,0.157671,0.160246,2902016.53206733,578
2020-11-26 10:00:00,0.157671,0.169000,0.156459,0.161997,0.163480,2789290.09259826,541
2020-11-26 11:00:00,0.162000,0.165042,0.153134,0.154959,0.158432,2044775.99697816,523
2020-11-26 12:00:00,0.154958,0.158800,0.146024,0.158800,0.152167,2745679.92686924,766
2020-11-26 13:00:00,0.158464,0.159703,0.153001,0.153550,0.157234,1940459.31343469,394
2020-11-26 14:00:00,0.153713,0.159111,0.151185,0.156369,0.154902,2326559.22344664,459
2020-11-26 15:00:00,0.156641,0.169949,0.156641,0.168980,0.164964,3942348.30617871,651
2020-11-26 16:00:00,0.168980,0.170816,0.162731,0.164349,0.167920,2430734.32349607,427
2020-11-26 17:00:00,0.164762,0.170348,0.163900,0.168120,0.168251,972673.54486817,220
2020-11-26 18:00:00,0.166980,0.167989,0.163145,0.167989,0.165806,527225.41975456,138
2020-11-26 19:00:00,0.168358,0.179070,0.162796,0.178500,0.170624,1971135.30813438,375
2020-11-26 20:00:00,0.179271,0.185832,0.175878,0.180301,0.181611,3206884.24332846,672
2020-11-26 21:00:00,0.180241,0.182929,0.170220,0.170440,0.177436,6286341.34863246,683
2020-11-26 22:00:00,0.171795,0.179950,0.171795,0.175153,0.176818,2100261.59106127,266
2020-11-26 23:00:00,0.175419,0.184326,0.174778,0.181303,0.180649,3199845.41486971,323
2020-11-27 00:00:00,0.181593,0.191919,0.181593,0.190804,0.188491,5122417.50989365,676
2020-11-27 01:00:00,0.190518,0.193720,0.183689,0.190522,0.189354,5518314.41990690,608
2020-11-27 02:00:00,0.190539,0.192491,0.184433,0.187000,0.187949,3090434.26380601,407
2020-11-27 03:00:00,0.187439,0.187494,0.174686,0.181104,0.180311,2719878.21229395,531
2020-11-27 04:00:00,0.180977,0.191134,0.178356,0.182436,0.185165,3231715.08156286,634
2020-11-27 05:00:00,0.182404,0.190236,0.182404,0.189651,0.186792,1699054.23494841,425
2020-11-27 06:00:00,0.188929,0.188929,0.180815,0.182392,0.184877,858168.96678139,210
2020-11-27 07:00:00,0.182407,0.189700,0.182407,0.189176,0.187066,523828.58582988,198
2020-11-27 08:00:00,0.188201,0.192517,0.185625,0.188846,0.189005,2405060.44745919,313
2020-11-27 09:00:00,0.188985,0.195109,0.184910,0.187676,0.188678,2762436.72342337,526
2020-11-27 10:00:00,0.187680,0.190000,0.181204,0.181913,0.187416,2851737.05739781,428
2020-11-27 11:00:00,0.182701,0.190031,0.181685,0.190031,0.186288,1187005.41465765,286
2020-11-27 12:00:00,0.190031,0.190031,0.186476,0.187962,0.187962,717751.76590423,132
2020-11-27 13:00:00,0.187800,0.191000,0.187399,0.188451,0.188483,1402060.95073150,434
2020-11-27 14:00:00,0.188901,0.189493,0.185131,0.186731,0.186943,2241215.45376914,261
2020-11-27 15:00:00,0.187030,0.194781,0.186400,0.194500,0.191118,1869401.74698460,445
2020-11-27 16:00:00,0.193650,0.194957,0.190500,0.192779,0.193138,1434622.99983197,372
2020-11-27 17:00:00,0.192798,0.193632,0.191008,0.192199,0.192705,351094.33764291,113
2020-11-27 18:00:00,0.192676,0.207499,0.192676,0.206837,0.202970,6065675.79141903,999
2020-11-27 19:00:00,0.207396,0.220302,0.200757,0.217550,0.210280,9550653.18786252,1642
2020-11-27 20:00:00,0.217685,0.220781,0.210291,0.211761,0.215905,6230489.58083963,1006
2020-11-27 21:00:00,0.211612,0.213784,0.207681,0.211442,0.211022,1143053.84265710,428
2020-11-27 22:00:00,0.211199,0.212000,0.204368,0.209880,0.207810,2447331.14387803,408
2020-11-27 23:00:00,0.210503,0.212447,0.202365,0.207066,0.207801,3538400.54281914,520
2020-11-28 00:00:00,0.207088,0.208977,0.202722,0.207513,0.205617,1525929.63016335,331
2020-11-28 01:00:00,0.208085,0.211000,0.205285,0.210221,0.208157,1434960.22558384,272
2020-11-28 02:00:00,0.209989,0.212000,0.205400,0.206054,0.209030,2152726.64832785,191
2020-11-28 03:00:00,0.206411,0.207666,0.198351,0.199703,0.205022,2890946.96285011,378
2020-11-28 04:00:00,0.199909,0.205824,0.199909,0.202176,0.203276,615014.18046695,174
2020-11-28 05:00:00,0.202804,0.211796,0.202216,0.208037,0.208218,1745996.65398222,318
2020-11-28 06:00:00,0.208026,0.210144,0.205532,0.209128,0.208256,401838.63314446,131
2020-11-28 07:00:00,0.210086,0.213548,0.208760,0.209853,0.211657,4135808.11379491,465
2020-11-28 08:00:00,0.209325,0.214449,0.207735,0.212773,0.211788,1881735.38699054,330
2020-11-28 09:00:00,0.213040,0.216553,0.210664,0.213655,0.213382,1974635.54383116,350
2020-11-28 10:00:00,0.213762,0.217110,0.209708,0.211580,0.214886,4734572.15459770,599
2020-11-28 11:00:00,0.211660,0.213989,0.200456,0.201429,0.208515,3956003.14890352,776
2020-11-28 12:00:00,0.201589,0.205680,0.195703,0.203860,0.202002,2599596.95245989,640
2020-11-28 13:00:00,0.204799,0.205843,0.200200,0.201498,0.202222,1184671.82297510,255
2020-11-28 14:00:00,0.201751,0.203624,0.197653,0.202199,0.201529,736333.64889487,269
2020-11-28 15:00:00,0.201544,0.202174,0.195850,0.196591,0.199173,1008554.23395245,245
2020-11-28 16:00:00,0.197379,0.201849,0.196650,0.201636,0.200087,751751.85150670,195
2020-11-28 17:00:00,0.201343,0.201343,0.197649,0.199626,0.199458,1216345.71463202,251
2020-11-28 18:00:00,0.199546,0.200519,0.198304,0.200450,0.199121,431954.52730443,143
2020-11-28 19:00:00,0.200092,0.201717,0.188177,0.193179,0.194973,2233174.67531757,586
2020-11-28 20:00:00,0.194023,0.195725,0.189054,0.192204,0.191273,1198526.07608250,267
2020-11-28 21:00:00,0.192495,0.198160,0.191932,0.197559,0.196820,767917.98783842,147
2020-11-28 22:00:00,0.196499,0.197127,0.193408,0.193727,0.194985,224286.01684807,108
2020-11-28 23:00:00,0.193408,0.196213,0.191851,0.193427,0.193372,945884.90656977,117
2020-11-29 00:00:00,0.193427,0.194559,0.191976,0.192570,0.193220,482695.26221146,98
2020-11-29 01:00:00,0.191966,0.193299,0.189500,0.192318,0.191313,438716.98191866,133
2020-11-29 02:00:00,0.191966,0.199199,0.191026,0.198649,0.197781,843482.57790104,208
2020-11-29 03:00:00,0.198716,0.202932,0.198011,0.200419,0.200238,1375252.77968706,327
2020-11-29 04:00:00,0.199949,0.201026,0.194879,0.194879,0.198212,694061.19109331,157
2020-11-29 05:00:00,0.195583,0.198084,0.194132,0.197331,0.195528,177734.55349483,97
2020-11-29 06:00:00,0.197477,0.197502,0.194545,0.196497,0.195837,292127.32748279,87
2020-11-29 07:00:00,0.195654,0.196500,0.192954,0.195291,0.194647,653246.75169438,138
2020-11-29 08:00:00,0.195814,0.198869,0.195814,0.198710,0.197801,258947.03709143,73
2020-11-29 09:00:00,0.199172,0.199504,0.196091,0.196806,0.198089,386750.64018839,95
2020-11-29 10:00:00,0.195846,0.196572,0.194714,0.196000,0.195547,202621.93695608,84
2020-11-29 11:00:00,0.196856,0.197175,0.189334,0.192998,0.191229,1336745.85220975,273
2020-11-29 12:00:00,0.192341,0.194899,0.192341,0.193869,0.194069,2365317.11327229,176
2020-11-29 13:00:00,0.194056,0.194056,0.192542,0.192550,0.193240,279878.87417081,77
2020-11-29 14:00:00,0.192667,0.192935,0.191593,0.191787,0.192094,452566.69769156,96
2020-11-29 15:00:00,0.191249,0.195000,0.190916,0.193963,0.192598,830741.03723845,196
2020-11-29 16:00:00,0.194418,0.198988,0.194418,0.196228,0.196637,494914.03363185,195
2020-11-29 17:00:00,0.196347,0.196347,0.191574,0.193576,0.193706,380484.26280641,147
2020-11-29 18:00:00,0.194431,0.195681,0.193238,0.194262,0.194615,153940.46883331,58
2020-11-29 19:00:00,0.194587,0.205221,0.194587,0.203656,0.200441,1707490.44022946,506
2020-11-29 20:00:00,0.203762,0.206600,0.200711,0.201533,0.202997,1349211.62377104,281
2020-11-29 21:00:00,0.201601,0.202810,0.199756,0.201508,0.201946,293573.86145603,81
2020-11-29 22:00:00,0.201012,0.201616,0.199284,0.200781,0.200406,294094.24493640,88
2020-11-29 23:00:00,0.201190,0.201192,0.196650,0.198428,0.198672,323258.62402761,139
2020-11-30 00:00:00,0.198381,0.199648,0.197556,0.197714,0.198923,734835.09211662,105
2020-11-30 01:00:00,0.197612,0.198329,0.196626,0.198149,0.197478,369710.81442656,132
2020-11-30 02:00:00,0.198060,0.201065,0.197500,0.197927,0.199190,389508.26884887,108
2020-11-30 03:00:00,0.197798,0.197798,0.191977,0.191977,0.193805,1872716.07890865,449
2020-11-30 04:00:00,0.192001,0.194008,0.189356,0.193674,0.191627,1466231.15441743,260
2020-11-30 05:00:00,0.193949,0.195288,0.193213,0.193620,0.194037,270505.55128865,56
2020-11-30 06:00:00,0.194406,0.198428,0.194159,0.196815,0.197863,1009177.45637534,167
2020-11-30 07:00:00,0.197710,0.198428,0.194866,0.195012,0.196293,501730.98807447,126
2020-11-30 08:00:00,0.195261,0.199320,0.192420,0.198079,0.193770,503582.92398275,170
2020-11-30 09:00:00,0.197452,0.205127,0.195703,0.199972,0.199207,3560225.55297573,654
2020-11-30 10:00:00,0.200544,0.205665,0.196607,0.197812,0.201893,3062156.09335744,664
2020-11-30 11:00:00,0.198278,0.203657,0.198081,0.198866,0.201680,1787656.80359789,417
2020-11-30 12:00:00,0.199200,0.201054,0.197798,0.199939,0.199970,1259477.04016350,223
2020-11-30 13:00:00,0.200041,0.201440,0.198514,0.198514,0.199487,526036.70116370,96
2020-11-30 14:00:00,0.198857,0.201057,0.198660,0.198660,0.199956,201651.54116134,82
2020-11-30 15:00:00,0.199187,0.200813,0.198081,0.200076,0.199337,234804.12641501,77
2020-11-30 16:00:00,0.199621,0.200931,0.197246,0.198211,0.198652,879364.48298104,151
2020-11-30 17:00:00,0.198211,0.199144,0.196777,0.198593,0.198122,502454.63425787,123
2020-11-30 18:00:00,0.198682,0.204800,0.198497,0.203011,0.202322,1077678.76242790,235
2020-11-30 19:00:00,0.203020,0.203020,0.198514,0.199241,0.200060,1029541.28893852,189
2020-11-30 20:00:00,0.198798,0.199918,0.198000,0.199743,0.199165,836661.10947455,123
2020-11-30 21:00:00,0.199743,0.200695,0.198694,0.199360,0.199721,1119422.42692133,108
2020-11-30 22:00:00,0.198829,0.198855,0.196324,0.196324,0.197916,273748.64556421,90
2020-11-30 23:00:00,0.196293,0.197438,0.193817,0.195500,0.195637,522220.65094416,158
2020-12-01 00:00:00,0.194815,0.196666,0.193786,0.196449,0.195655,153471.27335061,71
2020-12-01 01:00:00,0.196948,0.198072,0.196118,0.196135,0.197118,319932.89103580,73
2020-12-01 02:00:00,0.195809,0.201440,0.195457,0.201288,0.198871,233389.21891307,105
2020-12-01 03:00:00,0.201155,0.204461,0.199116,0.200183,0.201771,651141.67904696,200
2020-12-01 04:00:00,0.200350,0.201249,0.199284,0.199646,0.200339,195571.53367556,73
2020-12-01 05:00:00,0.199810,0.201420,0.199510,0.199510,0.200612,2197734.69769698,210
2020-12-01 06:00:00,0.200217,0.201618,0.193457,0.195436,0.198474,1938064.17777236,401
2020-12-01 07:00:00,0.195436,0.196939,0.173979,0.183161,0.187371,6049149.17358281,1181
2020-12-01 08:00:00,0.182000,0.187813,0.178077,0.186764,0.182965,2391222.68943643,544
2020-12-01 09:00:00,0.186533,0.194419,0.184917,0.193046,0.188667,602959.62419364,265
2020-12-01 10:00:00,0.192700,0.194633,0.189539,0.190630,0.191570,571369.32237162,175
2020-12-01 11:00:00,0.190441,0.191512,0.186306,0.186565,0.188596,617087.21624955,173
2020-12-01 12:00:00,0.187130,0.188615,0.183085,0.188307,0.186261,1598404.18755984,363
2020-12-01 13:00:00,0.188499,0.188499,0.184791,0.185772,0.185552,635337.49257500,118
2020-12-01 14:00:00,0.185231,0.189440,0.185231,0.188859,0.188062,673165.92305687,110
2020-12-01 15:00:00,0.188839,0.189514,0.186161,0.186725,0.186929,429795.08763654,130
2020-12-01 16:00:00,0.186771,0.188345,0.186548,0.187370,0.187384,173033.66785771,55
2020-12-01 17:00:00,0.187226,0.189716,0.185500,0.186147,0.187674,485886.44395476,112
2020-12-01 18:00:00,0.185851,0.186091,0.183426,0.184230,0.185078,407947.84758256,99
2020-12-01 19:00:00,0.183538,0.186457,0.179803,0.185368,0.182018,804300.65815225,233
2020-12-01 20:00:00,0.185379,0.185733,0.183728,0.185024,0.185168,266702.73102491,53
2020-12-01 21:00:00,0.184234,0.184234,0.181544,0.181926,0.183420,140129.86751056,50
2020-12-01 22:00:00,0.183134,0.183435,0.180303,0.180873,0.181690,242575.39506405,67
2020-12-01 23:00:00,0.180971,0.181768,0.177586,0.179467,0.179020,714121.86368352,140
2020-12-02 00:00:00,0.179378,0.181077,0.177988,0.181024,0.179844,604148.27155453,109
2020-12-02 01:00:00,0.180821,0.185230,0.180821,0.185183,0.184426,1380917.21562763,153
2020-12-02 02:00:00,0.185200,0.186899,0.184231,0.186899,0.185104,367057.96348320,69
2020-12-02 03:00:00,0.185962,0.187053,0.185688,0.185855,0.186199,286317.26350142,64
2020-12-02 04:00:00,0.186137,0.188172,0.184696,0.185303,0.186455,196924.39408912,74
2020-12-02 05:00:00,0.185098,0.187053,0.185098,0.186951,0.185820,116986.04521661,59
2020-12-02 06:00:00,0.187156,0.188048,0.186411,0.186818,0.186974,42827.70659832,25
2020-12-02 07:00:00,0.186306,0.186800,0.183945,0.186800,0.185197,176536.25532573,49
2020-12-02 08:00:00,0.186684,0.187427,0.185943,0.186101,0.186436,133863.99468991,33
2020-12-02 09:00:00,0.185841,0.185850,0.183000,0.183624,0.183514,773903.82238208,137
2020-12-02 10:00:00,0.183000,0.184123,0.180862,0.181000,0.181931,476920.83636640,115
2020-12-02 11:00:00,0.181296,0.181607,0.178604,0.179465,0.180532,1069257.84315689,186
2020-12-02 12:00:00,0.179591,0.182155,0.179464,0.181917,0.181092,887693.64919527,142
2020-12-02 13:00:00,0.182000,0.183435,0.182000,0.182900,0.183020,75562.12440990,46
2020-12-02 14:00:00,0.182900,0.184043,0.182578,0.184042,0.183313,417278.14053578,76
2020-12-02 15:00:00,0.184012,0.184358,0.182500,0.184208,0.183432,443789.88752706,100
2020-12-02 16:00:00,0.184176,0.184223,0.182784,0.182819,0.183047,45120.74746231,39
2020-12-02 17:00:00,0.182710,0.184049,0.182271,0.182271,0.183187,406648.10344869,68
2020-12-02 18:00:00,0.182387,0.187337,0.182274,0.185430,0.185071,1591232.51905612,272
2020-12-02 19:00:00,0.185096,0.187010,0.184320,0.184627,0.186113,113005.83953084,54
2020-12-02 20:00:00,0.184808,0.184808,0.181265,0.182210,0.182237,521123.94843411,97
2020-12-02 21:00:00,0.182122,0.183100,0.181725,0.182211,0.182806,321440.42152210,54
2020-12-02 22:00:00,0.182400,0.184087,0.182308,0.183561,0.183541,169155.06070712,41
2020-12-02 23:00:00,0.183500,0.183532,0.181321,0.181460,0.183214,194676.95901922,40
2020-12-03 00:00:00,0.181390,0.183108,0.180000,0.180829,0.180831,935971.38068440,113
2020-12-03 01:00:00,0.180262,0.182236,0.180262,0.181130,0.181201,185191.87889075,36
2020-12-03 02:00:00,0.181033,0.183199,0.180000,0.182564,0.182155,121950.44408993,46
2020-12-03 03:00:00,0.182871,0.184359,0.182273,0.183638,0.183610,317508.52602857,60
2020-12-03 04:00:00,0.183574,0.183574,0.181490,0.182000,0.181834,65160.28244913,39
2020-12-03 05:00:00,0.182057,0.184174,0.182054,0.183500,0.183364,209083.79514596,65
2020-12-03 06:00:00,0.183587,0.184274,0.183568,0.184200,0.184152,234304.25513892,55
2020-12-03 07:00:00,0.184313,0.184313,0.181721,0.182431,0.182625,696508.59408841,141
2020-12-03 08:00:00,0.182606,0.183218,0.182193,0.182923,0.182703,99793.52861875,42
2020-12-03 09:00:00,0.182866,0.188937,0.182866,0.186699,0.186167,492950.50176824,215
2020-12-03 10:00:00,0.186614,0.189971,0.185490,0.188200,0.187736,796087.91362390,127
2020-12-03 11:00:00,0.189338,0.189806,0.184236,0.184730,0.185928,1025053.49700286,192
2020-12-03 12:00:00,0.184526,0.184714,0.183182,0.183861,0.184063,456575.93550521,117
2020-12-03 13:00:00,0.183957,0.185405,0.183957,0.184480,0.184502,566198.02562586,134
2020-12-03 14:00:00,0.184440,0.184671,0.184090,0.184671,0.184286,370140.77225132,66
2020-12-03 15:00:00,0.184859,0.184946,0.182747,0.182925,0.183544,336987.77232304,86
2020-12-03 16:00:00,0.182999,0.184431,0.182924,0.183549,0.183169,524659.89356450,75
2020-12-03 17:00:00,0.183409,0.184851,0.183409,0.184528,0.184430,545455.79054256,61
2020-12-03 18:00:00,0.184711,0.184939,0.184077,0.184356,0.184537,71716.50869628,45
2020-12-03 19:00:00,0.184024,0.185000,0.183780,0.184403,0.184210,181914.87060378,87
2020-12-03 20:00:00,0.184547,0.188615,0.184547,0.187871,0.187010,620436.86406308,133
2020-12-03 21:00:00,0.187005,0.187553,0.183461,0.184080,0.185269,899767.41040200,172
2020-12-03 22:00:00,0.184127,0.185230,0.180747,0.181315,0.183445,802399.67639097,137
2020-12-03 23:00:00,0.181315,0.183400,0.180979,0.183256,0.182730,150860.61385692,58
2020-12-04 00:00:00,0.183058,0.183246,0.182390,0.182831,0.182931,235297.79916375,41
2020-12-04 01:00:00,0.182601,0.184274,0.182601,0.183279,0.183486,122654.74107002,63
2020-12-04 02:00:00,0.183472,0.183472,0.181889,0.182901,0.182372,946440.57709047,131
2020-12-04 03:00:00,0.182614,0.185161,0.182597,0.184724,0.183709,288935.68717398,60
2020-12-04 04:00:00,0.185050,0.185050,0.183700,0.184034,0.184027,169107.99284158,48
2020-12-04 05:00:00,0.183892,0.183981,0.178213,0.180000,0.180786,1348243.70663584,277
2020-12-04 06:00:00,0.179700,0.180876,0.173304,0.173873,0.177262,902776.21130116,227
2020-12-04 07:00:00,0.173694,0.177460,0.173061,0.177292,0.175831,847220.43075605,292
2020-12-04 08:00:00,0.177391,0.177391,0.173979,0.175378,0.175395,697173.19540750,141
2020-12-04 09:00:00,0.174763,0.176641,0.171471,0.176641,0.173827,1338863.16336428,247
2020-12-04 10:00:00,0.176066,0.176168,0.171357,0.172356,0.172769,919231.29178800,168
2020-12-04 11:00:00,0.171480,0.172347,0.168078,0.171249,0.170112,1079777.74408563,318
2020-12-04 12:00:00,0.171249,0.172551,0.170749,0.171189,0.171437,907077.20696513,226
2020-12-04 13:00:00,0.170945,0.173923,0.170573,0.173923,0.171896,304472.40789539,117
2020-12-04 14:00:00,0.172966,0.173331,0.170869,0.171249,0.171559,275718.80837599,72
2020-12-04 15:00:00,0.171249,0.171553,0.168183,0.168750,0.169160,553451.17728274,142
2020-12-04 16:00:00,0.168700,0.168700,0.161276,0.163864,0.165336,1573770.93511142,326
2020-12-04 17:00:00,0.163752,0.165263,0.159656,0.160442,0.162758,711003.47163645,262
2020-12-04 18:00:00,0.159915,0.164835,0.159641,0.161971,0.163250,767491.38482235,170
2020-12-04 19:00:00,0.161617,0.166107,0.159500,0.165972,0.163145,970832.62863286,216
2020-12-04 20:00:00,0.165187,0.165974,0.161722,0.161769,0.164592,890054.02006122,151
2020-12-04 21:00:00,0.161769,0.163789,0.161769,0.163106,0.162693,450430.95097652,110
2020-12-04 22:00:00,0.163317,0.165961,0.163317,0.165961,0.164540,579764.41024971,99
2020-12-04 23:00:00,0.165974,0.168544,0.165201,0.167537,0.167129,503625.16227219,136
2020-12-05 00:00:00,0.167086,0.170530,0.167086,0.170450,0.169364,641552.87637806,133
2020-12-05 01:00:00,0.170397,0.173181,0.169640,0.171081,0.170653,577653.47598563,128
2020-12-05 02:00:00,0.170730,0.170730,0.168283,0.168829,0.169629,206551.68367403,65
2020-12-05 03:00:00,0.168695,0.174517,0.168695,0.174354,0.171958,428129.77265015,124
2020-12-05 04:00:00,0.174349,0.174349,0.172492,0.174324,0.173433,251207.16378314,71
2020-12-05 05:00:00,0.174177,0.176328,0.172986,0.176328,0.174488,377529.75634673,110
2020-12-05 06:00:00,0.174843,0.174843,0.172736,0.173852,0.173769,439525.75732559,79
2020-12-05 07:00:00,0.174287,0.174668,0.173049,0.173212,0.173357,152752.72798062,48
2020-12-05 08:00:00,0.173200,0.173920,0.170288,0.170854,0.171980,238994.49776518,95
2020-12-05 09:00:00,0.171017,0.172471,0.171017,0.172471,0.171483,172603.86147936,56
2020-12-05 10:00:00,0.172471,0.173513,0.171750,0.172104,0.172419,301411.40540026,86
2020-12-05 11:00:00,0.172104,0.173541,0.172060,0.172757,0.172634,697256.57483161,106
2020-12-05 12:00:00,0.172784,0.172968,0.171909,0.172968,0.172345,270977.52816589,59
2020-12-05 13:00:00,0.172968,0.173595,0.172728,0.172728,0.173237,128241.36287051,51
2020-12-05 14:00:00,0.172639,0.173481,0.172131,0.172392,0.172735,144272.68610743,53
2020-12-05 15:00:00,0.172392,0.172582,0.171316,0.172237,0.172087,131895.13342014,48
2020-12-05 16:00:00,0.172212,0.173067,0.172187,0.172187,0.172664,107974.61181598,41
2020-12-05 17:00:00,0.172000,0.172000,0.169443,0.169999,0.171098,390636.23643276,118
2020-12-05 18:00:00,0.169985,0.171507,0.169901,0.171507,0.170358,296282.36088866,94
2020-12-05 19:00:00,0.171507,0.180000,0.171507,0.179761,0.177370,1515403.18305902,345
2020-12-05 20:00:00,0.178958,0.179461,0.176278,0.176653,0.177874,1110320.45643038,199
2020-12-05 21:00:00,0.176900,0.176903,0.175298,0.176341,0.175877,149924.72090308,77
2020-12-05 22:00:00,0.176341,0.176341,0.174407,0.174797,0.175220,147881.61730854,80
2020-12-05 23:00:00,0.174851,0.176063,0.174303,0.175581,0.175284,193475.45817925,58
2020-12-06 00:00:00,0.175581,0.176985,0.175580,0.176985,0.176252,180504.49042491,55
2020-12-06 01:00:00,0.176512,0.176512,0.175358,0.175500,0.175772,114730.69996851,55
2020-12-06 02:00:00,0.175500,0.176899,0.175113,0.176388,0.175812,430122.24793747,104
2020-12-06 03:00:00,0.176674,0.176860,0.171299,0.171299,0.173122,522023.61767538,131
2020-12-06 04:00:00,0.171299,0.173020,0.169975,0.171355,0.171104,491672.42494071,114
2020-12-06 05:00:00,0.170605,0.171300,0.170000,0.170713,0.170600,199715.61943645,58
2020-12-06 06:00:00,0.170713,0.171490,0.169461,0.171490,0.170259,421750.30482363,85
2020-12-06 07:00:00,0.171409,0.171535,0.168860,0.169228,0.169992,556806.04231229,104
2020-12-06 08:00:00,0.169184,0.170211,0.167357,0.168965,0.168994,379130.24137981,91
2020-12-06 09:00:00,0.169576,0.172017,0.169576,0.171908,0.170683,288026.70513803,91
2020-12-06 10:00:00,0.171703,0.172132,0.170533,0.170679,0.170920,66209.76752735,50
2020-12-06 11:00:00,0.170642,0.172968,0.170642,0.171912,0.171872,180809.44801231,55
2020-12-06 12:00:00,0.172447,0.172777,0.171825,0.171825,0.172398,224284.88385735,83
2020-12-06 13:00:00,0.171479,0.172241,0.171191,0.171191,0.171577,155836.49094419,45
2020-12-06 14:00:00,0.171208,0.172778,0.170946,0.172778,0.171610,200969.30723835,81
2020-12-06 15:00:00,0.172853,0.173066,0.172498,0.172844,0.172768,361908.16159740,78
2020-12-06 16:00:00,0.172839,0.175001,0.172224,0.175001,0.173720,340964.03250431,76
2020-12-06 17:00:00,0.175001,0.175384,0.170896,0.171965,0.174092,1781201.61679050,241
2020-12-06 18:00:00,0.172237,0.176433,0.172237,0.176141,0.175161,1554525.83752854,228
2020-12-06 19:00:00,0.176253,0.176308,0.172348,0.172393,0.174149,365958.63496934,101
2020-12-06 20:00:00,0.173214,0.173424,0.171307,0.172144,0.172314,407569.00511308,92
2020-12-06 21:00:00,0.172539,0.173360,0.172017,0.173040,0.172540,153554.30655396,69
2020-12-06 22:00:00,0.172426,0.172947,0.171826,0.172852,0.172400,139041.86508709,50
2020-12-06 23:00:00,0.172666,0.172666,0.171146,0.171977,0.171476,128956.33819780,43
2020-12-07 00:00:00,0.171977,0.172664,0.171516,0.172415,0.172083,139559.79449760,29
2020-12-07 01:00:00,0.172517,0.173718,0.172517,0.173568,0.173054,179349.92985496,42
2020-12-07 02:00:00,0.173569,0.173857,0.172929,0.173023,0.173558,181416.61503208,51
2020-12-07 03:00:00,0.172832,0.172832,0.171587,0.171751,0.172007,127446.42760309,40
2020-12-07 04:00:00,0.171864,0.172002,0.170759,0.170759,0.171700,151632.65322732,37
2020-12-07 05:00:00,0.170773,0.171213,0.170282,0.170709,0.170811,131552.84240406,38
2020-12-07 06:00:00,0.170961,0.171600,0.169600,0.169770,0.170266,170529.55120271,54
2020-12-07 07:00:00,0.169797,0.172708,0.169797,0.172708,0.171482,299401.39119208,73
2020-12-07 08:00:00,0.171523,0.171679,0.170969,0.171381,0.171410,56107.50824871,41
2020-12-07 09:00:00,0.171141,0.171141,0.169671,0.170848,0.170397,230865.08469086,62
2020-12-07 10:00:00,0.170671,0.170806,0.169727,0.169902,0.169944,161347.05448936,35
2020-12-07 11:00:00,0.169917,0.170719,0.169800,0.169810,0.170140,489965.69829683,104
2020-12-07 12:00:00,0.169759,0.170253,0.169380,0.169523,0.169767,694437.81004801,98
2020-12-07 13:00:00,0.169686,0.169920,0.164800,0.166245,0.166952,2383610.17001143,292
2020-12-07 14:00:00,0.165780,0.167090,0.165780,0.167090,0.166708,291512.96924204,60
2020-12-07 15:00:00,0.166687,0.167910,0.165337,0.167337,0.167297,564344.96049963,78
2020-12-07 16:00:00,0.166652,0.168323,0.166466,0.167389,0.167605,543803.81665056,82
2020-12-07 17:00:00,0.167472,0.167582,0.166825,0.167363,0.167381,313642.13072436,75
2020-12-07 18:00:00,0.167363,0.168707,0.166941,0.167989,0.167669,416720.78193373,85
2020-12-07 19:00:00,0.167989,0.168104,0.166650,0.167689,0.167212,553108.72306554,80
2020-12-07 20:00:00,0.167730,0.167864,0.166303,0.167413,0.167123,297826.89840469,67
2020-12-07 21:00:00,0.167334,0.168312,0.166823,0.166823,0.167352,156951.43797750,40
2020-12-07 22:00:00,0.166820,0.166823,0.166025,0.166123,0.166230,103623.76270988,31
2020-12-07 23:00:00,0.166123,0.166783,0.165524,0.165524,0.165883,247717.05591606,81
2020-12-08 00:00:00,0.165507,0.166500,0.165419,0.165971,0.165803,168545.80149502,53
2020-12-08 01:00:00,0.166500,0.166500,0.165337,0.166262,0.165868,147043.97405975,103
